time_s,utc_iso,capture_id,capture_phase,command_active,q1_rad,q2_rad,q3_rad,q4_rad,q5_rad,q6_rad,qd1_rad_s,qd2_rad_s,qd3_rad_s,qd4_rad_s,qd5_rad_s,qd6_rad_s,tcp_x_m,tcp_y_m,tcp_z_m,tcp_rx_rad,tcp_ry_rad,tcp_rz_rad,tool_qw,tool_qx,tool_qy,tool_qz,r_base_sensor_00,r_base_sensor_01,r_base_sensor_02,r_base_sensor_10,r_base_sensor_11,r_base_sensor_12,r_base_sensor_20,r_base_sensor_21,r_base_sensor_22,raw_fx_n,raw_fy_n,raw_fz_n,raw_tx_nm,raw_ty_nm,raw_tz_nm,processed_fx_n,processed_fy_n,processed_fz_n,processed_tx_nm,processed_ty_nm,processed_tz_nm,r_sensor_tool_00,r_sensor_tool_01,r_sensor_tool_02,r_sensor_tool_10,r_sensor_tool_11,r_sensor_tool_12,r_sensor_tool_20,r_sensor_tool_21,r_sensor_tool_22,tool_to_sensor_x_m,tool_to_sensor_y_m,tool_to_sensor_z_m
0.000000402,2026-09-29T06:41:13.335+00:00,-1,idle,0,1.56828305267,0.778312126634,1.79425083093,0.528538057381,1.57310016141,0.785310896935,0,0,0,0,0,0,-0.114832809703,0.106816950608,0.729508005634,-1.62802553923,0.78460047768,-0.040645053115,0.692645601974,-0.721278071392,0.000111667315977,-3.64205111976e-05,0.70687637019,-0.707123590795,0.000156959951067,-0.268832609498,-0.268533492806,0.925383782783,-0.65373069787,-0.653586253361,-0.379774709435,-3.2939603789,-2.70000363395,-0.966233787659,0.400000892308,-0.39999914555,0.0999997025304,0,0,0,0,0,0,0.707,-0.707,0,0.664,0.664,0.342,-0.242,-0.242,0.94,0,-0.05,-0.4
0.200072798,2026-09-29T06:41:13.535+00:00,-1,idle,0,1.56830050596,0.778329579927,1.79425083093,0.528555510674,1.57310016141,0.785328350227,0,0,0,0,0,0,-0.114830922049,0.106818753043,0.72950774105,-1.62802967307,0.784602146722,-0.0406657516427,0.692658191041,-0.721265982372,0.000111637615053,-2.4361079384e-05,0.706869528566,-0.70713043451,0.000134873134702,-0.268797949499,-0.268522518375,0.925397042575,-0.653752347552,-0.653583357893,-0.379742406642,-3.29395980332,-2.6999987411,-0.975512468312,0.399999503311,-0.399999751327,0.100002835371,0,0,0,0,0,0,0.707,-0.707,0,0.664,0.664,0.342,-0.242,-0.242,0.94,0,-0.05,-0.4
0.400138977,2026-09-29T06:41:13.735+00:00,-1,idle,0,1.56828305267,0.778312126634,1.79425083093,0.528538057381,1.57310016141,0.785328350227,0,0,0,0,0,0,-0.114830749903,0.106818917415,0.729507716921,-1.62803005005,0.784602298927,-0.0406676392523,0.692645602265,-0.72127807039,0.000117961654557,-3.03760380442e-05,0.706864779731,-0.707135178308,0.000150990925195,-0.268833106595,-0.268532990797,0.925383784048,-0.653743025947,-0.653573922714,-0.379774708773,-3.29395247365,-2.70002213694,-0.963377082211,0.399998226882,-0.399997387913,0.100017393227,0,0,0,0,0,0,0.707,-0.707,0,0.664,0.664,0.342,-0.242,-0.242,0.94,0,-0.05,-0.4
0.600174917,2026-09-29T06:41:13.935+00:00,-1,idle,0,1.56828305267,0.778312126634,1.79423337764,0.528538057381,1.57310016141,0.785328350227,0,0,0,0,0,0,-0.114830734204,0.106818932405,0.729507714721,-1.62803008443,0.784602312807,-0.0406678113935,0.692639307917,-0.721284114817,0.000117976557754,-3.03612258653e-05,0.706864751072,-0.70713520696,0.00015097420675,-0.268844516441,-0.268544397782,0.925377155609,-0.653738364846,-0.653569204826,-0.379790859664,-3.29394401799,-2.70001389152,-0.970119826547,0.399997345944,-0.399998246065,0.100017484352,0,0,0,0,0,0,0.707,-0.707,0,0.664,0.664,0.342,-0.242,-0.242,0.94,0,-0.05,-0.4
0.800139896,2026-09-29T06:41:14.135+00:00,-1,idle,0,1.56828305267,0.778312126634,1.79426828422,0.528538057381,1.5731176147,0.785328350227,0,0,0,0,0,0,-0.114830732772,0.106818933772,0.72950771452,-1.62803008757,0.784602314073,-0.040667827092,0.692651897397,-0.721272026305,0.000111902200153,-2.40965865705e-05,0.706869034579,-0.707130928367,0.000134601570267,-0.268809368456,-0.268533914262,0.925390415369,-0.653748186525,-0.653578141494,-0.379758556224,-3.29399141171,-2.69997611244,-0.970324362636,0.39999444954,-0.40000283393,0.100010719321,0,0,0,0,0,0,0.707,-0.707,0,0.664,0.664,0.342,-0.242,-0.242,0.94,0,-0.05,-0.4
1.000133457,2026-09-29T06:41:14.335+00:00,-1,idle,0,1.56828305267,0.778312126634,1.79425083093,0.528538057381,1.57310016141,0.785328350227,0,0,0,0,0,0,-0.114830732641,0.106818933897,0.729507714502,-1.62803008785,0.784602314188,-0.0406678285236,0.692645602265,-0.72127807039,0.000117961654557,-3.03760380442e-05,0.706864779731,-0.707135178308,0.000150990925195,-0.268833106595,-0.268532990797,0.925383784048,-0.653743025947,-0.653573922714,-0.379774708773,-3.29398352826,-2.70841012133,-0.998883990817,0.399993408483,-0.400002181117,0.100017493797,0,0,0,0,0,0,0.707,-0.707,0,0.664,0.664,0.342,-0.242,-0.242,0.94,0,-0.05,-0.4
1.200111321,2026-09-29T06:41:14.535+00:00,-1,idle,0,1.56828305267,0.778312126634,1.79426828422,0.528555510674,1.57310016141,0.785328350227,0,0,0,0,0,0,-0.11483073263,0.106818933908,0.7295077145,-1.62803008788,0.784602314199,-0.0406678286542,0.692658190802,-0.72126598137,0.000117931848136,-3.04056623953e-05,0.706864837049,-0.707135121004,0.000151024359962,-0.268810286659,-0.26851017658,0.92539704008,-0.653752347552,-0.653583357893,-0.379742406642,-3.26783614292,-2.70589541669,-1.00459483091,0.399998202162,-0.399997387433,0.100017494006,0,0,0,0,0,0,0.707,-0.707,0,0.664,0.664,0.342,-0.242,-0.242,0.94,0,-0.05,-0.4
1.400120008,2026-09-29T06:41:14.735+00:00,-1,idle,0,1.56828305267,0.778329579927,1.79425083093,0.528538057381,1.57310016141,0.785310896935,0,0,0,0,0,0,-0.114830732628,0.106818933909,0.7295077145,-1.62803008788,0.7846023142,-0.0406678286661,0.692651896268,-0.721272026909,0.000111652465519,-3.64353783023e-05,0.706876398848,-0.707123562143,0.000156976668804,-0.268821199786,-0.268522085523,0.92539041094,-0.653735358763,-0.653590971058,-0.379758558427,-3.28374597345,-2.70775568162,-1.00919107663,0.399999232247,-0.399999746089,0.100003940543,0,0,0,0,0,0,0.707,-0.707,0,0.664,0.664,0.342,-0.242,-0.242,0.94,0,-0.05,-0.4
1.600156200,2026-09-29T06:41:14.935+00:00,-1,idle,0,1.56828305267,0.778312126634,1.79423337764,0.528538057381,1.57310016141,0.785310896935,0,0,0,0,0,0,-0.114830732628,0.10681893391,0.7295077145,-1.62803008788,0.7846023142,-0.0406678286672,0.692639307626,-0.721284115819,0.000111682166426,-3.640564409e-05,0.706876341531,-0.707123619447,0.000156943232621,-0.268844019129,-0.268544900006,0.925377154344,-0.653726036779,-0.653581535465,-0.379790860326,-3.29405633742,-2.7025656229,-0.983022748553,0.399999232247,-0.399999746089,0.100003940543,0,0,0,0,0,0,0.707,-0.707,0,0.664,0.664,0.342,-0.242,-0.242,0.94,0,-0.05,-0.4
1.800135105,2026-09-29T06:41:15.135+00:00,-1,idle,0,1.56828305267,0.778294673342,1.79425083093,0.528538057381,1.57310016141,0.785328350227,0,0,0,0,0,0,-0.114830732628,0.10681893391,0.7295077145,-1.62803008788,0.7846023142,-0.0406678286673,0.692639307917,-0.721284114817,0.000117976557754,-3.03612258653e-05,0.706864751072,-0.70713520696,0.00015097420675,-0.268844516442,-0.268544397782,0.925377155609,-0.653738364846,-0.653569204826,-0.379790859664,-3.29393713031,-2.70008178101,-0.967041592332,0.400004701902,-0.399992582537,0.100010715254,0,0,0,0,0,0,0.707,-0.707,0,0.664,0.664,0.342,-0.242,-0.242,0.94,0,-0.05,-0.4
2.000165105,2026-09-29T06:41:15.335+00:00,-1,settling,0,1.56828305267,0.778312126634,1.79425083093,0.528538057381,1.57310016141,0.785310896935,0,0,0,0,0,0,-0.114830732628,0.10681893391,0.7295077145,-1.62803008788,0.7846023142,-0.0406678286673,0.692645601974,-0.721278071392,0.000111667315977,-3.64205111976e-05,0.70687637019,-0.707123590795,0.000156959951067,-0.268832609498,-0.268533492806,0.925383782783,-0.65373069787,-0.653586253361,-0.379774709435,-3.29395118626,-2.69999044267,-0.964259329838,0.399998373834,-0.40000060462,0.100003940059,0,0,0,0,0,0,0.707,-0.707,0,0.664,0.664,0.342,-0.242,-0.242,0.94,0,-0.05,-0.4
2.200148818,2026-09-29T06:41:15.535+00:00,-1,idle,1,1.56828305267,0.778469206267,1.7936050591,0.528764950184,1.57310016141,0.785310896935,-0.000453785605519,0.00919788515801,-0.0228987197862,0.0137008346282,0.000453785605519,-1.74532925199e-05,-0.114830724603,0.106818755552,0.729978372602,-1.62802888297,0.784602348979,-0.0406669834572,0.692551181223,-0.721368732035,0.000111890071824,-3.61975042942e-05,0.706875940334,-0.707124020556,0.000156709100047,-0.269003745421,-0.268704592161,0.925284326599,-0.653660760584,-0.653515464013,-0.380016960663,-3.27097173635,-2.70020905487,-1.0336215658,0.400016282574,-0.39997930379,0.100017503514,0,0,0,0,0,0,0.707,-0.707,0,0.664,0.664,0.342,-0.242,-0.242,0.94,0,-0.05,-0.4
2.400146337,2026-09-29T06:41:15.735+00:00,-1,idle,1,1.56823069279,0.780685774417,1.78819453842,0.532028715885,1.5731176147,0.785328350227,-0.000610865238198,0.0126361837844,-0.0313984732434,0.0187797427515,0.000610865238198,-1.74532925199e-05,-0.114830695294,0.106818133394,0.731759717908,-1.62802430564,0.784602481053,-0.0406637727253,0.692576361515,-0.721344553282,0.000130966453483,-4.20498141079e-05,0.706854607718,-0.707145338775,0.000182850073762,-0.268983293511,-0.268633767855,0.925310850573,-0.653692245143,-0.653521513507,-0.379952360668,-3.27377511336,-2.70015505515,-0.980565128486,0.400021159164,-0.399982893106,0.0999836398496,0,0,0,0,0,0,0.707,-0.707,0,0.664,0.664,0.342,-0.242,-0.242,0.94,0,-0.05,-0.4
2.600139745,2026-09-29T06:41:15.935+00:00,-1,idle,1,1.56814342633,0.783373581465,1.78161464714,0.536112786335,1.57313506799,0.785328350227,-0.000628318530718,0.0129852496348,-0.0322362312843,0.0192509816495,0.000628318530718,-1.74532925199e-05,-0.114830664723,0.106817567595,0.733728727402,-1.62801921473,0.784602627851,-0.040660201977,0.692645600957,-0.72127806198,0.000156227370363,-6.61431905115e-05,0.706835692262,-0.707164226342,0.000247386730093,-0.268907145617,-0.268458915635,0.925383764569,-0.653744025732,-0.653572924468,-0.379774705677,-3.27174131501,-2.70806626806,-0.989350032774,0.400008675871,-0.400002140809,0.0999565774218,0,0,0,0,0,0,0.707,-0.707,0,0.664,0.664,0.342,-0.242,-0.242,0.94,0,-0.05,-0.4
2.800066864,2026-09-29T06:41:16.135+00:00,-1,idle,1,1.56800379999,0.786043935221,1.77513947562,0.539987417275,1.57322233446,0.785328350227,-0.000610865238198,0.0130725160974,-0.0323758576245,0.0193207948196,0.000610865238198,-1.74532925199e-05,-0.114830635993,0.10681703639,0.735715085771,-1.62801404444,0.78460277687,-0.0406565757868,0.692670779027,-0.721253876175,0.000176295070111,-8.30916352022e-05,0.706819410085,-0.707180482496,0.000294638587329,-0.268898558881,-0.268376202818,0.925410264931,-0.653765161628,-0.653589304486,-0.379710093029,-3.27182506848,-2.72693000212,-0.999767864351,0.400010996995,-0.400008270297,0.0999227540198,0,0,0,0,0,0,0.707,-0.707,0,0.664,0.664,0.342,-0.242,-0.242,0.94,0,-0.05,-0.4
3.000172233,2026-09-29T06:41:16.335+00:00,-1,idle,1,1.56786417365,0.788696835684,1.76866430409,0.543809688336,1.57341432067,0.785310896935,-0.000610865238198,0.013124875975,-0.0324631240871,0.0193557014046,0.000610865238198,-1.74532925199e-05,-0.114830609375,0.10681651933,0.737702627949,-1.62800883569,0.784602926939,-0.040652922836,0.69267078771,-0.721253874527,0.00015386208607,-6.82587134957e-05,0.706839964992,-0.707159954882,0.000249352470528,-0.268861150978,-0.268413607415,0.925410285515,-0.653758323377,-0.653596154797,-0.379710075303,-3.25691202362,-2.75380224073,-1.01708734503,0.400006246717,-0.400006225081,0.0999499538641,0,0,0,0,0,0,0.707,-0.707,0,0.664,0.664,0.342,-0.242,-0.242,0.94,0,-0.05,-0.4
3.200140207,2026-09-29T06:41:16.535+00:00,-1,idle,1,1.56770709402,0.791297376269,1.76217167928,0.547719225861,1.5735888536,0.785310896935,-0.000610865238198,0.0131946891451,-0.0325678438422,0.0193906079897,0.000610865238198,-1.74532925199e-05,-0.114830584829,0.106816012278,0.739690620017,-1.62800358984,0.78460307802,-0.0406492440563,0.692677089461,-0.721247824021,0.00015004394265,-5.9738054811e-05,0.706840043334,-0.707159882907,0.000230675389154,-0.268837490921,-0.268414427638,0.92541692475,-0.653767968484,-0.653595895828,-0.379693905896,-3.27670587077,-2.72513960045,-1.01782297778,0.4000036973,-0.400003671964,0.0999703723862,0,0,0,0,0,0,0.707,-0.707,0,0.664,0.664,0.342,-0.242,-0.242,0.94,0,-0.05,-0.4
3.400129831,2026-09-29T06:41:16.735+00:00,-1,idle,1,1.56761982756,0.793967730025,1.75576632092,0.55166366997,1.57378083982,0.785310896935,-0.000593411945678,0.0132470490226,-0.0326551103048,0.0194255145747,0.000593411945678,-1.74532925199e-05,-0.114830562308,0.106815514988,0.741678344904,-1.62799830826,0.784603230076,-0.0406455403994,0.692752624566,-0.72117528212,0.000114793867798,-2.09553563998e-05,0.706863514749,-0.707136446743,0.000131219706592,-0.268626633868,-0.268351459915,0.925496455085,-0.653829261424,-0.653647106357,-0.379500058506,-3.29913133547,-2.7215738,-1.00347982414,0.399987000282,-0.400011880884,0.10000432766,0,0,0,0,0,0,0.707,-0.707,0,0.664,0.664,0.342,-0.242,-0.242,0.94,0,-0.05,-0.4
3.600141446,2026-09-29T06:41:16.935+00:00,-1,idle,1,1.56748020122,0.796655537073,1.74913406976,0.555573207495,1.57388555957,0.785310896935,-0.000593411945678,0.0132994089002,-0.0327249234749,0.0194429678672,0.000593411945678,-1.74532925199e-05,-0.114830541751,0.106815027243,0.74366578803,-1.62799299051,0.784603383118,-0.0406418115246,0.692740041849,-0.721187365952,0.000128908316332,-3.15185623829e-05,0.706851287756,-0.70714866244,0.000161962904742,-0.268674181376,-0.268349523528,0.925483207597,-0.653822943356,-0.653634685762,-0.379532352011,-3.26332557286,-2.73558926759,-1.00620531214,0.39998390521,-0.400014957582,0.100004400289,0,0,0,0,0,0,0.707,-0.707,0,0.664,0.664,0.342,-0.242,-0.242,0.94,0,-0.05,-0.4
3.800067396,2026-09-29T06:41:17.135+00:00,-1,idle,1,1.56734057488,0.799273530951,1.74248436531,0.559552558189,1.5740600925,0.785293443642,-0.000593411945678,0.0133692220703,-0.03282964323,0.0194778744523,0.000593411945678,-1.74532925199e-05,-0.114830523097,0.106814548489,0.74565363493,-1.6279876342,0.784603537217,-0.0406380557567,0.692721169456,-0.721205496505,0.000112571942633,-2.29286225147e-05,0.706867510813,-0.707132451863,0.000133024183388,-0.268683330738,-0.268408814951,0.925463347066,-0.653801644186,-0.653627878521,-0.379580789217,-3.27034310471,-2.71100146366,-0.998076998896,0.399992146241,-0.400005000592,0.100011265566,0,0,0,0,0,0,0.707,-0.707,0,0.664,0.664,0.342,-0.242,-0.242,0.94,0,-0.05,-0.4
4.000142496,2026-09-29T06:41:17.335+00:00,-1,idle,1,1.56718349524,0.801839164951,1.73590447403,0.563409735836,1.57418226554,0.785293443642,-0.000575958653158,0.0134215819478,-0.0329343629851,0.0195127810373,0.000575958653158,-1.74532925199e-05,-0.114830506297,0.106814079262,0.747640958394,-1.62798224132,0.784603692316,-0.0406342744596,0.69266452979,-0.72125989208,0.000127092937153,-3.30841593576e-05,0.706854517328,-0.707145433897,0.000163337130826,-0.268810758643,-0.268486717178,0.925403713039,-0.653763311429,-0.653581837277,-0.379726139758,-3.24250968528,-2.72318225238,-1.02197127793,0.400001839227,-0.399993590553,0.100018132983,0,0,0,0,0,0,0.707,-0.707,0,0.664,0.664,0.342,-0.242,-0.242,0.94,0,-0.05,-0.4
4.200150494,2026-09-29T06:41:17.535+00:00,-1,idle,1,1.56711368207,0.804544425292,1.72920240971,0.567179647021,1.57432189188,0.785293443642,-0.000575958653158,0.0134739418254,-0.0330041761552,0.0195302343298,0.000575958653158,-1.74532925199e-05,-0.114830491293,0.106813619055,0.749628381187,-1.62797680964,0.784603848479,-0.0406304660547,0.692582709302,-0.721338464158,0.000104200662587,-6.61962151869e-06,0.706869015059,-0.707130954111,9.6375773483e-05,-0.268909804241,-0.268684275253,0.925317549561,-0.653706901242,-0.653516314999,-0.379936077764,-3.26321374369,-2.72734510279,-1.0026158492,0.400008591442,-0.399983428701,0.100031766609,0,0,0,0,0,0,0.707,-0.707,0,0.664,0.664,0.342,-0.242,-0.242,0.94,0,-0.05,-0.4
4.400135668,2026-09-29T06:41:17.735+00:00,-1,idle,1,1.56695660244,0.80730204551,1.72258761184,0.571158997715,1.57444406493,0.785293443642,-0.000575958653158,0.0135437549955,-0.0331088959103,0.0195825942074,0.000575958653158,-1.74532925199e-05,-0.114830478033,0.106813167932,0.751615739035,-1.62797133905,0.78460400571,-0.0406266304479,0.692626778026,-0.72129614726,0.000118385569016,-1.71131442339e-05,0.706856660381,-0.707143299156,0.00012706042676,-0.268854670715,-0.268579664466,0.925363963449,-0.653742937024,-0.653545957293,-0.379823010106,-3.27448484732,-2.72416351473,-1.00236690399,0.400010405013,-0.399981598055,0.100031834392,0,0,0,0,0,0,0.707,-0.707,0,0.664,0.664,0.342,-0.242,-0.242,0.94,0,-0.05,-0.4
4.600075066,2026-09-29T06:41:17.935+00:00,-1,idle,1,1.56683442939,0.810007305851,1.71593790739,0.57506853524,1.57453133139,0.785293443642,-0.000558505360638,0.013596114873,-0.0331961623729,0.0196175007924,0.000558505360638,-1.74532925199e-05,-0.114830466469,0.10681272574,0.753602954208,-1.62796582919,0.784604164019,-0.0406227673757,0.692614193378,-0.721308228746,0.000132272742613,-2.79033232959e-05,0.706844853113,-0.707155095206,0.00015803195112,-0.268902205724,-0.26857773329,0.925350704919,-0.653736152729,-0.65353398726,-0.379855298675,-3.27423669981,-2.73315163907,-0.95837496838,0.400012441669,-0.399988015972,0.0999980218925,0,0,0,0,0,0,0.707,-0.707,0,0.664,0.664,0.342,-0.242,-0.242,0.94,0,-0.05,-0.4
4.800075087,2026-09-29T06:41:18.135+00:00,-1,idle,1,1.56671225635,0.812712566191,1.70942782928,0.578960619472,1.57463605115,0.785293443642,-0.000558505360638,0.0136484747506,-0.0332834288355,0.0196349540849,0.000558505360638,-1.74532925199e-05,-0.114830456548,0.106812293129,0.755589710991,-1.62796028038,0.784604323399,-0.0406188770431,0.6926456711,-0.721278000261,0.000139947728269,-3.25677767683e-05,0.706837592289,-0.707162349324,0.000172784096058,-0.268857542376,-0.268508286787,0.925383853338,-0.653762372758,-0.653554673784,-0.379774530646,-3.28031496102,-2.7274864185,-0.983015548539,0.400003621977,-0.399995125463,0.100004863906,0,0,0,0,0,0,0.707,-0.707,0,0.664,0.664,0.342,-0.242,-0.242,0.94,0,-0.05,-0.4
5.000080545,2026-09-29T06:41:18.335+00:00,-1,idle,1,1.56660753659,0.815557452872,1.70270831166,0.583009783336,1.5747407709,0.78527599035,-0.000558505360638,0.0137182879207,-0.0333706952981,0.01966986067,0.000558505360638,-1.74532925199e-05,-0.114830448225,0.1068118686,0.757576763938,-1.62795468991,0.784604483926,-0.0406149575325,0.692708617065,-0.721217548489,0.000134902716365,-3.73652824716e-05,0.706846866509,-0.707153078076,0.000177500838435,-0.268742990867,-0.268394645011,0.925450126991,-0.653799443381,-0.653611382013,-0.379613001551,-3.27021433744,-2.7213015995,-0.981429822054,0.399991619758,-0.400003725454,0.100018470992,0,0,0,0,0,0,0.707,-0.707,0,0.664,0.664,0.342,-0.242,-0.242,0.94,0,-0.05,-0.4
5.200163446,2026-09-29T06:41:18.535+00:00,-1,idle,1,1.56648536354,0.81831507309,1.69595388746,0.586971680738,1.57486294395,0.785258537057,-0.000541052068118,0.0137706477982,-0.0334754150533,0.019704767255,0.000541052068118,-1.74532925199e-05,-0.114830441451,0.106811452643,0.759564172402,-1.62794905699,0.784604645625,-0.0406110082722,0.692696036319,-0.721229632316,0.000130401601283,-4.16169161791e-05,0.706855112679,-0.707144834334,0.000181635175697,-0.268765373947,-0.26841787674,0.925436882015,-0.653781326933,-0.653610760867,-0.379645287624,-3.25354238755,-2.72659051796,-0.995908496456,0.400004145088,-0.3999962632,0.099998220643,0,0,0,0,0,0,0.707,-0.707,0,0.664,0.664,0.342,-0.242,-0.242,0.94,0,-0.05,-0.4
5.400071181,2026-09-29T06:41:18.735+00:00,-1,idle,0,1.56638064379,0.821090146601,1.68919946325,0.590776498508,1.574985117,0.785258537057,-0.000541052068118,0.0138055543833,-0.0334928683458,0.019704767255,0.000541052068118,-1.74532925199e-05,-0.114830436176,0.106811045983,0.761552293769,-1.62794337994,0.784604808543,-0.0406070280805,0.692633102855,-0.721290071884,0.000126114280865,-3.35619827026e-05,0.706856050817,-0.707143901019,0.000163410953572,-0.26886719459,-0.268544205546,0.925370619128,-0.653738445479,-0.653559877073,-0.37980678055,-3.25380494627,-2.73625302512,-0.991510905859,0.400015415563,-0.399986665745,0.0999915263023,0,0,0,0,0,0,0.707,-0.707,0,0.664,0.664,0.342,-0.242,-0.242,0.94,0,-0.05,-0.4
5.600141887,2026-09-29T06:41:18.935+00:00,-1,idle,0,1.56632828391,0.822643489635,1.6853422856,0.593027973243,1.57505493017,0.785241083765,-5.23598775598e-05,0.00151843644924,-0.00370009801423,0.00216420827247,5.23598775598e-05,0,-0.114830433608,0.106811037665,0.762412586847,-1.62794091193,0.784604879295,-0.0406052977517,0.692614223823,-0.721308202344,0.000114605715878,-3.2480315331e-05,0.706870316516,-0.707129643357,0.000152118944883,-0.268888620649,-0.268591221463,0.925350737629,-0.653714207673,-0.653555983248,-0.379855221405,-3.30556284561,-2.72869121002,-0.987895675252,0.400014672316,-0.400162137926,0.100018692596,0,0,0,0,0,0,0.707,-0.707,0,0.664,0.664,0.342,-0.242,-0.242,0.94,0,-0.05,-0.4
5.800123841,2026-09-29T06:41:19.135+00:00,-1,idle,1,1.56629337732,0.82246895671,1.68576116462,0.593027973243,1.57505493017,0.785258537057,0.000383972435439,-0.00972148393361,0.0235793981944,-0.0138579142608,-0.000383972435439,0,-0.114830434327,0.106811134178,0.762021503587,-1.62794203585,0.784604847043,-0.0406060857346,0.692702341945,-0.721223575759,0.000133113516878,-3.89053350069e-05,0.706850058579,-0.707149887031,0.000178869404339,-0.26875405149,-0.268406336381,0.925443520796,-0.653791445719,-0.653610033478,-0.379629105605,-3.29390731821,-2.74118234144,-0.9804034439,0.400001647905,-0.400019839539,0.0999915587636,0,0,0,0,0,0,0.707,-0.707,0,0.664,0.664,0.342,-0.242,-0.242,0.94,0,-0.05,-0.4
6.000147886,2026-09-29T06:41:19.335+00:00,-1,idle,1,1.56629337732,0.820095308927,1.69157311103,0.589746754249,1.57505493017,0.785241083765,0.000523598775598,-0.0134215819478,0.0326027504273,-0.0191811684794,-0.000523598775598,1.74532925199e-05,-0.114830438821,0.106811458958,0.760248726231,-1.62794710858,0.784604701492,-0.0406096422428,0.69275898368,-0.72116917049,0.000126578411029,-4.51956103791e-05,0.706862111451,-0.707137837462,0.000185107431709,-0.268650859513,-0.268304163362,0.925503139309,-0.653820824904,-0.653665017232,-0.379483734651,-3.28391217489,-2.71294801189,-1.00448282455,0.399985606812,-0.400014655466,0.0999982990137,0,0,0,0,0,0,0.707,-0.707,0,0.664,0.664,0.342,-0.242,-0.242,0.94,0,-0.05,-0.4
6.200167099,2026-09-29T06:41:19.535+00:00,-1,idle,1,1.56632828391,0.817320235416,1.6984148017,0.585592870629,1.57505493017,0.785241083765,0.000558505360638,-0.0137008346282,0.0333357887131,-0.0196349540849,-0.000541052068118,1.74532925199e-05,-0.114830444752,0.106811929337,0.758281153193,-1.62795270041,0.784604540967,-0.0406135626909,0.692727517055,-0.721199398921,0.00011412513086,-3.29689527204e-05,0.706871233865,-0.707128726228,0.000152653001035,-0.26868324003,-0.268385888623,0.92547002581,-0.653797656207,-0.653641323152,-0.379564497845,-3.26716123401,-2.72720016501,-1.02450483433,0.3999855316,-0.400016553764,0.099991501599,0,0,0,0,0,0,0.707,-0.707,0,0.664,0.664,0.342,-0.242,-0.242,0.94,0,-0.05,-0.4
6.400151370,2026-09-29T06:41:19.735+00:00,-1,idle,1,1.56632828391,0.814527708613,1.70515177261,0.58157861335,1.57500257029,0.785241083765,0.000558505360638,-0.0136659280431,0.0333008821281,-0.0196349540849,-0.000558505360638,1.74532925199e-05,-0.114830452156,0.106812441162,0.756295670565,-1.62795830201,0.784604380104,-0.0406174900086,0.69270233788,-0.721223578994,0.000132366902021,-5.17418890047e-05,0.706858350199,-0.70714159268,0.000201752573894,-0.268765869847,-0.268394531224,0.92544351237,-0.653777622712,-0.653623854759,-0.379629114675,-3.29099165892,-2.70723113041,-1.00801377771,0.39999285075,-0.400010934957,0.0999847092331,0,0,0,0,0,0,0.707,-0.707,0,0.664,0.664,0.342,-0.242,-0.242,0.94,0,-0.05,-0.4
6.600156660,2026-09-29T06:41:19.935+00:00,-1,idle,1,1.56643300366,0.811787541688,1.71159203755,0.57756435607,1.57491530383,0.785241083765,0.000558505360638,-0.0136135681656,0.0332136156655,-0.0196000474999,-0.000558505360638,1.74532925199e-05,-0.114830461144,0.106812967015,0.754308586082,-1.62796386714,0.784604220238,-0.0406213917796,0.692589035847,-0.721332384942,0.000125295658514,-4.64661738135e-05,0.706864464757,-0.707135484741,0.000186349064066,-0.268958866399,-0.268612261689,0.925324201338,-0.65369163728,-0.653541015615,-0.379919843774,-3.27919081012,-2.72405018496,-0.981587417808,0.400018373552,-0.399985420989,0.0999846718822,0,0,0,0,0,0,0.707,-0.707,0,0.664,0.664,0.342,-0.242,-0.242,0.94,0,-0.05,-0.4
6.800141660,2026-09-29T06:41:20.135+00:00,-1,idle,1,1.5665900833,0.80909973464,1.71834646176,0.573672271838,1.57472331761,0.785258537057,0.000575958653158,-0.013561208288,0.0331263492029,-0.0195825942074,-0.000575958653158,1.74532925199e-05,-0.114830471778,0.1068135027,0.752321202332,-1.62796939264,0.784604061461,-0.0406252658141,0.692651968855,-0.721271950813,0.000141172016435,-5.55217276589e-05,0.706849107771,-0.707150827151,0.000215776690815,-0.26886985405,-0.268473140373,0.925390477071,-0.653744858815,-0.653581579115,-0.379758368422,-3.26485702164,-2.73826209232,-0.999887720525,0.400001525174,-0.400002296942,0.099984564278,0,0,0,0,0,0,0.707,-0.707,0,0.664,0.664,0.342,-0.242,-0.242,0.94,0,-0.05,-0.4
7.000152077,2026-09-29T06:41:20.335+00:00,-1,idle,1,1.56678206952,0.806429380884,1.72510088596,0.569815094191,1.57454878469,0.785258537057,0.000575958653158,-0.0134913951179,0.0330216294477,-0.0195476876223,-0.000575958653158,1.74532925199e-05,-0.114830484109,0.10681404782,0.750333539704,-1.62797487902,0.784603903759,-0.040629112486,0.692733779995,-0.721193378975,0.000132071158098,-5.2288280777e-05,0.706859050777,-0.707140892163,0.000202521756522,-0.268709101134,-0.268337301985,0.925476609657,-0.653800199834,-0.653648109455,-0.379548421104,-3.28906445344,-2.73108221441,-0.984565478598,0.399980700273,-0.400019764136,0.0999979924974,0,0,0,0,0,0,0.707,-0.707,0,0.664,0.664,0.342,-0.242,-0.242,0.94,0,-0.05,-0.4
7.200074854,2026-09-29T06:41:20.535+00:00,-1,idle,1,1.56695660244,0.803724120543,1.73168077724,0.565853196789,1.57437425176,0.785258537057,0.000575958653158,-0.0134390352404,0.0329518162777,-0.0195127810373,-0.000575958653158,1.74532925199e-05,-0.114830498185,0.106814602411,0.748345962254,-1.62798032586,0.784603747142,-0.0406329315078,0.692702302067,-0.721223613661,0.000129701374545,-5.46563425991e-05,0.706863461085,-0.707136482893,0.000204928851138,-0.268766071993,-0.268394460722,0.925443474089,-0.653772013723,-0.653629411835,-0.379629206292,-3.273201992,-2.7279995474,-0.992074598994,0.399984467772,-0.400016019625,0.0999979018711,0,0,0,0,0,0,0.707,-0.707,0,0.664,0.664,0.342,-0.242,-0.242,0.94,0,-0.05,-0.4
7.400158829,2026-09-29T06:41:20.735+00:00,-1,idle,1,1.56713113537,0.801106126665,1.73822576194,0.561926205972,1.57419971884,0.785258537057,0.000593411945678,-0.0133866753628,0.0328645498151,-0.0194953277448,-0.000593411945678,1.74532925199e-05,-0.114830514061,0.106815166474,0.746358317733,-1.62798573413,0.784603591583,-0.0406367235837,0.692702292999,-0.72122362262,0.000127212651121,-5.71450747723e-05,0.706868100304,-0.707131844695,0.000207469217775,-0.268765988917,-0.268394578363,0.925443464093,-0.653767031881,-0.653634381381,-0.379629229281,-3.28473785784,-2.71815573635,-1.00854962441,0.399984065987,-0.400019833842,0.0999842501755,0,0,0,0,0,0,0.707,-0.707,0,0.664,0.664,0.342,-0.242,-0.242,0.94,0,-0.05,-0.4
7.600079511,2026-09-29T06:41:20.935+00:00,-1,idle,1,1.56721840183,0.798418319617,1.74477074663,0.557981761863,1.57407754579,0.785258537057,0.000593411945678,-0.0133168621927,0.0327598300599,-0.0194429678672,-0.000593411945678,1.74532925199e-05,-0.114830531788,0.106815740276,0.744370717971,-1.62799110409,0.784603437074,-0.0406404889052,0.692670815981,-0.721253850303,0.000138163200065,-7.08704420347e-05,0.70686176157,-0.707138170242,0.000241432704426,-0.268847654613,-0.26842701612,0.925410317292,-0.653740306727,-0.653614217413,-0.379710002974,-3.27272825154,-2.725484291,-0.983152793892,0.399998051738,-0.400009249905,0.099970642642,0,0,0,0,0,0,0.707,-0.707,0,0.664,0.664,0.342,-0.242,-0.242,0.94,0,-0.05,-0.4
7.800064849,2026-09-29T06:41:21.135+00:00,-1,idle,1,1.56735802817,0.795678152692,1.75131573133,0.554037317753,1.57395537274,0.78527599035,0.000593411945678,-0.0132645023152,0.0326900168899,-0.0194255145747,-0.000593411945678,1.74532925199e-05,-0.114830551422,0.106816323586,0.74238308842,-1.62799643646,0.784603283594,-0.0406442280072,0.692620456782,-0.721302211662,0.000136579179996,-6.03631560176e-05,0.706857804156,-0.707142132787,0.000220911732705,-0.268927030801,-0.2685301956,0.925357290274,-0.653711937178,-0.653567546692,-0.379839224587,-3.26163017314,-2.74068509297,-0.972888569953,0.400000732343,-0.400008278074,0.099963805407,0,0,0,0,0,0,0.707,-0.707,0,0.664,0.664,0.342,-0.242,-0.242,0.94,0,-0.05,-0.4
8.000079490,2026-09-29T06:41:21.335+00:00,-1,idle,1,1.56749765451,0.792972892351,1.75777344956,0.550337219739,1.57383319969,0.785293443642,0.000610865238198,-0.0132121424376,0.0326027504273,-0.0194080612822,-0.000610865238198,1.74532925199e-05,-0.114830573023,0.106816916828,0.740395196745,-1.62800173239,0.784603131108,-0.0406479417108,0.692639335386,-0.721284084398,0.00013476883795,-5.0085389769e-05,0.706854285733,-0.707145655809,0.000200646739903,-0.268880902191,-0.268507895413,0.925377176219,-0.65373471621,-0.653572896907,-0.379790786452,-3.28097394858,-2.72575647223,-0.982792655095,0.400006339954,-0.399997611882,0.0999840451225,0,0,0,0,0,0,0.707,-0.707,0,0.664,0.664,0.342,-0.242,-0.242,0.94,0,-0.05,-0.4
8.200065950,2026-09-29T06:41:21.535+00:00,-1,idle,1,1.56763728085,0.790337445181,1.76410899475,0.546357869044,1.57371102665,0.785293443642,0.000610865238198,-0.01315978256,0.0325154839647,-0.0193731546971,-0.000610865238198,1.74532925199e-05,-0.114830596647,0.106817520039,0.738407228253,-1.62800699191,0.784602979615,-0.0406516300435,0.692538613806,-0.72138079416,0.000127023548541,-4.5489814883e-05,0.706861663538,-0.70713828498,0.000185946114938,-0.269051048942,-0.268702820895,0.925271080398,-0.653656730772,-0.653500757428,-0.380049198397,-3.26712078768,-2.7328759434,-0.976918813697,0.400019305364,-0.399979579495,0.100004310489,0,0,0,0,0,0,0.707,-0.707,0,0.664,0.664,0.342,-0.242,-0.242,0.94,0,-0.05,-0.4
8.400075660,2026-09-29T06:41:21.735+00:00,-1,idle,1,1.5677594539,0.787754357888,1.77063652615,0.542500691397,1.5735888536,0.785293443642,0.000610865238198,-0.0131074226825,0.0324282175021,-0.0193382481121,-0.000610865238198,1.74532925199e-05,-0.114830622354,0.106818133296,0.736419152801,-1.62801221558,0.7846028291,-0.0406552934308,0.692570083943,-0.721350581144,0.000125172251632,-4.73417626747e-05,0.706865120422,-0.70713482893,0.000187846439766,-0.268993944673,-0.268645872835,0.925304236426,-0.653676494346,-0.653527909674,-0.379968465488,-3.27015252787,-2.73567071572,-0.984993778062,0.400013141229,-0.399990844153,0.0999839098662,0,0,0,0,0,0,0.707,-0.707,0,0.664,0.664,0.342,-0.242,-0.242,0.94,0,-0.05,-0.4
8.600069159,2026-09-29T06:41:21.935+00:00,-1,idle,1,1.56789908024,0.785101457425,1.7772862306,0.538818046676,1.57346668055,0.785293443642,0.000628318530718,-0.0130550628049,0.032358404332,-0.0193207948196,-0.000628318530718,1.74532925199e-05,-0.114830650206,0.106818756706,0.734431029097,-1.62801740374,0.78460267955,-0.0406589321277,0.69268337984,-0.721241790087,0.000116811332107,-4.33661810938e-05,0.706873686593,-0.707126269501,0.000173838884305,-0.268776176686,-0.268452969523,0.925423558447,-0.653756803443,-0.653616433496,-0.379677767656,-3.26936924364,-2.73546366033,-1.01401407503,0.399989052141,-0.400014957413,0.0999838127228,0,0,0,0,0,0,0.707,-0.707,0,0.664,0.664,0.342,-0.242,-0.242,0.94,0,-0.05,-0.4
8.800065636,2026-09-29T06:41:22.135+00:00,-1,idle,1,1.56805615987,0.782483463547,1.78374394883,0.534838695981,1.57329214763,0.785293443642,0.000628318530718,-0.0129852496348,0.0322711378694,-0.0192858882345,-0.000628318530718,1.74532925199e-05,-0.114830680273,0.106819390437,0.732442501848,-1.6280225578,0.784602530926,-0.0406625471352,0.692633018985,-0.721290152264,0.000120742094561,-5.17732231846e-05,0.706873390674,-0.707126560517,0.000192388653629,-0.268879704007,-0.268532001612,0.925370525893,-0.653714551108,-0.65358365304,-0.379806994136,-3.26369023811,-2.72000931884,-1.02655997531,0.39999627614,-0.400002669808,0.100004069989,0,0,0,0,0,0,0.707,-0.707,0,0.664,0.664,0.342,-0.242,-0.242,0.94,0,-0.05,-0.4
9.000123544,2026-09-29T06:41:22.335+00:00,-1,idle,1,1.56817833292,0.779917829546,1.79020166706,0.530894251872,1.57316997458,0.785293443642,0.000628318530718,-0.0129328897573,0.0321838714068,-0.019268434942,-0.000628318530718,1.74532925199e-05,-0.114830712611,0.106820034589,0.730454132781,-1.62802767676,0.784602383255,-0.040666137781,0.692614130989,-0.721308289516,0.000119037693123,-5.34772448033e-05,0.706876563889,-0.707123387951,0.000194123579412,-0.268913869377,-0.268566302605,0.925350633027,-0.653697066141,-0.653572991576,-0.379855457078,-3.27501505524,-2.7232133562,-1.01157504886,0.400004508305,-0.399994457158,0.100003991784,0,0,0,0,0,0,0.707,-0.707,0,0.664,0.664,0.342,-0.242,-0.242,0.94,0,-0.05,-0.4
9.200139159,2026-09-29T06:41:22.535+00:00,-1,idle,1,1.56831795926,0.777369648838,1.796641932,0.52700216764,1.57306525482,0.785310896935,0.000645771823238,-0.0128630765872,0.0320966049442,-0.019233528357,-0.000645771823238,1.74532925199e-05,-0.114830747288,0.10682068922,0.728465818721,-1.62803276136,0.784602236515,-0.0406697046011,0.692614128513,-0.721308294179,0.000111240806729,-3.68469388918e-05,0.706877160326,-0.70712280084,0.00015738766629,-0.268889638838,-0.268590550613,0.925350636431,-0.653706388477,-0.653563662281,-0.379855465785,-3.26305354777,-2.74099279891,-0.983597627593,0.399993234335,-0.400005749113,0.100003919706,0,0,0,0,0,0,0.707,-0.707,0,0.664,0.664,0.342,-0.242,-0.242,0.94,0,-0.05,-0.4
9.400147308,2026-09-29T06:41:22.735+00:00,-1,idle,1,1.5684401323,0.774769108253,1.80313455682,0.5231275367,1.57290817519,0.785328350227,0.000645771823238,-0.0128107167096,0.0320267917741,-0.0192160750645,-0.000645771823238,1.74532925199e-05,-0.11483078438,0.10682135441,0.726477351125,-1.62803781259,0.784602090677,-0.0406732483072,0.692620417545,-0.72130225205,0.000127857362742,-4.51583101219e-05,0.706860410765,-0.707139537237,0.00018603606675,-0.26890332042,-0.268554058542,0.925357255546,-0.653718872269,-0.65356055,-0.379839327873,-3.26421501861,-2.74443386205,-0.98153188432,0.399999779597,-0.399999221578,0.10000384919,0,0,0,0,0,0,0.707,-0.707,0,0.664,0.664,0.342,-0.242,-0.242,0.94,0,-0.05,-0.4
9.600077029,2026-09-29T06:41:22.935+00:00,-1,idle,1,1.56859721194,0.772151114375,1.8094875553,0.519287812346,1.57280345543,0.785328350227,0.000663225115758,-0.0127583568321,0.0319395253115,-0.0191986217719,-0.000663225115758,1.74532925199e-05,-0.114830823948,0.106822030363,0.724489101454,-1.62804282994,0.784601945754,-0.0406767685733,0.692582647105,-0.721338522854,0.000107550194377,-2.84496339334e-05,0.706877138213,-0.707122826787,0.000139029883756,-0.268934709354,-0.268659590708,0.925317478739,-0.653687871676,-0.653535257012,-0.379936237033,-3.28087425674,-2.730144886,-0.979268889223,0.400003902662,-0.399990033792,0.100024104673,0,0,0,0,0,0,0.707,-0.707,0,0.664,0.664,0.342,-0.242,-0.242,0.94,0,-0.05,-0.4
9.800146417,2026-09-29T06:41:23.135+00:00,-1,idle,1,1.56871938499,0.769568027082,1.81582310048,0.515430634699,1.57268128239,0.78534580352,0.000663225115758,-0.0127059969545,0.0318697121414,-0.0191811684794,-0.000663225115758,1.74532925199e-05,-0.114830866075,0.106822717083,0.72250066836,-1.62804781487,0.784601801704,-0.0406802664373,0.692544873701,-0.721374787991,0.000112162538813,-2.40894429886e-05,0.706868679659,-0.707131283122,0.000134771509372,-0.269003597414,-0.268727600881,0.925277684063,-0.653668673179,-0.653498144568,-0.380033142253,-3.27842972262,-2.72141913032,-0.987326835194,0.400016592983,-0.399977361233,0.10002403028,0,0,0,0,0,0,0.707,-0.707,0,0.664,0.664,0.342,-0.242,-0.242,0.94,0,-0.05,-0.4
10.000139828,2026-09-29T06:41:23.335+00:00,-1,idle,0,1.56882410474,0.767875057707,1.8202213302,0.512952267161,1.57257656263,0.785328350227,8.72664625997e-05,-0.00186750229963,0.00467748239534,-0.00280998009571,-8.72664625997e-05,0,-0.114830889524,0.106823259135,0.721428042412,-1.62805049165,0.784601724269,-0.0406821448249,0.692626703355,-0.721296220654,0.000104206902623,-3.17922857982e-05,0.706883375832,-0.7071165906,0.00014245290186,-0.268854725564,-0.268579888558,0.92536388243,-0.653714027319,-0.653574762946,-0.379823202031,-3.23673457824,-2.68885120682,-0.980822598608,0.400003591674,-0.399995461298,0.100003641843,0,0,0,0,0,0,0.707,-0.707,0,0.664,0.664,0.342,-0.242,-0.242,0.94,0,-0.05,-0.4
10.200155302,2026-09-29T06:41:23.535+00:00,-1,idle,1,1.56884155803,0.76775288466,1.82065766251,0.512742827651,1.57229730995,0.783583020975,0.000628318530718,-0.000331612557879,0.000453785605519,-0.00010471975512,-0.00279252680319,-0.0620639082009,-0.114815655622,0.106823185879,0.721321706111,-1.6278142131,0.780474776711,-0.0404916553813,0.692664077657,-0.721259836728,-0.000434860456895,-0.000730986981911,0.70797851156,-0.706019442536,0.000985779798935,-0.268921770517,-0.268376868532,0.925403323269,-0.652500198093,-0.65484303707,-0.379725845211,-3.27098929299,-2.72994080533,-0.974814142669,0.400883437018,-0.399122975716,0.0999664492416,0,0,0,0,0,0,0.707,-0.707,0,0.664,0.664,0.342,-0.242,-0.242,0.94,0,-0.05,-0.4
10.400123140,2026-09-29T06:41:23.735+00:00,-1,idle,1,1.56898118437,0.767735431367,1.82065766251,0.512725374358,1.5717213513,0.768887348674,0.000872664625997,-0.000261799387799,0.00013962634016,0.000191986217719,-0.00382227106187,-0.084857908232,-0.114758010493,0.106822577243,0.721309008766,-1.62693782451,0.764857807972,-0.0397894744269,0.692626052465,-0.721250439768,-0.00558546690863,-0.00597972748182,0.717540386241,-0.696270266203,0.00642361450333,-0.268837738391,-0.268517624129,0.92538689913,-0.642005501947,-0.665142843256,-0.379712817924,-3.29573819015,-2.62688842432,-0.978917203708,0.40131131142,-0.398686475774,0.0999914804149,0,0,0,0,0,0,0.707,-0.707,0,0.664,0.664,0.342,-0.242,-0.242,0.94,0,-0.05,-0.4
10.600117872,2026-09-29T06:41:23.935+00:00,-1,idle,1,1.56917317059,0.767735431367,1.82065766251,0.512725374358,1.57100576631,0.751154803473,0.000925024503557,-0.000296705972839,0.000174532925199,0.000244346095279,-0.00392699081699,-0.0868475835792,-0.114694326956,0.106821901538,0.72130195024,-1.62600213104,0.74759697276,-0.0390475239996,0.692542426796,-0.721175519163,-0.0118014015263,-0.012311968497,0.728872689208,-0.684304765368,0.0129811143691,-0.268710010095,-0.268665670819,0.92538102384,-0.629164949279,-0.677388179272,-0.379559549196,-3.38506044038,-2.58607059641,-0.973813058353,0.401120625819,-0.398868089577,0.100032302049,0,0,0,0,0,0,0.707,-0.707,0,0.664,0.664,0.342,-0.242,-0.242,0.94,0,-0.05,-0.4
10.800083017,2026-09-29T06:41:24.135+00:00,-1,idle,1,1.56934770352,0.767630711612,1.82065766251,0.512742827651,1.57022036814,0.733596791198,0.000942477796077,-0.000349065850399,0.000226892802759,0.000279252680319,-0.00396189740203,-0.0870570230895,-0.114630131372,0.106821227918,0.721292524988,-1.62509062872,0.730184481002,-0.0383329574793,0.692370243454,-0.72107956074,-0.0179238415952,-0.0186131395806,0.73984416702,-0.672267540439,0.0195570481626,-0.268708932908,-0.268814507355,0.925338089564,-0.616226515091,-0.689277966214,-0.379382316231,-3.5024721466,-2.48186170481,-0.96336170958,0.401188051608,-0.441735157631,0.100056103303,0,0,0,0,0,0,0.707,-0.707,0,0.664,0.664,0.342,-0.242,-0.242,0.94,0,-0.05,-0.4
11.000079727,2026-09-29T06:41:24.335+00:00,-1,idle,1,1.56955714303,0.767560898442,1.8206925691,0.512742827651,1.5693826101,0.716265671726,0.000959931088597,-0.000383972435439,0.000296705972839,0.000314159265359,-0.00397935069455,-0.0870919296745,-0.11456594754,0.106820564006,0.721280005412,-1.62420877746,0.712757624141,-0.0376498204207,0.692162190063,-0.720916397817,-0.023957595483,-0.0248411679414,0.750444375305,-0.660187335278,0.0260670532764,-0.268698661542,-0.26891728356,0.92531119514,-0.603277107852,-0.700817506161,-0.379056329431,-3.55988857666,-2.44321301095,-0.96326408493,0.401297738024,-0.473782453572,0.100059801512,0,0,0,0,0,0,0.707,-0.707,0,0.664,0.664,0.342,-0.242,-0.242,0.94,0,-0.05,-0.4
11.200143203,2026-09-29T06:41:24.535+00:00,-1,idle,1,1.56978403583,0.767456178687,1.82076238227,0.512742827651,1.56859721194,0.698690206158,0.000994837673637,-0.000436332312999,0.000366519142919,0.000331612557879,-0.00399680398707,-0.0870919296745,-0.114501830483,0.106819911449,0.721264325985,-1.62335522933,0.695326703968,-0.036996732816,0.691895443789,-0.720698048867,-0.0301023495408,-0.0311266087989,0.760982657283,-0.64771479401,0.0325878378991,-0.268632478057,-0.269080279899,0.925283011487,-0.589958462137,-0.712299339176,-0.3786203659,-3.6910918973,-2.35246169451,-0.997902176762,0.401273820831,-0.483816870642,0.100069574626,0,0,0,0,0,0,0.707,-0.707,0,0.664,0.664,0.342,-0.242,-0.242,0.94,0,-0.05,-0.4
11.400117148,2026-09-29T06:41:24.735+00:00,-1,idle,1,1.57004583522,0.767386365517,1.82086710202,0.512760280943,1.5677420006,0.681324180101,0.00101229096616,-0.000471238898038,0.000436332312999,0.000366519142919,-0.00403171057211,-0.087109382967,-0.114437801342,0.106819271426,0.721245483441,-1.6225283023,0.677892839871,-0.0363720790761,0.691606274013,-0.720401507084,-0.036156518408,-0.0373515262534,0.771154507039,-0.635203019968,0.0390615551685,-0.268551431897,-0.269158491653,0.92528379006,-0.576636674778,-0.72344994975,-0.378005426893,-3.73284691686,-2.26547714793,-0.987816775863,0.401329692263,-0.498961777381,0.100095932624,0,0,0,0,0,0,0.707,-0.707,0,0.664,0.664,0.342,-0.242,-0.242,0.94,0,-0.05,-0.4
11.600133811,2026-09-29T06:41:24.935+00:00,-1,idle,1,1.57020291485,0.767264192469,1.82095436848,0.512882453991,1.56695660244,0.663975607336,0.00102974425868,-0.000523598775598,0.000506145483078,0.000401425727959,-0.00404916386463,-0.0871442895521,-0.114373905019,0.106818645337,0.721223490981,-1.62172673335,0.660463644707,-0.0357745866045,0.691273356496,-0.720043202767,-0.0421871948124,-0.0435795059765,0.781071922568,-0.622524055622,0.0455498741021,-0.268483879068,-0.269194418304,0.925292947131,-0.563162550651,-0.734375357243,-0.377256107916,-3.87219897876,-2.20154746414,-0.982756723729,0.401366361718,-0.498884543057,0.100105285627,0,0,0,0,0.236594823851,0,0.707,-0.707,0,0.664,0.664,0.342,-0.242,-0.242,0.94,0,-0.05,-0.4
11.800133172,2026-09-29T06:41:25.135+00:00,-1,idle,1,1.57041235436,0.767142019422,1.82107654153,0.513004627039,1.56618865757,0.646539768109,0.00106465084372,-0.000575958653158,0.000575958653158,0.000418879020479,-0.00406661715715,-0.087074476382,-0.114310135842,0.106818034082,0.721198347154,-1.6209487289,0.643032950938,-0.0352026146006,0.690896506656,-0.719618580598,-0.048269764033,-0.0498110974526,0.790820597639,-0.609573567588,0.0519903807052,-0.268346134452,-0.269255353015,0.925315186626,-0.549456217068,-0.745137987605,-0.376367912704,-3.91734476446,-2.13710614603,-0.989851207769,0.401377464137,-0.498874199928,0.100103015836,0,0,0,0,0.259585369816,0,0.707,-0.707,0,0.664,0.664,0.342,-0.242,-0.242,0.94,0,-0.05,-0.4
12.000108665,2026-09-29T06:41:25.335+00:00,-1,idle,1,1.57058688728,0.767019846374,1.82123362116,0.513231519841,1.5654207127,0.629016662419,0.00108210413624,-0.000610865238198,0.000645771823238,0.000453785605519,-0.00408407044967,-0.0870570230895,-0.114246509969,0.106817438775,0.72117005767,-1.62019289211,0.625600535536,-0.0346548514405,0.690510268372,-0.719092945303,-0.0543630251085,-0.0560853527138,0.800366222354,-0.596380417491,0.0584782188784,-0.268165119972,-0.26919608402,0.925384942468,-0.535546803319,-0.755759793838,-0.375242596423,-4.06222159722,-2.08029366436,-0.953544814731,0.385660351203,-0.498973521759,0.100111363739,0,0,0,0,0.315420762375,0,0.707,-0.707,0,0.664,0.664,0.342,-0.242,-0.242,0.94,0,-0.05,-0.4
12.200071282,2026-09-29T06:41:25.535+00:00,-1,idle,1,1.57081378009,0.766915126619,1.8213732475,0.513336239597,1.56460040795,0.611842622579,0.00111701072128,-0.000663225115758,0.000715584993318,0.000471238898038,-0.00410152374219,-0.0870919296745,-0.114183057293,0.106816860652,0.721138635828,-1.61945808021,0.608169951653,-0.0341301959649,0.690033971473,-0.71856834231,-0.0603298341739,-0.0622331644018,0.809480531378,-0.583273678464,0.0648327646724,-0.268068449115,-0.269222587998,0.925405251338,-0.521717908365,-0.765911231229,-0.37414680731,-4.15724373512,-1.96845498312,-0.961606408841,0.38244754064,-0.498895389268,0.10009015478,-1.08850894417,0,0,0,0.357152873572,0,0.707,-0.707,0,0.664,0.664,0.342,-0.242,-0.242,0.94,0,-0.05,-0.4
12.400107210,2026-09-29T06:41:25.735+00:00,-1,idle,1,1.57104067289,0.766758046986,1.82149542055,0.513440959352,1.56372774332,0.594144983964,0.0011344640138,-0.000698131700798,0.000785398163397,0.000506145483078,-0.00411897703471,-0.0871442895521,-0.114119777529,0.106816300674,0.721104080797,-1.61874288614,0.590736466129,-0.0336273847081,0.689458099323,-0.718002581767,-0.066463903951,-0.0685738384987,0.818613164745,-0.569595979049,0.0713948078433,-0.268041641354,-0.269292935984,0.925392541191,-0.507282135509,-0.776112578999,-0.372981804007,-4.25663808094,-1.97296661749,-0.96903674324,0.315787884929,-0.499173198384,0.100064292915,-1.1907200487,0,0,0,0.360420980151,0,0.707,-0.707,0,0.664,0.664,0.342,-0.242,-0.242,0.94,0,-0.05,-0.4
12.600152505,2026-09-29T06:41:25.935+00:00,-1,idle,1,1.57126756569,0.766600967353,1.82166995348,0.513545679107,1.56290743858,0.576778957907,0.00116937059884,-0.000750491578358,0.000855211333477,0.000541052068118,-0.00413643032723,-0.0870919296745,-0.114056703727,0.106815760076,0.721066410647,-1.61804636977,0.573304535253,-0.0331455107759,0.688857201239,-0.717376629195,-0.0724898016099,-0.0747780505877,0.827334343093,-0.555991675193,0.077776239054,-0.267960965804,-0.269349770836,0.925399368061,-0.492974447151,-0.785896276913,-0.371686516073,-4.37752834438,-1.83169510955,-0.996280955814,0.301017788668,-0.499193605604,0.100071673817,-1.35242118912,0,0,0,0.409572181728,0,0.707,-0.707,0,0.664,0.664,0.342,-0.242,-0.242,0.94,0,-0.05,-0.4
12.800064668,2026-09-29T06:41:26.135+00:00,-1,idle,1,1.5714944585,0.766443887721,1.82186193969,0.513685305447,1.56205222724,0.559465291727,0.00118682389136,-0.000802851455917,0.000925024503557,0.000558505360638,-0.00415388361975,-0.0870570230895,-0.113993839254,0.106815239843,0.721025626518,-1.61736732699,0.55587041881,-0.0326835067529,0.688219904141,-0.716685455626,-0.0784768841206,-0.0809734517995,0.835770534679,-0.542270536861,0.0841515214343,-0.267891819584,-0.269350219797,0.92541926709,-0.47857140153,-0.795425750116,-0.370245461198,-4.42324658981,-1.82787907215,-0.972960202725,0.301371229145,-0.499166211639,0.100040854687,-1.40556362105,0,0,0,0.430901683426,0,0.707,-0.707,0,0.664,0.664,0.342,-0.242,-0.242,0.94,0,-0.05,-0.4
13.000080365,2026-09-29T06:41:26.335+00:00,-1,idle,1,1.57173880459,0.766269354796,1.8220713792,0.51377257191,1.56124937579,0.541750199819,0.0012217304764,-0.000837758040957,0.000994837673637,0.000593411945678,-0.00417133691227,-0.0871442895521,-0.11393121666,0.106814741171,0.72098174968,-1.61670494332,0.53843848607,-0.0322405953716,0.687493779037,-0.715942487281,-0.0846276386322,-0.0872744032958,0.844162943664,-0.528043009558,0.0905716250596,-0.267784078039,-0.269446695324,0.925422366568,-0.463669723072,-0.804908726773,-0.368719709522,-4.59484690082,-1.7296864627,-0.973010883455,0.301230780018,-0.499244076562,0.100076789994,-1.58394885676,0,0,0,0.502171791333,0,0.707,-0.707,0,0.664,0.664,0.342,-0.242,-0.242,0.94,0,-0.05,-0.4
13.200072350,2026-09-29T06:41:26.535+00:00,-1,idle,1,1.57203551056,0.766112275163,1.82233317859,0.513929651542,1.56039416445,0.524698333027,0.00125663706144,-0.000890117918517,0.00106465084372,0.000628318530718,-0.00418879020479,-0.0870919296745,-0.113868842486,0.106814265037,0.720934784608,-1.61605818306,0.521005890708,-0.0318158709774,0.686790814143,-0.715128759344,-0.0905283395401,-0.0933480310891,0.851985521862,-0.514195161082,0.0967472324882,-0.267637888645,-0.269416273251,0.925473539403,-0.449221138303,-0.813834877618,-0.367018665562,-4.63106484862,-1.71058060239,-0.986474242913,0.301413883112,-0.499140019617,0.100044391117,-1.62976763234,0,0,0,0.520565528448,0,0.707,-0.707,0,0.664,0.664,0.342,-0.242,-0.242,0.94,0,-0.05,-0.4
13.400118705,2026-09-29T06:41:26.735+00:00,-1,idle,1,1.57226240337,0.765920288945,1.82247280493,0.51405182459,1.55955640641,0.507018147704,0.00127409035396,-0.000925024503557,0.00111701072128,0.000645771823238,-0.00420624349731,-0.0871442895521,-0.113806724694,0.106813812416,0.720884735981,-1.61542609165,0.503570158294,-0.0314085078621,0.685931784246,-0.714304477998,-0.0966363291761,-0.0996399516098,0.859824051899,-0.499689720293,0.103151984945,-0.267610450229,-0.269537881767,0.925446049436,-0.434046364694,-0.822780963395,-0.365339947973,-4.80539618347,-1.63886944111,-0.976679609869,0.301294766863,-0.499209745494,0.100055294066,-1.80895273363,0,0,0,0.592227837154,0,0.707,-0.707,0,0.664,0.664,0.342,-0.242,-0.242,0.94,0,-0.05,-0.4
13.600134969,2026-09-29T06:41:26.935+00:00,-1,idle,1,1.57248929617,0.76574575602,1.82268224444,0.514173997638,1.55871864837,0.489687028232,0.001308996939,-0.000977384381117,0.00118682389136,0.000680678408278,-0.00422369678983,-0.087109382967,-0.11374489316,0.106813384416,0.720831626903,-1.61480799016,0.486134976508,-0.0310178790082,0.685064739605,-0.713416063448,-0.102607614448,-0.105808791794,0.867242571944,-0.485322456715,0.109412976388,-0.26756030669,-0.26958529038,0.925446739281,-0.419059427399,-0.831321167912,-0.363512218985,-4.87117768004,-1.54812337797,-0.984766397116,0.301327929815,-0.499188818249,0.100059836389,-1.8894757361,0,0,0,0.62441829173,0,0.707,-0.707,0,0.664,0.664,0.342,-0.242,-0.242,0.94,0,-0.05,-0.4
13.800065587,2026-09-29T06:41:27.135+00:00,-1,idle,1,1.57282090873,0.765379236877,1.82297895042,0.514348530563,1.55788089033,0.472303548882,0.00132645023152,-0.00101229096616,0.00125663706144,0.000715584993318,-0.00422369678983,-0.087074476382,-0.113683369014,0.106812982051,0.720775475635,-1.61420315195,0.468701626851,-0.0306433421635,0.684126505394,-0.712487112713,-0.108629629885,-0.11194928471,0.87444887325,-0.470737292921,0.115564029538,-0.267444177941,-0.269734118198,0.925436935254,-0.403883373955,-0.839618310027,-0.361628862158,-4.97984970841,-1.51591411644,-0.97343778359,0.301367900341,-0.499155678391,0.100104774027,-2.01497350484,0,0,0,0.674666007413,0,0.707,-0.707,0,0.664,0.664,0.342,-0.242,-0.242,0.94,0,-0.05,-0.4
14.000139813,2026-09-29T06:41:27.335+00:00,-1,idle,1,1.57306525482,0.765257063829,1.8232407498,0.514488156903,1.55697331912,0.45490261624,0.00136135681656,-0.00106465084372,0.00132645023152,0.000733038285838,-0.00424115008235,-0.0870919296745,-0.113622156151,0.106812606193,0.720716285196,-1.61361072695,0.451266516013,-0.0302841989708,0.683184901854,-0.7114555764,-0.114584034844,-0.118151816098,0.88135528668,-0.456036023917,0.121834884763,-0.267400764101,-0.269668575963,0.925468597539,-0.388611232466,-0.847713987161,-0.359483150961,-5.07331420984,-1.43861564014,-0.984415007021,0.301433526421,-0.523714454501,0.100072958015,-2.11256714632,0,0,0,0.699268407244,0,0.707,-0.707,0,0.664,0.664,0.342,-0.242,-0.242,0.94,0,-0.05,-0.4
14.200168748,2026-09-29T06:41:27.535+00:00,-1,idle,1,1.5733445075,0.765082530904,1.8234850959,0.514610329951,1.55615301437,0.437414417135,0.0013962634016,-0.00111701072128,0.0013962634016,0.000767944870878,-0.00425860337487,-0.087109382967,-0.113561285334,0.106812257841,0.720654085178,-1.61303016893,0.433833715857,-0.0299399552807,0.682158440816,-0.710391633713,-0.120607329928,-0.124328035218,0.888058084516,-0.441091767563,0.127985843341,-0.267288821095,-0.269740752217,0.925479906805,-0.373119986925,-0.855562375974,-0.357310181782,-5.19924470972,-1.43510430935,-0.980711497363,0.301608671171,-0.598846936199,0.100051958694,-2.2320404881,0,0,0,0.70025934506,0,0.707,-0.707,0,0.664,0.664,0.342,-0.242,-0.242,0.94,0,-0.05,-0.4
14.400151804,2026-09-29T06:41:27.735+00:00,-1,idle,1,1.57362376018,0.764855638101,1.82378180187,0.514749956291,1.55531525633,0.42013565754,0.00141371669412,-0.00115191730632,0.00144862327916,0.000802851455917,-0.00427605666739,-0.087074476382,-0.113500756376,0.106811937787,0.720588874561,-1.61246067077,0.416398460524,-0.0296099786543,0.681094838535,-0.709285083047,-0.126539320321,-0.130431178408,0.894406272485,-0.426200464455,0.134050412209,-0.267197800517,-0.269789520906,0.925491980749,-0.3577034458,-0.863061862503,-0.355047997537,-5.31176368009,-1.34960610604,-0.985503723713,0.301710334645,-0.599084252808,0.100092390439,-2.3548789846,0,0,0,0.744529073569,0,0.707,-0.707,0,0.664,0.664,0.342,-0.242,-0.242,0.94,0,-0.05,-0.4
14.600136357,2026-09-29T06:41:27.935+00:00,-1,idle,1,1.57393791945,0.764628745299,1.82409596114,0.514941942508,1.554460045,0.40261255185,0.00144862327916,-0.00120427718388,0.00151843644924,0.000820304748437,-0.00427605666739,-0.0871442895521,-0.113440593044,0.106811646913,0.720520677616,-1.61190169067,0.398962863251,-0.0292938117868,0.679985849549,-0.708087899641,-0.132549193224,-0.136607035585,0.90057661047,-0.410962769721,0.140139815095,-0.267065844036,-0.26979664195,0.925528010414,-0.341974565757,-0.870418505029,-0.352594291167,-5.4011699031,-1.35848481077,-0.99822051489,0.301616360859,-0.599177335994,0.100071835402,-2.42833790583,0,0,0,0.773774824855,0,0.707,-0.707,0,0.664,0.664,0.342,-0.242,-0.242,0.94,0,-0.05,-0.4
14.800135361,2026-09-29T06:41:28.135+00:00,-1,idle,1,1.57419971884,0.764384399203,1.82437521382,0.515081568849,1.55360483366,0.385002179697,0.0014835298642,-0.00123918376892,0.00158824961931,0.000855211333477,-0.00429350995991,-0.0871442895521,-0.113380811444,0.106811386016,0.720449511585,-1.6113526445,0.381526865734,-0.0289909877454,0.67877387878,-0.706872911219,-0.138567625153,-0.142813592244,0.906484132535,-0.395536374781,0.146265833783,-0.267020578442,-0.269881283252,0.925516387405,-0.326029949776,-0.877510153318,-0.350128151556,-5.54599483149,-1.28964086205,-1.00863910119,0.301519074859,-0.599222034269,0.10009580468,-2.57010559941,0,0,0,0.830425971394,0,0.707,-0.707,0,0.664,0.664,0.342,-0.242,-0.242,0.94,0,-0.05,-0.4
15.000080175,2026-09-29T06:41:28.335+00:00,-1,idle,1,1.5745138781,0.764122599816,1.82474173296,0.515291008359,1.55273216904,0.36770596681,0.00150098315672,-0.00129154364648,0.00164060949687,0.000872664625997,-0.00431096325243,-0.0870919296745,-0.113321431782,0.106811155857,0.720375400042,-1.61081301599,0.364091650315,-0.0287010926961,0.677580528382,-0.705579648004,-0.144466004251,-0.148901180304,0.912017623817,-0.380259634458,0.152219838872,-0.26691420171,-0.269854563807,0.9255548822,-0.310305756913,-0.884245511605,-0.347478460756,-5.60409687912,-1.23422288837,-0.975648100101,0.301612055407,-0.599183222186,0.100047977759,-2.65419606165,0,0,0,0.864108060747,0,0.707,-0.707,0,0.664,0.664,0.342,-0.242,-0.242,0.94,0,-0.05,-0.4
15.200166223,2026-09-29T06:41:28.535+00:00,-1,idle,1,1.57479313078,0.763895707013,1.82503843893,0.515465541284,1.55184205112,0.350025781487,0.00153588974176,-0.00132645023152,0.00171042266695,0.000907571211037,-0.00431096325243,-0.087109382967,-0.113262472129,0.106810957122,0.7202983657,-1.61028229649,0.346657834587,-0.0284237310881,0.676274131054,-0.704235786271,-0.150474745518,-0.155121268575,0.917379497584,-0.364538035611,0.158299923107,-0.266873518255,-0.269885902754,0.925557477291,-0.294112874022,-0.890832543236,-0.344744094328,-5.7656229081,-1.19326923725,-1.02408273466,0.301464487995,-0.599261685176,0.100022791395,-2.79426971166,0,0,0,0.919998922536,0,0.707,-0.707,0,0.664,0.664,0.342,-0.242,-0.242,0.94,0,-0.05,-0.4
15.400073101,2026-09-29T06:41:28.735+00:00,-1,idle,1,1.57510729005,0.763581547748,1.82540495808,0.515674980794,1.55103919966,0.33279938177,0.00157079632679,-0.00137881010908,0.00178023583703,0.000942477796077,-0.00432841654495,-0.0871617428446,-0.113203929448,0.106810790425,0.720218401672,-1.60975980854,0.329219718497,-0.0281584367518,0.674963475584,-0.702861096143,-0.156351840661,-0.161135620143,0.922353819176,-0.349085043172,0.164080982889,-0.266735428795,-0.269939462012,0.92558167648,-0.278252840554,-0.89698457037,-0.341964897642,-5.82811497085,-1.12299701571,-0.988673801079,0.301576733901,-0.599197432875,0.100069344193,-2.88637495856,0,0,-0.200163375946,0.956933518043,0,0.707,-0.707,0,0.664,0.664,0.342,-0.242,-0.242,0.94,0,-0.05,-0.4
15.600069353,2026-09-29T06:41:28.936+00:00,-1,idle,1,1.57542144931,0.763302295067,1.82577147722,0.515832060427,1.55009672187,0.315380995835,0.00158824961931,-0.00141371669412,0.00183259571459,0.000959931088597,-0.00432841654495,-0.0870919296745,-0.113145844319,0.106810656392,0.72013556313,-1.60924529737,0.311784684428,-0.0279049759644,0.673565107932,-0.701438563883,-0.162237922787,-0.167250838217,0.927068988574,-0.333387617676,0.170006878426,-0.266731275493,-0.269971051161,0.925573655842,-0.262119280285,-0.902927088926,-0.339079738261,-5.98718888066,-1.13641826418,-0.99545554216,0.301548914634,-0.599215522009,0.100044859473,-3.00722883416,0,0,-0.236321642771,1.00527209347,0,0.707,-0.707,0,0.664,0.664,0.342,-0.242,-0.242,0.94,0,-0.05,-0.4
15.800075665,2026-09-29T06:41:29.135+00:00,-1,idle,1,1.57575306187,0.763040495679,1.82612054307,0.516024046645,1.54927641712,0.298014969778,0.00162315620435,-0.00146607657168,0.00190240888467,0.000994837673637,-0.00434586983747,-0.0871442895521,-0.113088215753,0.106810555481,0.720049848621,-1.60873815737,0.294347741261,-0.0276629514346,0.672140597671,-0.699948113967,-0.168136914227,-0.173290602142,0.931523572499,-0.317605003963,0.175738965331,-0.266596318851,-0.27002234783,0.925597586041,-0.245965925797,-0.908583509167,-0.336078747884,-6.07586130087,-1.02729597867,-1.00320192241,0.30162937797,-0.599170183999,0.100073835707,-3.10973606017,0,0,-0.240916112553,1.04633828817,0,0.707,-0.707,0,0.664,0.664,0.342,-0.242,-0.242,0.94,0,-0.05,-0.4
16.000145713,2026-09-29T06:41:29.335+00:00,-1,idle,0,1.57606722114,0.762743789707,1.82653942209,0.516373112495,1.5483862992,0.280718756891,0.00151843644924,-0.00137881010908,0.00179768912955,0.000942477796077,-0.00399680398707,-0.0801804258366,-0.113031533597,0.106810488429,0.719962033966,-1.60824210967,0.277054354511,-0.0274339562783,0.67072731002,-0.698357223997,-0.173950596135,-0.179341164789,0.935655740786,-0.301814664248,0.181482843195,-0.266506794725,-0.269873920104,0.925666688909,-0.229850958447,-0.913993969177,-0.33282000942,-6.18899335,-1.05344205765,-0.995823513654,0.301596947932,-0.599202676634,0.0999769821201,-3.19879708966,0,0,-0.272222820781,1.08184357288,0,0.707,-0.707,0,0.664,0.664,0.342,-0.242,-0.242,0.94,0,-0.05,-0.4
16.200068506,2026-09-29T06:41:29.535+00:00,-1,idle,1,1.57622430077,0.762604163366,1.82671395501,0.51640801908,1.54793251359,0.270578393937,0.000174532925199,-0.000157079632679,0.000209439510239,0.00010471975512,-0.000471238898038,-0.00975639051865,-0.11300641957,0.106810462587,0.719922226282,-1.60802399878,0.269354631451,-0.0273359306222,0.669805273416,-0.697467723774,-0.177384714703,-0.182850575572,0.937957948294,-0.292505784954,0.184788980704,-0.266467282469,-0.269990499412,0.925644056267,-0.220315851918,-0.916981186282,-0.331059078879,-6.28126145363,-0.961392828429,-0.982547756415,0.300166629164,-0.599920993546,0.0999737959709,-3.32086716873,0,0,-0.277138733675,1.12945663694,0,0.707,-0.707,0,0.664,0.664,0.342,-0.242,-0.242,0.94,0,-0.05,-0.4
16.400131091,2026-09-29T06:41:29.735+00:00,-1,idle,1,1.57617194089,0.762639069951,1.82671395501,0.516390565788,1.5481419531,0.277437537897,-0.00144862327916,0.001308996939,-0.00171042266695,-0.000890117918517,0.00382227106187,0.076567594285,-0.113038572264,0.10681048879,0.719973352927,-1.60830444759,0.279218834513,-0.0274624696889,0.670449341361,-0.698053089652,-0.175042318888,-0.180498618539,0.936400407011,-0.298814664029,0.182595892389,-0.266520103737,-0.269839190472,0.925672984951,-0.226782521491,-0.914989403133,-0.332193114038,-6.27450058856,-0.983052235802,-0.991512250687,0.298337033334,-0.600857565399,0.099825669471,-3.3311128801,0,0,-0.282983210356,1.13164785623,0,0.707,-0.707,0,0.664,0.664,0.342,-0.242,-0.242,0.94,0,-0.05,-0.4
16.600138885,2026-09-29T06:41:29.935+00:00,-1,idle,1,1.57594504809,0.762848509462,1.82638234246,0.516373112495,1.54896225785,0.294070525669,-0.00160570291183,0.00144862327916,-0.00188495559215,-0.000977384381117,0.00429350995991,0.086201811756,-0.113093257038,0.106810556188,0.720057736976,-1.6087833829,0.295888556591,-0.0276843858089,0.671932619325,-0.699483944518,-0.169440901817,-0.174695584488,0.932493726172,-0.314007322313,0.177045427383,-0.266490690165,-0.269707621318,0.925719820282,-0.242378139909,-0.909926480842,-0.335054817873,-6.21093831282,-0.987636860856,-1.00343623403,0.298314426476,-0.600878847601,0.0997651096462,-3.27871919918,0,0,-0.274185539533,1.11047511704,0,0.707,-0.707,0,0.664,0.664,0.342,-0.242,-0.242,0.94,0,-0.05,-0.4
16.800075903,2026-09-29T06:41:30.135+00:00,-1,idle,1,1.57559598224,0.763197575312,1.82592855685,0.516233486155,1.54992218894,0.311523818188,-0.00158824961931,0.00141371669412,-0.00183259571459,-0.000959931088597,0.00431096325243,0.0865508776064,-0.113150807299,0.106810656678,0.720143141785,-1.60929056979,0.31329358061,-0.0279272024477,0.673400033036,-0.700971224007,-0.163553619628,-0.168588113838,0.928111144731,-0.32986317845,0.171182956561,-0.266498746455,-0.269663673,0.925730309733,-0.258644777958,-0.904312328218,-0.338058854379,-6.04474787753,-1.04732984476,-0.984084341285,0.298339848896,-0.600862189328,0.0997894164629,-3.14934516028,0,0,-0.236357356841,1.05880202815,0,0.707,-0.707,0,0.664,0.664,0.342,-0.242,-0.242,0.94,0,-0.05,-0.4
17.000149500,2026-09-29T06:41:30.335+00:00,-1,idle,1,1.57522946309,0.763511734577,1.82550967783,0.51591932689,1.55079485357,0.329081830464,-0.00153588974176,0.00134390352404,-0.00174532925199,-0.000925024503557,0.00425860337487,0.0857480261505,-0.113209146864,0.10681079076,0.720226158481,-1.60980817628,0.330797196862,-0.0281829722586,0.674750378227,-0.70248402509,-0.157595112397,-0.162455846692,0.923387218964,-0.34573965322,0.165338749665,-0.266660546998,-0.269745626028,0.925659800988,-0.274876693315,-0.898337569865,-0.34114664104,-5.98327403618,-1.05500875275,-0.983394476441,0.298391734687,-0.600828450918,0.0998374122192,-3.06656089894,0,0,-0.229440653166,1.02577919352,0,0.707,-0.707,0,0.664,0.664,0.342,-0.242,-0.242,0.94,0,-0.05,-0.4
17.200069649,2026-09-29T06:41:30.535+00:00,-1,idle,1,1.57489785054,0.763843347135,1.82514315869,0.515640074209,1.55171987807,0.346325683473,-0.00153588974176,0.00132645023152,-0.00171042266695,-0.000907571211037,0.00431096325243,0.0869523033344,-0.11326735767,0.106810955521,0.720305509354,-1.61032865499,0.348129657251,-0.0284480189222,0.676064222567,-0.703880533204,-0.151754722201,-0.156396503256,0.918493693979,-0.361206390452,0.159463481948,-0.266713402702,-0.269776450207,0.92563557719,-0.290761577482,-0.892221727157,-0.343997349068,-5.8541970678,-1.12927512653,-0.976516322935,0.298346963525,-0.600842729192,0.099885273056,-2.93794407925,0,0,-0.204022943308,0.97426920235,0,0.707,-0.707,0,0.664,0.664,0.342,-0.242,-0.242,0.94,0,-0.05,-0.4
17.400156890,2026-09-29T06:41:30.735+00:00,-1,idle,1,1.57458369127,0.764070239938,1.82479409284,0.515395728114,1.55255763611,0.364058228673,-0.00150098315672,0.00129154364648,-0.00164060949687,-0.000872664625997,0.00431096325243,0.087109382967,-0.113326318065,0.10681115344,0.720382388592,-1.61086034542,0.365557055061,-0.0287266272863,0.677336463235,-0.705286676322,-0.145709973569,-0.150181967547,0.913152945489,-0.377020190591,0.153457987231,-0.266869128644,-0.269820373523,0.925577858932,-0.306987892794,-0.885641994216,-0.346872128039,-5.75242289713,-1.14394708462,-0.984872983109,0.298533480979,-0.600744524675,0.0999186691686,-2.86087056308,0,0,0,0.943637288315,0,0.707,-0.707,0,0.664,0.664,0.342,-0.242,-0.242,0.94,0,-0.05,-0.4
17.600105179,2026-09-29T06:41:30.935+00:00,-1,idle,1,1.57426953201,0.764332039326,1.82444502699,0.515186288604,1.55344775403,0.381197361928,-0.0014835298642,0.00123918376892,-0.00158824961931,-0.000855211333477,0.00429350995991,0.0871442895521,-0.113385713183,0.106811382878,0.720456365942,-1.61140113385,0.382990286556,-0.0290178764272,0.678537465626,-0.706572264876,-0.139874403404,-0.144144696478,0.907733879452,-0.392177411064,0.147545650874,-0.266947032582,-0.269842330441,0.925548977384,-0.322594925395,-0.87902843808,-0.349504465452,-5.64380797044,-1.21320622843,-0.996824769241,0.298374810132,-0.600818915746,0.099945319056,-2.72217106759,0,0,0,0.88806518003,0,0.707,-0.707,0,0.664,0.664,0.342,-0.242,-0.242,0.94,0,-0.05,-0.4
17.800102493,2026-09-29T06:41:31.135+00:00,-1,idle,1,1.57395537274,0.764611292006,1.82413086772,0.515029208971,1.55428551207,0.398720467618,-0.00144862327916,0.00120427718388,-0.00151843644924,-0.000820304748437,0.00427605666739,0.0871268362596,-0.113445515248,0.106811643139,0.720527404154,-1.6119514427,0.400425798456,-0.0293221205466,0.679744540228,-0.707803089887,-0.133866271545,-0.137992635015,0.90189931117,-0.407571740011,0.141520962333,-0.267056428436,-0.269746479692,0.925545357402,-0.338478206894,-0.872027014168,-0.351996603126,-5.5228251669,-1.18992709772,-0.991313554597,0.298442106065,-0.600790975022,0.0999123480901,-2.66107782389,0,0,0,0.863665571087,0,0.707,-0.707,0,0.664,0.664,0.342,-0.242,-0.242,0.94,0,-0.05,-0.4
18.000172894,2026-09-29T06:41:31.335+00:00,-1,idle,1,1.57365866677,0.764838184809,1.82381670846,0.514854676046,1.55512327011,0.416173760138,-0.00141371669412,0.00115191730632,-0.00144862327916,-0.000802851455917,0.00427605666739,0.0871268362596,-0.11350570076,0.106811933445,0.720595475468,-1.61251176293,0.417861437994,-0.0296397625262,0.680867654127,-0.709001003652,-0.127882812546,-0.131843849455,0.895816241927,-0.422776046996,0.135462646269,-0.267177507284,-0.269725054399,0.925516642249,-0.354172896058,-0.864764597515,-0.354447198305,-5.41682400047,-1.302222946,-0.989091546005,0.298453730376,-0.600783425447,0.0999230212393,-2.49866740165,0,0,0,0.798663652068,0,0.707,-0.707,0,0.664,0.664,0.342,-0.242,-0.242,0.94,0,-0.05,-0.4
18.200069519,2026-09-29T06:41:31.535+00:00,-1,idle,1,1.57337941409,0.765082530904,1.82352000248,0.514697596413,1.55597848145,0.4332954401,-0.0013962634016,0.00111701072128,-0.0013962634016,-0.000767944870878,0.00425860337487,0.0870570230895,-0.113566251502,0.106812252991,0.720660559753,-1.61308266072,0.435296636478,-0.0299712608747,0.681935166172,-0.710108187466,-0.12201507742,-0.125789952357,0.889593512084,-0.437556370313,0.129440389903,-0.267245670417,-0.269687120733,0.925508012305,-0.369475486199,-0.857392721983,-0.356712916252,-5.2764997645,-1.31802382206,-0.979890748828,0.298275705483,-0.600873569891,0.0999125626045,-2.40656089364,0,0,0,0.761733471992,0,0.707,-0.707,0,0.664,0.664,0.342,-0.242,-0.242,0.94,0,-0.05,-0.4
18.400149330,2026-09-29T06:41:31.735+00:00,-1,idle,1,1.57308270812,0.765274517122,1.82327565639,0.514557970073,1.55683369278,0.450975625423,-0.00136135681656,0.00106465084372,-0.00132645023152,-0.000733038285838,0.00424115008235,0.0871268362596,-0.113627149308,0.106812600921,0.72072263851,-1.61366473535,0.452730886398,-0.0303171088867,0.682987453594,-0.711194268031,-0.115931784802,-0.119543601358,0.882883163068,-0.452693989306,0.123219098489,-0.267345329478,-0.269616894882,0.925499686275,-0.385165932005,-0.849519794967,-0.358930890942,-5.2207060791,-1.38738112278,-0.985390496464,0.298426671109,-0.590343638093,0.0999182196453,-2.30418826681,0,0,0,0.7235888317,0,0.707,-0.707,0,0.664,0.664,0.342,-0.242,-0.242,0.94,0,-0.05,-0.4
18.600123996,2026-09-29T06:41:31.935+00:00,-1,idle,1,1.57283836202,0.765501409925,1.82299640371,0.514383437148,1.55774126399,0.468289291603,-0.00134390352404,0.00101229096616,-0.00125663706144,-0.000715584993318,0.00422369678983,0.0871442895521,-0.11368838231,0.106812976375,0.720781700245,-1.61425868104,0.470165496792,-0.0306778734258,0.683955392846,-0.71221438545,-0.110007830822,-0.113375336441,0.876072901442,-0.467352407931,0.116984038634,-0.267362222611,-0.26964013942,0.925488028224,-0.400403188399,-0.84153723745,-0.361041056279,-5.07025128547,-1.43935563129,-0.978493706989,0.298613463886,-0.513930551672,0.0999683266547,-2.17843293485,0,0,0,0.720257869657,0,0.707,-0.707,0,0.664,0.664,0.342,-0.242,-0.242,0.94,0,-0.05,-0.4
18.800104165,2026-09-29T06:41:32.135+00:00,-1,idle,1,1.57254165605,0.765641036265,1.82271715103,0.5142612641,1.55856156874,0.485794944,-0.001308996939,0.000977384381117,-0.00118682389136,-0.000680678408278,0.00422369678983,0.087109382967,-0.11374993149,0.106813378415,0.720837727149,-1.61486516225,0.487599753502,-0.0310541218307,0.684857840631,-0.713214165509,-0.103959605943,-0.107180653926,0.868880813954,-0.48206809958,0.110784492457,-0.26752910076,-0.269627342131,0.925443508362,-0.415672120053,-0.833198922072,-0.363104818284,-4.98887458515,-1.47690044317,-0.978884772541,0.298664721962,-0.500843532132,0.0999642820814,-2.07065766856,0,0,0,0.694078497033,0,0.707,-0.707,0,0.664,0.664,0.342,-0.242,-0.242,0.94,0,-0.05,-0.4
19.000186339,2026-09-29T06:41:32.335+00:00,-1,idle,1,1.57227985666,0.76581556919,1.82252516481,0.514086731175,1.55939932678,0.503230783228,-0.00127409035396,0.000925024503557,-0.00111701072128,-0.000645771823238,0.00420624349731,0.087109382967,-0.113811782343,0.106813806097,0.720890706399,-1.61548492806,0.505034241043,-0.0314464916026,0.685728294435,-0.714132701558,-0.0979420061493,-0.100987891395,0.861465420012,-0.49656509247,0.104528032924,-0.267626575667,-0.269587326829,0.925426973869,-0.430769481416,-0.824654341014,-0.364996995014,-4.87435263659,-1.5574390155,-0.964624762574,0.298670888082,-0.50079966161,0.0999667733724,-1.95785715538,0,0,0,0.64890688268,0,0.707,-0.707,0,0.664,0.664,0.342,-0.242,-0.242,0.94,0,-0.05,-0.4
19.200068165,2026-09-29T06:41:32.535+00:00,-1,idle,1,1.57207041715,0.7660250087,1.8223157253,0.513964558127,1.56025453811,0.52070152904,-0.00125663706144,0.000890117918517,-0.00106465084372,-0.000628318530718,0.00418879020479,0.087109382967,-0.113873915422,0.106814258414,0.72094062181,-1.61611872315,0.522468168579,-0.0318556364063,0.68657273037,-0.714974928902,-0.0919250936008,-0.0947550216116,0.853789118364,-0.51092241353,0.0981660605905,-0.267641057144,-0.269529944399,0.925439506683,-0.445781791793,-0.815855928718,-0.366727615566,-4.77302464848,-1.57379752793,-0.984230327027,0.298704551528,-0.500784872036,0.0999503700154,-1.86430694808,0,0,0,0.611560576759,0,0.707,-0.707,0,0.664,0.664,0.342,-0.242,-0.242,0.94,0,-0.05,-0.4
19.400165093,2026-09-29T06:41:32.735+00:00,-1,idle,1,1.57180861776,0.766216994918,1.8220713792,0.513859838372,1.56107484286,0.537927928757,-0.0012217304764,0.000837758040957,-0.000994837673637,-0.000593411945678,0.00417133691227,0.087109382967,-0.113936314523,0.106814734349,0.720987461033,-1.6167673729,0.53990168022,-0.0322822807131,0.687333297423,-0.715771638938,-0.0859591248555,-0.0886280316824,0.845943139079,-0.524947114137,0.0919389070366,-0.267744179158,-0.269469560111,0.925427255907,-0.460437031496,-0.806923592128,-0.368368879519,-4.68128133484,-1.67188485011,-0.984907250211,0.298577087485,-0.500857864113,0.0999654512626,-1.72698112811,0,0,0,0.556449140447,0,0.707,-0.707,0,0.664,0.664,0.342,-0.242,-0.242,0.94,0,-0.05,-0.4
19.600081516,2026-09-29T06:41:32.935+00:00,-1,idle,1,1.57158172496,0.766408981136,1.82194920616,0.513737665325,1.5619126009,0.555590660787,-0.00118682389136,0.000802851455917,-0.000925024503557,-0.000558505360638,0.00415388361975,0.087074476382,-0.113998961827,0.106815232857,0.721031211144,-1.61743173747,0.557334477165,-0.0327271920602,0.68809689176,-0.716497909378,-0.0798440247032,-0.0823307058517,0.837646708067,-0.539155438819,0.0854927368107,-0.267772318283,-0.269346309507,0.925455008798,-0.475347218385,-0.797541834857,-0.369848642885,-4.57337012873,-1.68033492999,-0.984446509772,0.298717524638,-0.500782167777,0.0999251185527,-1.6568347883,0,0,0,0.528541015616,0,0.707,-0.707,0,0.664,0.664,0.342,-0.242,-0.242,0.94,0,-0.05,-0.4
19.800113623,2026-09-29T06:41:33.135+00:00,-1,idle,1,1.57131992557,0.766548607476,1.82175721994,0.513632945569,1.56276781224,0.572904326967,-0.00116937059884,0.000750491578358,-0.000855211333477,-0.000541052068118,0.00413643032723,0.0870919296745,-0.114061846709,0.106815752926,0.72107186482,-1.61811281255,0.574768270946,-0.0331912506812,0.688751332974,-0.717195784399,-0.0738454319499,-0.0761489353004,0.829257274204,-0.552922612299,0.0791547749233,-0.26785989532,-0.269313351008,0.925439248434,-0.489788168149,-0.788071001736,-0.371295999258,-4.49521620804,-1.77814795984,-0.985295520305,0.298644606577,-0.500817486073,0.0999660593174,-1.50140290967,0,0,0,0.466306454048,0,0.707,-0.707,0,0.664,0.664,0.342,-0.242,-0.242,0.94,0,-0.05,-0.4
20.000140408,2026-09-29T06:41:33.335+00:00,-1,idle,1,1.57109303277,0.766705687109,1.82156523372,0.513545679107,1.56357066369,0.590322712902,-0.0011344640138,0.000698131700798,-0.000785398163397,-0.000506145483078,0.00411897703471,0.0870919296745,-0.114124943425,0.106816293401,0.721109405845,-1.61881149383,0.592200592579,-0.0336752909398,0.689365770986,-0.717835467872,-0.0677963138502,-0.069933787875,0.820560529869,-0.566610022432,0.0727768167793,-0.267954099506,-0.269245474813,0.925431723473,-0.504172606733,-0.778311606474,-0.372617310559,-4.35687757533,-1.82182260399,-0.992452137799,0.310730188563,-0.500848817207,0.0999459782184,-1.40449066625,0,0,0,0.432731322107,0,0.707,-0.707,0,0.664,0.664,0.342,-0.242,-0.242,0.94,0,-0.05,-0.4
20.200075649,2026-09-29T06:41:33.535+00:00,-1,idle,1,1.57086613996,0.766862766741,1.8213907008,0.513423506059,1.56440842173,0.607880725177,-0.00111701072128,0.000663225115758,-0.000715584993318,-0.000471238898038,0.00410152374219,0.0871268362596,-0.114188239919,0.106816853232,0.721143827423,-1.61952889175,0.609632773455,-0.0341803170843,0.689923472169,-0.718433421044,-0.0617040382338,-0.0636524449095,0.811548499194,-0.580226186372,0.0662988437781,-0.268038900567,-0.26921231547,0.925416804811,-0.518510541108,-0.768226074699,-0.373861205111,-4.30399020035,-1.91215314537,-0.99465543759,0.320580330163,-0.500830805198,0.0999522206545,-1.27206048254,0,0,0,0.387261908705,0,0.707,-0.707,0,0.664,0.664,0.342,-0.242,-0.242,0.94,0,-0.05,-0.4
20.400136612,2026-09-29T06:41:33.735+00:00,-1,idle,1,1.57065670045,0.766984939789,1.82125107446,0.513301333012,1.5651938199,0.625019858432,-0.00108210413624,0.000610865238198,-0.000645771823238,-0.000453785605519,0.00408407044967,0.087109382967,-0.114251717749,0.106817431297,0.721175119975,-1.62026612311,0.627064390809,-0.0347073630195,0.690410866553,-0.718968909792,-0.0557451860712,-0.0575240499952,0.802504293864,-0.593349725083,0.0599766228703,-0.268146628776,-0.269175529979,0.925396285632,-0.532346920538,-0.758148822992,-0.37497802502,-4.12589131328,-1.9668201553,-0.971444082052,0.378323601247,-0.501060977534,0.0999506632592,-1.14340769334,0,0,0,0.372929601439,0,0.707,-0.707,0,0.664,0.664,0.342,-0.242,-0.242,0.94,0,-0.05,-0.4
20.600129239,2026-09-29T06:41:33.935+00:00,-1,idle,1,1.57044726094,0.767107112837,1.8211463547,0.513214066549,1.56594431147,0.642647683877,-0.00106465084372,0.000575958653158,-0.000575958653158,-0.000418879020479,0.00406661715715,0.087109382967,-0.114315359122,0.106818026473,0.721203275004,-1.621024391,0.64449520567,-0.03525754887,0.690880561741,-0.719443820828,-0.0495919787646,-0.0512374250231,0.792942800558,-0.60667784295,0.053505658829,-0.268264790262,-0.269055786677,0.925396862198,-0.546429059759,-0.747569380412,-0.375954507763,-4.09110245506,-2.03641799921,-1.00229028929,0.399890133982,-0.501066287278,0.0998953890296,-1.05633040741,0,0,0,0.352260476732,0,0.707,-0.707,0,0.664,0.664,0.342,-0.242,-0.242,0.94,0,-0.05,-0.4
20.800180176,2026-09-29T06:41:34.135+00:00,-1,idle,1,1.57023782143,0.767229285884,1.82100672836,0.513126800086,1.5668169761,0.659926443472,-0.00102974425868,0.000523598775598,-0.000506145483078,-0.000401425727959,0.00404916386463,0.0870919296745,-0.114379158404,0.10681863775,0.721228289494,-1.62180513789,0.661928306387,-0.0358321967013,0.69127546475,-0.719867986621,-0.0436033486223,-0.0450229015251,0.78336313144,-0.619527597494,0.0470231335915,-0.268301064091,-0.269051693362,0.925387531209,-0.560058696307,-0.73695708304,-0.376843126499,-3.94718656145,-2.118176183,-0.975048061664,0.398593721609,-0.501106865089,0.0999562009089,0,0,0,0,0.290995285424,0,0.707,-0.707,0,0.664,0.664,0.342,-0.242,-0.242,0.94,0,-0.05,-0.4
21.000071932,2026-09-29T06:41:34.335+00:00,-1,idle,1,1.57002838192,0.767334005639,1.82093691519,0.513056986916,1.56760237426,0.677379735992,-0.00101229096616,0.000471238898038,-0.000436332312999,-0.000366519142919,0.00403171057211,0.087109382967,-0.114443079414,0.106819263816,0.721250149614,-1.62260953221,0.679358441792,-0.0364324545008,0.69164125123,-0.720222997664,-0.0375166565993,-0.0387777476158,0.773425335815,-0.632341753163,0.0405504533894,-0.268377664584,-0.268943459708,0.925396785844,-0.573668614334,-0.726031901976,-0.377571780565,-3.88295376533,-2.16165991623,-0.97193621657,0.398630631074,-0.501107290985,0.0999252686477,0,0,0,0,0.255086474318,0,0.707,-0.707,0,0.664,0.664,0.342,-0.242,-0.242,0.94,0,-0.05,-0.4
21.200076323,2026-09-29T06:41:34.535+00:00,-1,idle,1,1.56980148912,0.767403818809,1.82086710202,0.512952267161,1.56850994547,0.694815575219,-0.000994837673637,0.000436332312999,-0.000366519142919,-0.000331612557879,0.00399680398707,0.087109382967,-0.114507119229,0.106819903685,0.721268854572,-1.62343925772,0.696789443311,-0.0370598806751,0.691926975077,-0.720548849288,-0.0314704450553,-0.0324965850236,0.763286693879,-0.644926038986,0.0339737385499,-0.26841938562,-0.268958767785,0.925380227414,-0.587071934579,-0.714871027158,-0.378260782794,-3.76342100849,-2.31073293674,-0.963777482289,0.398620848013,-0.501104104496,0.0999803247688,0,0,0,0,0,0,0.707,-0.707,0,0.664,0.664,0.342,-0.242,-0.242,0.94,0,-0.05,-0.4
21.400117443,2026-09-29T06:41:34.735+00:00,-1,idle,1,1.56971422266,0.767508538565,1.82079728885,0.512899907284,1.56924298376,0.712373587494,-0.000959931088597,0.000383972435439,-0.000296705972839,-0.000314159265359,0.00397935069455,0.087109382967,-0.114571254784,0.106820556169,0.721284397693,-1.6242958683,0.714219651581,-0.0377159692543,0.692188175692,-0.720795630807,-0.0253661122618,-0.0261867980245,0.752835446688,-0.657405609529,0.0273807712555,-0.268447169122,-0.268892836292,0.925391334177,-0.600403120912,-0.703436924785,-0.378767965905,-3.69117666676,-2.28118277075,-0.977547780476,0.398719957269,-0.492758875281,0.100014952596,0,0,0,0,0,0,0.707,-0.707,0,0.664,0.664,0.342,-0.242,-0.242,0.94,0,-0.05,-0.4
21.600128597,2026-09-29T06:41:34.935+00:00,-1,idle,1,1.56945242327,0.76754344515,1.82074492897,0.512847547406,1.57006328851,0.729669800381,-0.000942477796077,0.000349065850399,-0.000226892802759,-0.000279252680319,0.00396189740203,0.0871442895521,-0.114635465079,0.106821220105,0.721296774352,-1.62518106715,0.731647974657,-0.0384023584378,0.692369526781,-0.721007168904,-0.0193220190144,-0.0199940080028,0.74228912855,-0.669524542458,0.0209489467373,-0.268570346772,-0.268819415427,0.925376916842,-0.613339888211,-0.691940755365,-0.379213269027,-3.58832533636,-2.40961091621,-0.983131850253,0.398712494101,-0.468348552887,0.0999762901968,0,0,0,0,0,0,0.707,-0.707,0,0.664,0.664,0.342,-0.242,-0.242,0.94,0,-0.05,-0.4
21.800127098,2026-09-29T06:41:35.135+00:00,-1,idle,1,1.56927789035,0.767595805027,1.82071002239,0.512812640821,1.57083123338,0.747175452779,-0.000925024503557,0.000296705972839,-0.000157079632679,-0.000261799387799,0.00394444410951,0.087109382967,-0.11469974806,0.106821894534,0.721305983718,-1.62609696971,0.749078458573,-0.0391210419058,0.692516031121,-0.72115102687,-0.0132136063982,-0.0137165480578,0.73139750215,-0.681576660407,0.014408316407,-0.268646925657,-0.268731981719,0.925380085107,-0.62625515821,-0.68010688718,-0.379510340446,-3.49066498535,-2.46968476551,-0.955042290544,0.398894642503,-0.420014047162,0.0999670545459,0,0,0,0,0,0,0.707,-0.707,0,0.664,0.664,0.342,-0.242,-0.242,0.94,0,-0.05,-0.4
22.000150191,2026-09-29T06:41:35.335+00:00,-1,idle,1,1.56905099754,0.76768307149,1.82064020922,0.512760280943,1.57161663154,0.764768371639,-0.000890117918517,0.000244346095279,-8.72664625997e-05,-0.000226892802759,0.00392699081699,0.0870919296745,-0.114764074938,0.106822578225,0.721312021251,-1.62704548286,0.766507893112,-0.0398738884348,0.692599533818,-0.721249605358,-0.00705987984194,-0.00741961064233,0.720214650509,-0.693488713429,0.00786587293401,-0.268767647899,-0.268635061864,0.925373167361,-0.639033495707,-0.667995215465,-0.379719145122,-3.42389938953,-2.54601511685,-0.975221781427,0.398990852209,-0.401040094366,0.099952172711,0,0,0,0,0,0,0.707,-0.707,0,0.664,0.664,0.342,-0.242,-0.242,0.94,0,-0.05,-0.4
22.200068857,2026-09-29T06:41:35.535+00:00,-1,idle,1,1.56885901133,0.767717978075,1.82062275593,0.512707921066,1.57245438958,0.781890051601,-0.000872664625997,0.000209439510239,-1.74532925199e-05,-0.000191986217719,0.00390953752447,0.087109382967,-0.114828427246,0.106823270062,0.721314885595,-1.62802882904,0.783935867458,-0.0406630517109,0.692625564935,-0.721295383055,-0.00110608725819,-0.00125449302441,0.709142277331,-0.704849812239,0.00140089009076,-0.268818290721,-0.268617281268,0.92536361363,-0.651277941493,-0.656003428643,-0.379821300188,-3.31466001669,-2.64539109145,-0.972981835804,0.398890022421,-0.401108377265,0.0999830034029,0,0,0,0,0,0,0.707,-0.707,0,0.664,0.664,0.342,-0.242,-0.242,0.94,0,-0.05,-0.4
22.400158808,2026-09-29T06:41:35.735+00:00,-1,idle,1,1.5686844784,0.767805244537,1.82062275593,0.512690467773,1.57320488116,0.799570236924,-0.000855211333477,0.000157079632679,3.49065850399e-05,-0.000174532925199,0.00387463093943,0.0870919296745,-0.114892793527,0.106823969014,0.721314576296,-1.62904954001,0.801363862861,-0.0414909750391,0.692633281505,-0.721254191588,0.00507300632109,0.00507868831665,0.697468877188,-0.716385400305,-0.0051894607845,-0.268871461466,-0.268471982376,0.925390345926,-0.663742647842,-0.643446775507,-0.379723290257,-3.24020973603,-2.71848971097,-1.00000946242,0.398991325649,-0.401017947374,0.099952527252,0,0,0,0,0,0,0.707,-0.707,0,0.664,0.664,0.342,-0.242,-0.242,0.94,0,-0.05,-0.4
22.600155169,2026-09-29T06:41:35.935+00:00,-1,idle,1,1.56852739877,0.76782269783,1.82060530263,0.512655561188,1.57400773262,0.817494768342,-0.000837758040957,0.00012217304764,0.00010471975512,-0.00013962634016,0.00385717764691,0.0872141027222,-0.114959722162,0.106824702222,0.72131088836,-1.63015344492,0.819486576247,-0.0423958117591,0.692543523065,-0.721195322889,0.0113156427095,0.0115208999102,0.685426556868,-0.727835971702,-0.0119272458742,-0.268957968532,-0.268443091582,0.925373579676,-0.676136854715,-0.630477679921,-0.379612274357,-3.13034718455,-2.86698526402,-0.957735443226,0.398900832871,-0.401101958945,0.0999765727325,0,0,0,0,0,0,0.707,-0.707,0,0.664,0.664,0.342,-0.242,-0.242,0.94,0,-0.05,-0.4
22.800092173,2026-09-29T06:41:36.135+00:00,-1,idle,1,1.56835286584,0.767840151122,1.82062275593,0.512620654603,1.5747407709,0.834284835746,-0.000802851455917,6.98131700798e-05,0.000174532925199,-0.00012217304764,0.00383972435439,0.0870919296745,-0.115021488138,0.106825383854,0.721304437778,-1.63121379832,0.836216586782,-0.0432735994186,0.692417306875,-0.721079450903,0.0171787631287,0.0175382074997,0.673934359864,-0.738361208425,-0.0181921599476,-0.269054943512,-0.268366340558,0.925367647507,-0.687554300377,-0.618151464569,-0.379378125705,-3.11586710181,-2.88244807368,-0.949411302208,0.398922727138,-0.401081115896,0.0999728314865,0,0,0,0,0,0,0.707,-0.707,0,0.664,0.664,0.342,-0.242,-0.242,0.94,0,-0.05,-0.4
23.000125088,2026-09-29T06:41:36.335+00:00,-1,idle,1,1.56816087962,0.767857604415,1.82060530263,0.512585748018,1.57547380919,0.851773034851,-0.000785398163397,3.49065850399e-05,0.000244346095279,-8.72664625997e-05,0.00382227106187,0.087109382967,-0.115085782407,0.106826097632,0.721294611644,-1.63236345794,0.853641217196,-0.0442342757052,0.692218177048,-0.720919697118,0.0232991309508,0.0237894129537,0.661751963576,-0.749112390544,-0.0246744462072,-0.269212913879,-0.268281544996,0.925346279658,-0.699226533895,-0.605115393085,-0.379063892277,-3.00304293313,-3.01598717045,-0.954683659117,0.39896653873,-0.401047338937,0.0999334963792,0,0,0,0,0,0,0.707,-0.707,0,0.664,0.664,0.342,-0.242,-0.242,0.94,0,-0.05,-0.4
23.200079628,2026-09-29T06:41:36.535+00:00,-1,idle,1,1.56802125328,0.767840151122,1.82062275593,0.512550841433,1.57629411394,0.869784832731,-0.000767944870878,0,0.000314159265359,-5.23598775598e-05,0.00378736447683,0.087074476382,-0.115152589639,0.106826843016,0.721281031359,-1.63361182541,0.871762340202,-0.0452872927994,0.691952572957,-0.72070226734,0.0295576578354,0.0302691838819,0.649024433504,-0.759913789732,-0.0314586591914,-0.269300821161,-0.268290005301,0.925318232432,-0.711022750998,-0.591490071963,-0.378629794774,-2.928125741,-3.06551173491,-0.991658152472,0.398947582198,-0.401063234805,0.0999453807813,0,0,0,0,0,0,0.707,-0.707,0,0.664,0.664,0.342,-0.242,-0.242,0.94,0,-0.05,-0.4
23.400105714,2026-09-29T06:41:36.735+00:00,-1,idle,1,1.56786417365,0.767875057707,1.82060530263,0.512550841433,1.57700969893,0.886574900136,-0.000750491578358,-3.49065850399e-05,0.000383972435439,-3.49065850399e-05,0.00376991118431,0.087109382967,-0.115214190418,0.106827532882,0.721265456429,-1.63481563841,0.888489590549,-0.0463117924311,0.69166979195,-0.720432053993,0.0354155979123,0.0362807098434,0.636951418953,-0.769779052972,-0.0377031689332,-0.269403575421,-0.268215077544,0.925310038951,-0.72181964745,-0.578627584707,-0.378079096047,-2.87442938703,-3.17901151556,-0.99999298241,0.398951664057,-0.401053782664,0.0999670143144,0,0,0,0,-0.253280135764,0,0.707,-0.707,0,0.664,0.664,0.342,-0.242,-0.242,0.94,0,-0.05,-0.4
23.600123863,2026-09-29T06:41:36.935+00:00,-1,idle,1,1.5677594539,0.767875057707,1.82062275593,0.512533388141,1.5777776438,0.904045645948,-0.000733038285838,-8.72664625997e-05,0.000453785605519,0,0.00375245789179,0.0870919296745,-0.115278260819,0.106828252245,0.721246137491,-1.63612611228,0.905910640757,-0.0474364829549,0.691311806245,-0.720108289588,0.0414796039067,0.042561488139,0.62421970068,-0.779791696385,-0.0442667132417,-0.269478404998,-0.268215569007,0.925288095109,-0.732830235813,-0.565061340734,-0.377420719024,-2.76035953781,-3.22547775935,-0.966920862546,0.39898044627,-0.40103088495,0.0999440023452,0,0,0,0,-0.292240623085,0,0.707,-0.707,0,0.664,0.664,0.342,-0.242,-0.242,0.94,0,-0.05,-0.4
23.800070687,2026-09-29T06:41:37.135+00:00,-1,idle,1,1.56760237426,0.767875057707,1.82071002239,0.512533388141,1.57861540184,0.921987630659,-0.000715584993318,-0.00012217304764,0.000523598775598,0,0.00371755130675,0.087109382967,-0.115344796749,0.106829000462,0.721222692257,-1.63755572783,0.924032025936,-0.048673826129,0.690916189655,-0.719692457767,0.0477027329296,0.0490105537256,0.610944895114,-0.789826894208,-0.0509945403254,-0.269499624835,-0.268172975897,0.925294263628,-0.743925592615,-0.550967995608,-0.376555550422,-2.71824585322,-3.35237675795,-0.96594110042,0.429413977093,-0.40117726927,0.0999856261792,0,0,0,0,-0.333632052757,0,0.707,-0.707,0,0.664,0.664,0.342,-0.242,-0.242,0.94,0,-0.05,-0.4
24.000070330,2026-09-29T06:41:37.335+00:00,-1,idle,1,1.56746274792,0.767857604415,1.82081474214,0.512533388141,1.57926117367,0.938777698063,-0.000698131700798,-0.000174532925199,0.000593411945678,3.49065850399e-05,0.00370009801423,0.0871268362596,-0.115406072909,0.10682968986,0.721198035204,-1.63893998249,0.940752347662,-0.0498814987676,0.690497244352,-0.71924933412,0.053567503995,0.0549952127561,0.598313175707,-0.799018731119,-0.0571537309239,-0.269600234262,-0.268032536087,0.925305652851,-0.754086240069,-0.537621267176,-0.3756419836,-2.61491916487,-3.4382649666,-0.962502847094,0.47787657713,-0.401293435168,0.0999317491461,0,0,0,0,-0.343218158579,0,0.707,-0.707,0,0.664,0.664,0.342,-0.242,-0.242,0.94,0,-0.05,-0.4
24.200073969,2026-09-29T06:41:37.535+00:00,-1,idle,1,1.56732312158,0.767875057707,1.82100672836,0.512515934848,1.58006402512,0.956946575576,-0.000680678408278,-0.000209439510239,0.000663225115758,5.23598775598e-05,0.00366519142919,0.087109382967,-0.115472328717,0.106830434869,0.721168045855,-1.64051674716,0.958870360675,-0.05126774869,0.690016901265,-0.718685658275,0.0598661167295,0.0615113698931,0.584482614816,-0.808681810804,-0.063910231352,-0.269570766249,-0.26792760022,0.925344648542,-0.764866442564,-0.523027274542,-0.374455289378,-2.58354893028,-3.51726645408,-0.981447958842,0.500683342711,-0.401330375648,0.099942285602,1.06604338493,0,0,0,-0.362851588202,0,0.707,-0.707,0,0.664,0.664,0.342,-0.242,-0.242,0.94,0,-0.05,-0.4
24.400103457,2026-09-29T06:41:37.735+00:00,-1,idle,1,1.56716604195,0.767875057707,1.82121616787,0.512533388141,1.58083196999,0.974190428586,-0.000663225115758,-0.000261799387799,0.000733038285838,8.72664625997e-05,0.00364773813667,0.0871268362596,-0.115535875024,0.106831148273,0.721136010808,-1.64211477402,0.976290262243,-0.0526833503801,0.689520814292,-0.718083644546,0.0658438174546,0.0676869100831,0.571172836298,-0.81761009671,-0.0702876440599,-0.269523700298,-0.267799086773,0.925395585034,-0.774872612791,-0.509024929529,-0.373184482919,-2.47126762781,-3.66471828626,-0.988429550708,0.498824385011,-0.401445981226,0.0999773240649,1.22442760654,0,0,0,-0.425120617758,0,0.707,-0.707,0,0.664,0.664,0.342,-0.242,-0.242,0.94,0,-0.05,-0.4
24.600084587,2026-09-29T06:41:37.935+00:00,-1,idle,1,1.5670438689,0.767857604415,1.82144306067,0.512533388141,1.58149519511,0.991853160616,-0.000645771823238,-0.000296705972839,0.000802851455917,0.00010471975512,0.00363028484415,0.0871268362596,-0.115599235585,0.106831857773,0.721100853994,-1.64380023028,0.993705846991,-0.0541870985496,0.688950440407,-0.717420516175,0.0719900264376,0.0739765485,0.557345009259,-0.826522385943,-0.0767199939535,-0.269544508202,-0.267618792186,0.925441704903,-0.784870243258,-0.494519896065,-0.371800609673,-2.45703971379,-3.71284572541,-1.01356479455,0.498949905223,-0.401318896505,0.0999598250181,1.28986209643,0,0,0,-0.451129141391,0,0.707,-0.707,0,0.664,0.664,0.342,-0.242,-0.242,0.94,0,-0.05,-0.4
24.800100230,2026-09-29T06:41:38.135+00:00,-1,idle,1,1.56690424256,0.767787791245,1.8216175936,0.512550841433,1.58231549986,1.00925409326,-0.000628318530718,-0.000349065850399,0.000855211333477,0.00013962634016,0.00359537825911,0.0871442895521,-0.115662410255,0.106832562704,0.721062575571,-1.64558178224,1.01112152448,-0.0557875530126,0.688296084554,-0.716750209825,0.0779915521495,0.080218168116,0.543586767532,-0.835013355873,-0.0831745943256,-0.269553941032,-0.267612206981,0.925440861279,-0.794457738988,-0.480047291617,-0.370412201655,-2.37172478028,-3.87295509693,-1.0285220532,0.498917571111,-0.401338680443,0.100042454429,1.47176528355,0,0,0,-0.523900503415,0,0.707,-0.707,0,0.664,0.664,0.342,-0.242,-0.242,0.94,0,-0.05,-0.4
25.000069963,2026-09-29T06:41:38.335+00:00,-1,idle,1,1.56676461622,0.76768307149,1.82180957982,0.512533388141,1.58299617827,1.02672483907,-0.000610865238198,-0.000383972435439,0.000925024503557,0.000157079632679,0.00357792496659,0.0871268362596,-0.115725377889,0.106833262184,0.721021187844,-1.64746861116,1.02853590524,-0.0574938492783,0.687569676875,-0.71603914236,0.0840622123501,0.086425867104,0.529574154245,-0.843318360006,-0.0894981678115,-0.26968950795,-0.267517522171,0.925428733526,-0.803820741495,-0.465357409963,-0.368965766871,-2.32800918183,-3.88075552009,-1.01050023793,0.498945319548,-0.401314967565,0.0999991665956,1.5090147574,0,0,0,-0.538790586333,0,0.707,-0.707,0,0.664,0.664,0.342,-0.242,-0.242,0.94,0,-0.05,-0.4
25.200076253,2026-09-29T06:41:38.535+00:00,-1,idle,1,1.56662498988,0.767578351735,1.82201901933,0.512550841433,1.58369430997,1.04417813159,-0.000610865238198,-0.000418879020479,0.000994837673637,0.000174532925199,0.00354301838155,0.087109382967,-0.115788123634,0.106833955428,0.720976700011,-1.64947129857,1.04594930152,-0.0593165062981,0.686805997328,-0.715260227613,0.0901116456814,0.0926294777158,0.51541908362,-0.851352386451,-0.0958072115528,-0.269778537773,-0.26741773645,0.925431625533,-0.81294016311,-0.450550627917,-0.367370772759,-2.26606594386,-4.05532155268,-1.01443887298,0.498961576533,-0.401300290784,0.0999769481888,1.6736445544,0,0,0,-0.604630167571,0,0.707,-0.707,0,0.664,0.664,0.342,-0.242,-0.242,0.94,0,-0.05,-0.4
25.400077283,2026-09-29T06:41:38.735+00:00,-1,idle,1,1.56652027013,0.767473631979,1.82229827201,0.512550841433,1.58444480155,1.0616488774,-0.000593411945678,-0.000471238898038,0.00106465084372,0.000209439510239,0.00352556508903,0.0871268362596,-0.115850625141,0.106834641595,0.720929127876,-1.65160161431,1.06335989742,-0.0612672534716,0.685999800357,-0.714415509143,0.0961269734936,0.0988653588134,0.501115085956,-0.859111189149,-0.102176591241,-0.269786532748,-0.26737429314,0.925441852664,-0.821832037204,-0.435600679576,-0.365624563645,-2.19211509743,-4.10794831494,-0.989048149873,0.498969054902,-0.401284762061,0.100001951968,1.75181210284,0,0,0,-0.635838067667,0,0.707,-0.707,0,0.664,0.664,0.342,-0.242,-0.242,0.94,0,-0.05,-0.4
25.600065834,2026-09-29T06:41:38.935+00:00,-1,idle,1,1.56639809708,0.767334005639,1.82247280493,0.512550841433,1.58509057337,1.07826441188,-0.000575958653158,-0.000506145483078,0.0011344640138,0.000226892802759,0.00349065850399,0.0871442895521,-0.115910383001,0.106835292973,0.720880567602,-1.6537794758,1.08007162906,-0.0632731070846,0.685138622655,-0.713605620102,0.10187894056,0.104750981743,0.487347204996,-0.8662690938,-0.108123125756,-0.269953601125,-0.26731665741,0.925409766085,-0.830016117327,-0.421222817282,-0.363991970393,-2.15145169267,-4.2588475839,-1.00563385008,0.499044695767,-0.357435975907,0.0999602936375,1.89989755537,0,0,0,-0.673205234686,0,0.707,-0.707,0,0.664,0.664,0.342,-0.242,-0.242,0.94,0,-0.05,-0.4
25.800075759,2026-09-29T06:41:39.135+00:00,-1,idle,1,1.56629337732,0.767211832592,1.82271715103,0.512585748018,1.58580615836,1.09638092952,-0.000558505360638,-0.000558505360638,0.00120427718388,0.000261799387799,0.00347320521147,0.0871442895521,-0.115974839117,0.106835989815,0.720824774404,-1.65630201298,1.09817437401,-0.0656096486608,0.684182309641,-0.712631244402,0.108121841842,0.1111797823,0.472193953566,-0.873789035996,-0.114612532232,-0.270024139842,-0.267242059608,0.925410732293,-0.83870664366,-0.405442230349,-0.361998541451,-2.0538225757,-4.3539790398,-0.992742779228,0.499029966321,-0.368927912795,0.0999344561269,2.00974879467,0,0,0,-0.722559852424,0,0.707,-0.707,0,0.664,0.664,0.342,-0.242,-0.242,0.94,0,-0.05,-0.4
26.000067706,2026-09-29T06:41:39.335+00:00,-1,idle,1,1.56617120428,0.767072206252,1.82297895042,0.512655561188,1.58648683677,1.11390403521,-0.000558505360638,-0.000593411945678,0.00127409035396,0.000279252680319,0.00343829862643,0.0871442895521,-0.116036520517,0.106836650463,0.720768018682,-1.6589058477,1.11557816524,-0.0680349328903,0.683216124448,-0.711621339849,0.114160323219,0.117380648184,0.457382140885,-0.880796928124,-0.120826400225,-0.270079646401,-0.267131256662,0.925426533689,-0.846857462504,-0.390059819927,-0.359931537591,-2.06069382264,-4.41637369054,-0.999638998955,0.49917219761,-0.331412289955,0.0999034749959,2.07524427319,0,0,0,-0.7236590082,0,0.707,-0.707,0,0.664,0.664,0.342,-0.242,-0.242,0.94,0,-0.05,-0.4
26.200128346,2026-09-29T06:41:39.535+00:00,-1,idle,1,1.56604903123,0.766915126619,1.8232407498,0.512760280943,1.58718496847,1.13114788822,-0.000541052068118,-0.000628318530718,0.00132645023152,0.000314159265359,0.00342084533391,0.0871442895521,-0.116097901923,0.106837301285,0.720708224128,-1.66170594098,1.13298076301,-0.0706566877822,0.682216087814,-0.71057210884,0.120083072336,0.123484992632,0.442676332801,-0.887421184077,-0.126932742348,-0.270109882105,-0.267043670139,0.925442995787,-0.854627004001,-0.374807044078,-0.35778113487,-1.92267108903,-4.5730091469,-1.01328955743,0.499171207048,-0.303207426322,0.0999370825252,2.25485854495,0,0,0,-0.774403994324,0,0.707,-0.707,0,0.664,0.664,0.342,-0.242,-0.242,0.94,0,-0.05,-0.4
26.400120527,2026-09-29T06:41:39.735+00:00,-1,idle,1,1.56594431147,0.766792953571,1.82350254919,0.512882453991,1.58779583371,1.14884552683,-0.000523598775598,-0.000680678408278,0.0013962634016,0.000331612557879,0.00338593874887,0.0871966494296,-0.116158955406,0.106837941511,0.720645417805,-1.66472609525,1.15037843554,-0.0734986958272,0.681155423158,-0.709422996429,0.126177246625,0.129713546229,0.42742837945,-0.893965079509,-0.133083656916,-0.270142504547,-0.266867808059,0.925484223668,-0.862343903369,-0.359050149201,-0.355431698084,-1.93293406412,-4.6269007117,-1.00268758232,0.499231296406,-0.308906655142,0.0999257998004,2.30618156801,0,0,0,-0.796930666491,0,0.707,-0.707,0,0.664,0.664,0.342,-0.242,-0.242,0.94,0,-0.05,-0.4
26.600110629,2026-09-29T06:41:39.935+00:00,-1,idle,1,1.56580468513,0.766688233816,1.82381670846,0.512969720454,1.5885114187,1.16598466009,-0.000506145483078,-0.000715584993318,0.00146607657168,0.000349065850399,0.00336848545635,0.0871966494296,-0.116219668,0.106838570555,0.720579613455,-1.66799493276,1.16777159394,-0.0765895169955,0.680083215833,-0.708251006554,0.13203687949,0.135770371259,0.412554161013,-0.900013026191,-0.139084936601,-0.27010377532,-0.26676644658,0.925524770323,-0.869570017186,-0.343687671682,-0.353020225949,-1.86791064936,-4.80574373387,-1.00932856636,0.504040869624,-0.301383129597,0.0999536507485,2.477136395,0,0,0,-0.85866317741,0,0.707,-0.707,0,0.664,0.664,0.342,-0.242,-0.242,0.94,0,-0.05,-0.4
26.800068337,2026-09-29T06:41:40.135+00:00,-1,idle,1,1.56573487196,0.766513700891,1.82411341443,0.513126800086,1.58926191028,1.18361248553,-0.000506145483078,-0.000750491578358,0.00153588974176,0.000383972435439,0.00333357887131,0.0871268362596,-0.116280025341,0.106839187841,0.720510826837,-1.67154615107,1.18516015294,-0.0799627911289,0.678908793933,-0.707009970371,0.138023067258,0.142018957258,0.397153754356,-0.905932788923,-0.145300136833,-0.270056563699,-0.266759778286,0.925540477363,-0.876725354831,-0.327771265738,-0.350466396392,-1.81640615895,-4.85393876372,-1.02844079157,0.55640971059,-0.301461445342,0.0999835337866,2.54521163953,0,0,0,-0.859200031736,0,0.707,-0.707,0,0.664,0.664,0.342,-0.242,-0.242,0.94,0,-0.05,-0.4
27.000067603,2026-09-29T06:41:40.335+00:00,-1,idle,1,1.56561269892,0.766374074551,1.8244101204,0.513231519841,1.58983786893,1.20106577805,-0.000488692190558,-0.000785398163397,0.00158824961931,0.000401425727959,0.00329867228627,0.0871966494296,-0.116340012618,0.106839792814,0.720439074618,-1.67541976083,1.20254378738,-0.0836584733814,0.677701006275,-0.705721000983,0.144015092497,0.148117750449,0.381731393485,-0.911571786876,-0.151207184183,-0.270115160975,-0.266566228247,0.925579161738,-0.883531517853,-0.311910761805,-0.347855721252,-1.7852698651,-5.02016730789,-1.03364182653,0.599196291977,-0.301581105346,0.0999580826817,2.6936081276,0,0,0,-0.883106244826,0,0.707,-0.707,0,0.664,0.664,0.342,-0.242,-0.242,0.94,0,-0.05,-0.4
27.200109385,2026-09-29T06:41:40.535+00:00,-1,idle,1,1.56552543245,0.76616463504,1.82475918625,0.513283879719,1.59053600063,1.21818745801,-0.000488692190558,-0.000820304748437,0.00165806278939,0.000418879020479,0.00328121899375,0.0871442895521,-0.116399615894,0.106840384951,0.720364373386,-1.679663733,1.21992227252,-0.0877244768036,0.676426952033,-0.70444111136,0.149830028582,0.154143639912,0.366530176588,-0.916789925302,-0.157116096759,-0.270171552022,-0.26655307136,0.925566485545,-0.889928065704,-0.296234186098,-0.34526107944,-1.71492429914,-5.08977895527,-1.01430152757,0.599103196379,-0.301735685788,0.0999642315325,2.77658106374,0,0,0,-0.913124251428,0,0.707,-0.707,0,0.664,0.664,0.342,-0.242,-0.242,0.94,0,-0.05,-0.4
27.400072886,2026-09-29T06:41:40.735+00:00,-1,idle,1,1.5654207127,0.765990102115,1.82507334552,0.513353692889,1.59119922575,1.23579783017,-0.000471238898038,-0.000872664625997,0.00172787595947,0.000453785605519,0.00324631240871,0.0871268362596,-0.116458824295,0.106840963784,0.720286735783,-1.68433626032,1.23729612651,-0.0922189279852,0.675070616169,-0.70306541958,0.155821881248,0.160306644594,0.350767283799,-0.921893012055,-0.163084292374,-0.270251643398,-0.266477193874,0.925564951322,-0.896233988341,-0.280021748209,-0.3424865464,-1.71690335725,-5.21852591973,-1.00555306929,0.599176888941,-0.30165826155,0.0999475877967,2.89854203487,0,0,0,-0.961920552211,0,0.707,-0.707,0,0.664,0.664,0.342,-0.242,-0.242,0.94,0,-0.05,-0.4
27.600071966,2026-09-29T06:41:40.935+00:00,-1,idle,1,1.56531599294,0.765833022483,1.82542241137,0.513475865937,1.5917751844,1.25318130952,-0.000453785605519,-0.000907571211037,0.00178023583703,0.000471238898038,0.00321140582367,0.0872141027222,-0.116517606429,0.106841528669,0.720206203118,-1.68950643818,1.25465959289,-0.0972109186226,0.673721315696,-0.701615125763,0.161742076426,0.166358963663,0.335083564482,-0.926668781587,-0.168854878421,-0.270266826699,-0.266304494928,0.925610245318,-0.902210533745,-0.263961901065,-0.339555155749,-1.65053236976,-5.33463589256,-1.01270662578,0.599175253464,-0.301659901207,0.0999514615354,3.00612728749,0,0,-0.203633234466,-1.00488230639,0,0.707,-0.707,0,0.664,0.664,0.342,-0.242,-0.242,0.94,0,-0.05,-0.4
27.800063489,2026-09-29T06:41:41.135+00:00,-1,idle,1,1.56524617977,0.76567594285,1.82578893051,0.513545679107,1.59252567598,1.27066950862,-0.000453785605519,-0.000942477796077,0.00185004900711,0.000488692190558,0.00317649923863,0.0871268362596,-0.116575963944,0.106842079307,0.720122773152,-1.69526239595,1.2720163653,-0.102788475334,0.672277926917,-0.700134923292,0.167617357812,0.172504781172,0.319254483831,-0.931135879912,-0.174806334263,-0.270252212066,-0.266339365009,0.925604476522,-0.907936846057,-0.247706107689,-0.33654583424,-1.65150851902,-5.42357963592,-1.04413960666,0.599180760729,-0.301639221397,0.0999808323175,3.08008329481,0,0,-0.236766074111,-1.03450898022,0,0.707,-0.707,0,0.664,0.664,0.342,-0.242,-0.242,0.94,0,-0.05,-0.4
28.000108344,2026-09-29T06:41:41.335+00:00,-1,idle,1,1.56514146002,0.76546650334,1.82617290295,0.513667852154,1.59310163464,1.28817516102,-0.000436332312999,-0.000977384381117,0.00191986217719,0.000523598775598,0.00315904594611,0.0872490093072,-0.116633868233,0.106842615136,0.720036486379,-1.70171071478,1.28936082669,-0.109058169227,0.670802274378,-0.698580605757,0.17355453667,0.17857286678,0.303262393154,-0.935374893702,-0.180518095697,-0.270295542268,-0.266181514413,0.92563724789,-0.913389971879,-0.231365964689,-0.333426007452,-1.57906156891,-5.57170509481,-1.01015384256,0.599207799639,-0.301595411095,0.0999509462238,3.22266435259,0,0,-0.247440046928,-1.09147969425,0,0.707,-0.707,0,0.664,0.664,0.342,-0.242,-0.242,0.94,0,-0.05,-0.4
28.200066159,2026-09-29T06:41:41.535+00:00,-1,idle,1,1.56503674026,0.764925451272,1.82657432867,0.513737665325,1.59372995317,1.30562845354,-0.000436332312999,-0.00101229096616,0.00197222205475,0.000541052068118,0.00312413936107,0.0871791961371,-0.116691318397,0.106843135873,0.719947343805,-1.70898905009,1.30669515917,-0.116157561002,0.66914377306,-0.697107620963,0.179475963152,0.184596734587,0.287237869247,-0.939300866476,-0.186213405521,-0.270662403033,-0.266159361052,0.925536359952,-0.918447205916,-0.214900155333,-0.33056166446,-1.5513778041,-5.64944258425,-0.988923828654,0.599256339899,-0.301553892927,0.0997850667457,3.2964709799,0,0,-0.273005965425,-1.12096367562,0,0.707,-0.707,0,0.664,0.664,0.342,-0.242,-0.242,0.94,0,-0.05,-0.4
28.400108586,2026-09-29T06:41:41.735+00:00,-1,idle,1,1.56498438039,0.764890544687,1.82695830111,0.51384238508,1.59441063157,1.32290721313,-0.000418879020479,-0.0010471975512,0.00202458193231,0.000558505360638,0.00308923277603,0.0871966494296,-0.116748290051,0.106843641042,0.719855382487,-1.71727029424,1.32401388302,-0.12425952148,0.667620026319,-0.695435652464,0.185237524443,0.190630042958,0.271319412711,-0.942874599712,-0.191901998707,-0.270521643849,-0.266131613957,0.925585515948,-0.923316206126,-0.198671722373,-0.327152984947,-1.53606046004,-5.83103543191,-1.04654032509,0.599189099831,-0.301654006008,0.0998862057377,3.43153125698,0,0,-0.306210255118,-1.17511487396,0,0.707,-0.707,0,0.664,0.664,0.342,-0.242,-0.242,0.94,0,-0.05,-0.4
28.600165144,2026-09-29T06:41:41.935+00:00,-1,idle,1,1.56491456722,0.764785824931,1.82737718013,0.513964558127,1.59495168364,1.34056994516,-0.000418879020479,-0.00108210413624,0.00209439510239,0.000575958653158,0.00307177948351,0.0871966494296,-0.116804761258,0.106844130219,0.719760638484,-1.72677899127,1.34131134771,-0.133588567344,0.666013977354,-0.693670715861,0.191171204919,0.196722877,0.254923885067,-0.946279522185,-0.197502780002,-0.270454494108,-0.265958876747,0.9256548233,-0.927996325122,-0.182016322821,-0.323604388093,-1.48425273998,-5.88443819538,-1.03494447838,0.599250492985,-0.301523031599,0.0999133567924,3.50786072632,0,0,-0.315722412497,-1.2054790842,0,0.707,-0.707,0,0.664,0.664,0.342,-0.242,-0.242,0.94,0,-0.05,-0.4
28.800065473,2026-09-29T06:41:42.135+00:00,-1,idle,1,1.56482730075,0.764576385421,1.82779605915,0.51412163776,1.59563236205,1.35790106464,-0.000418879020479,-0.0011344640138,0.00214675497995,0.000610865238198,0.00303687289847,0.0872141027222,-0.116860730958,0.106844603182,0.719663113492,-1.73781598906,1.35858713869,-0.144445453391,0.664348909883,-0.691922513187,0.196939947162,0.202727449779,0.238790630187,-0.949298091776,-0.203066590307,-0.270417371929,-0.265933795901,0.925672883868,-0.932288839306,-0.165593928477,-0.320090099773,-1.50702212464,-6.03773541227,-1.03883148019,0.59920337759,-0.301596515616,0.0999741208837,3.62617900705,-1.03533541908,0,-0.358553223302,-1.25286931705,0,0.707,-0.707,0,0.664,0.664,0.342,-0.242,-0.242,0.94,0,-0.05,-0.4
29.000117720,2026-09-29T06:41:42.335+00:00,-1,idle,1,1.56474003429,0.764349492618,1.82824984476,0.514243810808,1.59624322729,1.37537181045,-0.000401425727959,-0.00116937059884,0.00221656815003,0.000628318530718,0.00300196631343,0.0872315560147,-0.116916174687,0.106845059529,0.719562850064,-1.75078238681,1.3758319798,-0.157231260615,0.662616649342,-0.690111176582,0.202765952659,0.208738373123,0.222438721316,-0.952070006044,-0.208548872609,-0.270423405764,-0.265849034397,0.925695479487,-0.936323233117,-0.148983202075,-0.316479457454,-1.45076173628,-6.11659595449,-1.04693719649,0.599205651021,-0.301581228454,0.100006605892,3.69190074156,-1.05668005513,0,-0.366902093638,-1.27914091366,0,0.707,-0.707,0,0.664,0.664,0.342,-0.242,-0.242,0.94,0,-0.05,-0.4
29.200073186,2026-09-29T06:41:42.535+00:00,-1,idle,1,1.56463531454,0.764105146523,1.82868617707,0.514348530563,1.59683663923,1.39284255626,-0.000401425727959,-0.00120427718388,0.00226892802759,0.000645771823238,0.00296705972839,0.0872141027222,-0.116971082855,0.106845499005,0.719459865575,-1.76623597959,1.39303874799,-0.172503719201,0.660815779378,-0.688264509904,0.208592791726,0.214717296397,0.206011500639,-0.954558777828,-0.213940492388,-0.270491645621,-0.26574502295,0.925705411949,-0.940054536319,-0.132310704209,-0.312830554783,-1.46474067341,-6.27206086503,-1.05871534125,0.59922436781,-0.301557640416,0.0999655806911,3.81645777541,-1.17262812615,0,-0.415173082192,-1.3289533236,0,0.707,-0.707,0,0.664,0.664,0.342,-0.242,-0.242,0.94,0,-0.05,-0.4
29.400105386,2026-09-29T06:41:42.735+00:00,-1,idle,1,1.56454804807,0.763895707013,1.82917486926,0.514505610195,1.5973951446,1.41012131586,-0.000383972435439,-0.00123918376892,0.00232128790515,0.000663225115758,0.00293215314335,0.0871966494296,-0.117025446431,0.106845921377,0.719354176134,-1.78496975805,1.41019681145,-0.191055752638,0.659032219477,-0.686341609246,0.214326781951,0.22062583631,0.189703184666,-0.956734845414,-0.219202332392,-0.270431804277,-0.265618961585,0.925759102062,-0.943497928436,-0.115818836196,-0.309005537851,-1.39994188566,-6.38157365287,-1.04940570347,0.639597717126,-0.301760170191,0.0999820755522,3.91741149755,-1.19465927226,0,-0.399190765075,-1.34572320597,0,0.707,-0.707,0,0.664,0.664,0.342,-0.242,-0.242,0.94,0,-0.05,-0.4
29.600110516,2026-09-29T06:41:42.935+00:00,-1,idle,1,1.5644782349,0.763616454333,1.82959374828,0.514645236536,1.59800600983,1.42764442155,-0.000383972435439,-0.00125663706144,0.00239110107523,0.000698131700798,0.00289724655831,0.0872315560147,-0.117079238407,0.106846326292,0.719245834308,-1.80813929004,1.42728395471,-0.214042922509,0.657106210841,-0.684403060532,0.220121445532,0.226606327419,0.173122958042,-0.958631673817,-0.224536614505,-0.270518873071,-0.265577322452,0.925745602412,-0.946655682237,-0.0990100992576,-0.305192379265,-1.43513579709,-6.48857172959,-1.06626681188,0.69967573961,-0.30185205127,0.0999539023004,3.99346979254,-1.31198144151,0,-0.406111288447,-1.33745538374,0,0.707,-0.707,0,0.664,0.664,0.342,-0.242,-0.242,0.94,0,-0.05,-0.4
29.800136171,2026-09-29T06:41:43.135+00:00,-1,idle,1,1.56439096844,0.763354654945,1.83009989376,0.514767409583,1.59849470202,1.44504535419,-0.000383972435439,-0.00129154364648,0.00244346095279,0.000715584993318,0.00286233997327,0.0871966494296,-0.117132455492,0.1068467136,0.719134846742,-1.83751684764,1.44427570914,-0.243237415886,0.655186674855,-0.682385619529,0.225892792981,0.232492437363,0.156575149998,-0.960257797371,-0.229644197506,-0.270549385612,-0.265402294052,0.925786901231,-0.949524224203,-0.0823139411002,-0.301241026522,-1.38710075252,-6.655436541,-1.04924195356,0.699146127074,-0.301920740529,0.0999118435718,4.11674540074,-1.36188863069,0,-0.423722608662,-1.38294938693,0,0.707,-0.707,0,0.664,0.664,0.342,-0.242,-0.242,0.94,0,-0.05,-0.4
30.000119687,2026-09-29T06:41:43.335+00:00,-1,idle,0,1.56432115527,0.763127762142,1.83055367937,0.514959395801,1.59910556726,1.46195759464,-0.000174532925199,-0.000610865238198,0.00115191730632,0.000331612557879,0.001308996939,0.0405265452313,-0.117179496259,0.106847043626,0.719033592222,-1.87126419989,1.45933225886,-0.276820496534,0.653273421041,-0.680374723934,0.23142687158,0.23825548368,0.140485323764,-0.961518199509,-0.234688242092,-0.270500736996,-0.265379175386,0.925807754789,-0.952051587411,-0.0660730299383,-0.297263233845,-1.39464987692,-6.70908347026,-1.06372205508,0.699535863061,-0.301085719411,0.0999856770469,4.16949534688,-1.43652977812,0,-0.454275748558,-1.40361078827,0,0.707,-0.707,0,0.664,0.664,0.342,-0.242,-0.242,0.94,0,-0.05,-0.4
30.200128970,2026-09-29T06:41:43.535+00:00,-1,idle,0,1.56428624868,0.763127762142,1.83064094583,0.514994302386,1.59917538043,1.46619874472,0,-5.23598775598e-05,0.00010471975512,1.74532925199e-05,0.00010471975512,0.00368264472171,-0.117188325693,0.106847102752,0.719014425554,-1.87865963021,1.46214965227,-0.284184643724,0.652803895605,-0.679846435693,0.232843132275,0.239666379602,0.136419696846,-0.961817424291,-0.235849468959,-0.270487117849,-0.265276733435,0.925841109311,-0.952646516495,-0.0620040081615,-0.296238532775,-1.33661218586,-6.7873853433,-0.975377214365,0.699972782287,-0.300059575581,0.10001165082,4.26365994365,-1.42480189095,0,-0.452868317599,-1.43997199264,0,0.707,-0.707,0,0.664,0.664,0.342,-0.242,-0.242,0.94,0,-0.05,-0.4
30.400121336,2026-09-29T06:41:43.735+00:00,-1,settling,0,1.56428624868,0.763127762142,1.83067585242,0.514976849093,1.59917538043,1.46651290399,0,0,0,0,0,0.000331612557879,-0.117189130896,0.106847108078,0.719012677577,-1.87935322673,1.46240627955,-0.284875377673,0.652772186396,-0.679804169641,0.232947790025,0.239770913019,0.136117960257,-0.961839568261,-0.235932873922,-0.270478441127,-0.265266166085,0.925846674805,-0.952692140086,-0.0617049921655,-0.296154712533,-1.34727780206,-6.79989525328,-1.06746240169,0.699987716136,-0.300032779218,0.0999874842166,4.26863146625,-1.46542878989,0,-0.466848184661,-1.4418758853,0,0.707,-0.707,0,0.664,0.664,0.342,-0.242,-0.242,0.94,0,-0.05,-0.4
30.600119832,2026-09-29T06:41:43.935+00:00,-1,idle,1,1.56428624868,0.763110308849,1.83062349254,0.514976849093,1.59914047385,1.46143399586,0.000314159265359,0.00111701072128,-0.00211184839491,-0.000610865238198,-0.00242600766027,-0.074351026135,-0.117165049984,0.106846941825,0.71906520866,-1.85991596266,1.45469715458,-0.265522751807,0.653359448966,-0.680412394928,0.23124066412,0.238092751953,0.140987406464,-0.961478973073,-0.234548842659,-0.270420960782,-0.265390330958,0.925827872766,-0.952000028985,-0.0665969711904,-0.297310595872,-1.31470964088,-6.74090666665,-1.02124759212,0.700822680487,-0.298015047685,0.100172702257,4.26909037768,-1.41034325394,0,-0.44593554586,-1.44041076123,0,0.707,-0.707,0,0.664,0.664,0.342,-0.242,-0.242,0.94,0,-0.05,-0.4
30.800158902,2026-09-29T06:41:44.135+00:00,-1,idle,1,1.56430370198,0.763162668727,1.8302569734,0.514959395801,1.5987739547,1.4450279009,0.000366519142919,0.00127409035396,-0.00239110107523,-0.000698131700798,-0.00284488668075,-0.0860447321233,-0.117115030925,0.106846586123,0.719171862508,-1.82701486051,1.43869212004,-0.232795404532,0.655219078134,-0.68235681188,0.225805831873,0.232570133985,0.156635885141,-0.960205960309,-0.229819572046,-0.270369690406,-0.265574084663,0.925790135183,-0.949565390058,-0.0823645514878,-0.301097309689,-1.34474441277,-6.68113162184,-1.06271642422,0.700881344845,-0.297855515763,0.100236722746,4.20310803924,-1.37752147521,0,-0.430799361604,-1.41356561463,0,0.707,-0.707,0,0.664,0.664,0.342,-0.242,-0.242,0.94,0,-0.05,-0.4
31.000110967,2026-09-29T06:41:44.335+00:00,-1,idle,1,1.56430370198,0.763476827992,1.82968101474,0.514941942508,1.5980932763,1.42743498204,0.000383972435439,0.00125663706144,-0.00237364778271,-0.000680678408278,-0.00289724655831,-0.087039569797,-0.117061903526,0.106846194064,0.719281531681,-1.80004891257,1.4217487743,-0.206011202215,0.657223294766,-0.684336052062,0.220052423905,0.226536176798,0.173298070313,-0.958632377583,-0.224398859492,-0.270297315875,-0.265475704483,0.92583950924,-0.946686928111,-0.0992754500267,-0.305008778546,-1.32286957853,-6.51231392044,-1.05334514757,0.700804851717,-0.298043309948,0.100213340502,4.11588375216,-1.2578717522,0,-0.382025393008,-1.37882196464,0,0.707,-0.707,0,0.664,0.664,0.342,-0.242,-0.242,0.94,0,-0.05,-0.4
31.200112303,2026-09-29T06:41:44.535+00:00,-1,idle,1,1.56439096844,0.76380844055,1.82919232255,0.514802316168,1.59746495777,1.41013876915,0.000383972435439,0.0012217304764,-0.00232128790515,-0.000663225115758,-0.00293215314335,-0.0871791961371,-0.117007966889,0.10684578252,0.719389077781,-1.77848572113,1.40464303572,-0.184629865624,0.659117687239,-0.686255506633,0.214338006821,0.220627452545,0.189662089513,-0.956760316218,-0.219126629923,-0.270234721539,-0.26550862111,0.925848346984,-0.943562656677,-0.115861423374,-0.308791771985,-1.33093403676,-6.44704669535,-1.06417832694,0.692389169787,-0.2980275494,0.10024844444,4.03601597666,-1.23091821333,0,-0.371716970435,-1.34864856187,0,0.707,-0.707,0,0.664,0.664,0.342,-0.242,-0.242,0.94,0,-0.05,-0.4
31.400113965,2026-09-29T06:41:44.735+00:00,-1,idle,1,1.56451314149,0.764087693231,1.82868617707,0.514645236536,1.59681918594,1.39254585029,0.000401425727959,0.00118682389136,-0.00225147473507,-0.000645771823238,-0.00296705972839,-0.0872141027222,-0.116953458125,0.106845353541,0.719493978706,-1.76092573642,1.3874715772,-0.167251148569,0.660958944842,-0.688188866863,0.208507992216,0.214601430429,0.206257403136,-0.954553575947,-0.213727214206,-0.270250295443,-0.265583688558,0.925822257032,-0.940070030085,-0.1326716813,-0.312630494822,-1.35623318302,-6.28476019917,-1.02963651811,0.620377301932,-0.298294810019,0.100162480862,3.93618331329,-1.11716894873,0,-0.365453217841,-1.34665280213,0,0.707,-0.707,0,0.664,0.664,0.342,-0.242,-0.242,0.94,0,-0.05,-0.4
31.600122489,2026-09-29T06:41:44.935+00:00,-1,idle,1,1.56460040795,0.764349492618,1.82821493817,0.514418343733,1.5962083207,1.37497038472,0.000401425727959,0.00115191730632,-0.00219911485751,-0.000628318530718,-0.00300196631343,-0.0871442895521,-0.116898390121,0.106844907396,0.719596203723,-1.74635102294,1.37025018058,-0.1528571714,0.662725117956,-0.690088132086,0.202672406401,0.208560983092,0.222772792649,-0.95205253493,-0.208272616186,-0.270321176837,-0.265674150006,0.925775584135,-0.936273327725,-0.1494062139,-0.31642706137,-1.35676183641,-6.21163499946,-1.05356081718,0.600851703016,-0.298423912897,0.100113694237,3.86410837587,-1.08716320399,0,-0.380860621948,-1.34494177015,0,0.707,-0.707,0,0.664,0.664,0.342,-0.242,-0.242,0.94,0,-0.05,-0.4
31.800068632,2026-09-29T06:41:45.135+00:00,-1,idle,1,1.56468767441,0.764576385421,1.82776115257,0.514226357515,1.595510189,1.35763926525,0.000418879020479,0.00111701072128,-0.00214675497995,-0.000593411945678,-0.00303687289847,-0.0871617428446,-0.116842795211,0.106844444512,0.719695691853,-1.73406341113,1.35299544599,-0.140749754846,0.664426560251,-0.691899814727,0.196931287647,0.202558782478,0.238970597769,-0.949321087687,-0.202747566365,-0.270408068142,-0.265681670355,0.925748035334,-0.932245423741,-0.165866580452,-0.32007499029,-1.41217505133,-6.08593430927,-1.03724684407,0.600788480302,-0.298395521359,0.100047491005,3.7391199041,-1.01415261298,0,-0.35113156775,-1.29486229169,0,0.707,-0.707,0,0.664,0.664,0.342,-0.242,-0.242,0.94,0,-0.05,-0.4
32.000120001,2026-09-29T06:41:45.335+00:00,-1,idle,1,1.56480984746,0.764803278224,1.82730736696,0.514069277882,1.59493423035,1.34008125297,0.000418879020479,0.00108210413624,-0.00207694180987,-0.000575958653158,-0.00307177948351,-0.0872490093072,-0.116786672784,0.106843965062,0.719792443683,-1.72355964211,1.33571045313,-0.130425738559,0.6660922792,-0.693688394334,0.191038621213,0.196524126662,0.255349509717,-0.946218236607,-0.197247394726,-0.270424402357,-0.265848497685,0.925695342417,-0.927888070026,-0.182495547868,-0.323644246515,-1.38226045796,-5.96644880317,-1.00979810464,0.600780626193,-0.298424155909,0.100028189183,3.68069283702,0,0,-0.319467363391,-1.27148000824,0,0.707,-0.707,0,0.664,0.664,0.342,-0.242,-0.242,0.94,0,-0.05,-0.4
32.200074653,2026-09-29T06:41:45.535+00:00,-1,idle,1,1.56491456722,0.765030171027,1.82692339453,0.513929651542,1.59437572499,1.32259305387,0.000436332312999,0.0010471975512,-0.00202458193231,-0.000558505360638,-0.00310668606855,-0.0871966494296,-0.116730052081,0.106843469493,0.719886408753,-1.71447781408,1.31840533629,-0.121523223119,0.667726907708,-0.695391185189,0.185145609239,0.190507164338,0.271586160545,-0.942836573322,-0.191712042523,-0.270364611584,-0.266004217643,0.925668059,-0.923283777721,-0.199022491699,-0.327030789528,-1.45655780087,-5.85535497893,-1.02397686109,0.600746189837,-0.298480589779,0.100066598876,3.53377688198,0,0,-0.300243520703,-1.21280292406,0,0.707,-0.707,0,0.664,0.664,0.342,-0.242,-0.242,0.94,0,-0.05,-0.4
32.400106013,2026-09-29T06:41:45.735+00:00,-1,idle,1,1.56500183368,0.765222157244,1.8265045155,0.513807478495,1.5936426867,1.30540156074,0.000436332312999,0.00101229096616,-0.00195476876223,-0.000541052068118,-0.00312413936107,-0.0871268362596,-0.116672941757,0.106842958097,0.719977573129,-1.70654456133,1.30108240723,-0.113768912438,0.669279818565,-0.69701819947,0.179410438421,0.184504874336,0.287419752573,-0.939281371723,-0.186031449929,-0.270419074735,-0.265987734664,0.925656880583,-0.918461980623,-0.215197652737,-0.330326564277,-1.44654682532,-5.72434620933,-1.01098855893,0.600837895441,-0.298306751407,0.100034375379,3.46867430332,0,0,-0.268031351754,-1.18659329052,0,0.707,-0.707,0,0.664,0.664,0.342,-0.242,-0.242,0.94,0,-0.05,-0.4
32.600072599,2026-09-29T06:41:45.935+00:00,-1,idle,1,1.56510655343,0.765344330292,1.82612054307,0.513720212032,1.59306672805,1.28780864188,0.000453785605519,0.000977384381117,-0.00190240888467,-0.000506145483078,-0.00315904594611,-0.0871268362596,-0.116615362841,0.106842431301,0.720065903756,-1.69955352284,1.28374669308,-0.106956476637,0.67079858589,-0.698647378212,0.173461598051,0.17841572825,0.303582132345,-0.935305002269,-0.180343489953,-0.270418702022,-0.266155569824,0.925608720758,-0.913247291,-0.231678150419,-0.333599642818,-1.50578876056,-5.65246715098,-1.01290823421,0.600784341198,-0.298423853182,0.100006749858,3.36123924574,0,0,-0.260609317574,-1.14372467468,0,0.707,-0.707,0,0.664,0.664,0.342,-0.242,-0.242,0.94,0,-0.05,-0.4
32.800066293,2026-09-29T06:41:46.135+00:00,-1,idle,1,1.56521127319,0.765449050047,1.82573657063,0.513615492277,1.59245586281,1.27040770923,0.000453785605519,0.000925024503557,-0.00183259571459,-0.000488692190558,-0.00319395253115,-0.0871268362596,-0.116557319712,0.106841889401,0.720151393873,-1.69334310872,1.26639745304,-0.100924409449,0.672236313679,-0.700218612996,0.167579938811,0.172363559644,0.3194675347,-0.93109603155,-0.17462980163,-0.270468893467,-0.266301698671,0.92555199439,-0.907797373834,-0.247896319693,-0.336781736534,-1.52963301447,-5.51070361112,-0.976800649145,0.600811736448,-0.29838005558,0.0999728491767,3.26242948168,0,0,-0.220786962463,-1.1041799106,0,0.707,-0.707,0,0.664,0.664,0.342,-0.242,-0.242,0.94,0,-0.05,-0.4
33.000109929,2026-09-29T06:41:46.335+00:00,-1,idle,1,1.56531599294,0.765728302727,1.82538750478,0.513510772522,1.5917751844,1.25307658976,0.000471238898038,0.000890117918517,-0.00176278254451,-0.000471238898038,-0.00322885911619,-0.0872141027222,-0.116498828642,0.106841332823,0.720234018805,-1.68778764277,1.2490369792,-0.0955470814585,0.673693241577,-0.701658820831,0.161714241248,0.166315421956,0.335178491661,-0.926640280379,-0.16882311485,-0.270358541557,-0.266335292776,0.925574580608,-0.902147791515,-0.264030874332,-0.339668149266,-1.55495324242,-5.45469718546,-1.0219091275,0.600830327065,-0.298334778623,0.0999962436154,3.17601454166,0,0,-0.219711909244,-1.06954391327,0,0.707,-0.707,0,0.664,0.664,0.342,-0.242,-0.242,0.94,0,-0.05,-0.4
33.200072572,2026-09-29T06:41:46.535+00:00,-1,idle,1,1.5654207127,0.76588538236,1.82505589223,0.513423506059,1.59119922575,1.23551857749,0.000471238898038,0.000855211333477,-0.00171042266695,-0.000436332312999,-0.00324631240871,-0.0871966494296,-0.116439917078,0.106840762122,0.720313740452,-1.68278786004,1.23167040089,-0.0907252415135,0.675074563943,-0.70310482043,0.155728002455,0.160208407571,0.351019897277,-0.92181215538,-0.162998425114,-0.270291160818,-0.266500259847,0.92554676115,-0.896123161234,-0.280265876793,-0.342576570033,-1.61488542063,-5.289324712,-1.00236253682,0.600794935604,-0.298384119833,0.100061646884,3.03977687552,0,0,0,-1.01507556648,0,0.707,-0.707,0,0.664,0.664,0.342,-0.242,-0.242,0.94,0,-0.05,-0.4
33.400102977,2026-09-29T06:41:46.735+00:00,-1,idle,1,1.56552543245,0.766112275163,1.82470682638,0.513283879719,1.59050109405,1.2182223646,0.000488692190558,0.000820304748437,-0.00164060949687,-0.000418879020479,-0.00328121899375,-0.0872141027222,-0.116380586748,0.106840177639,0.720390556384,-1.67826164631,1.21429493458,-0.0863768686017,0.676390119494,-0.704471359257,0.149862425959,0.154135536213,0.366490030055,-0.916809678991,-0.157094386049,-0.270278461402,-0.266551063627,0.925535834309,-0.889912136771,-0.296174852051,-0.345353113903,-1.63729775691,-5.22266948826,-1.00138218025,0.600831349681,-0.298316581609,0.100044376012,2.96421204945,0,0,0,-0.984822908606,0,0.707,-0.707,0,0.664,0.664,0.342,-0.242,-0.242,0.94,0,-0.05,-0.4
33.600107795,2026-09-29T06:41:46.935+00:00,-1,idle,1,1.56561269892,0.766321714673,1.82435776052,0.513214066549,1.58982041564,1.20076907208,0.000488692190558,0.000785398163397,-0.00158824961931,-0.000401425727959,-0.00331612557879,-0.0872141027222,-0.116320866133,0.106839579991,0.72046443028,-1.67414402498,1.19691537349,-0.0824369985761,0.677681151702,-0.705782504082,0.143925583107,0.148002500275,0.381991635222,-0.91148094603,-0.15109821592,-0.270221863072,-0.266597346676,0.925539031898,-0.883386402057,-0.312149547125,-0.348009812476,-1.69858558309,-5.08496908925,-0.99606398125,0.600815939745,-0.298345315385,0.100051237526,2.82020526707,0,0,0,-0.927202495794,0,0.707,-0.707,0,0.664,0.664,0.342,-0.242,-0.242,0.94,0,-0.05,-0.4
33.800071026,2026-09-29T06:41:47.135+00:00,-1,idle,1,1.56571741867,0.766496247598,1.82407850784,0.513161706671,1.58919209711,1.18326341968,0.000506145483078,0.000733038285838,-0.00151843644924,-0.000366519142919,-0.00333357887131,-0.087109382967,-0.116260758653,0.106838969578,0.720535357914,-1.6703798375,1.17952900172,-0.0788505617341,0.678933759273,-0.707034145342,0.137930873543,0.141868749073,0.397441767809,-0.90583731554,-0.145108494893,-0.270097189977,-0.266696932412,0.925546736897,-0.87658231169,-0.328086122866,-0.35052926059,-1.70485398762,-4.96677244257,-0.97497742253,0.596114652856,-0.298390576157,0.100071360522,2.75260265986,0,0,0,-0.904829400079,0,0.707,-0.707,0,0.664,0.664,0.342,-0.242,-0.242,0.94,0,-0.05,-0.4
34.000073482,2026-09-29T06:41:47.335+00:00,-1,idle,1,1.56582213843,0.766635873939,1.82376434858,0.513039533624,1.58847651212,1.16570540741,0.000523598775598,0.000698131700798,-0.00144862327916,-0.000349065850399,-0.00336848545635,-0.0871617428446,-0.116200285541,0.106838346999,0.720603314105,-1.66692437442,1.16213810948,-0.0755728845282,0.680091060946,-0.708280236259,0.131946134463,0.135666773182,0.412795951377,-0.899918505375,-0.138979739979,-0.27013384273,-0.26677112567,0.925514640976,-0.869445920997,-0.343931461474,-0.353088205998,-1.79300307178,-4.85853094762,-0.969769429017,0.550643429013,-0.298607743062,0.100037870156,2.6038112311,0,0,0,-0.871263356301,0,0.707,-0.707,0,0.664,0.664,0.342,-0.242,-0.242,0.94,0,-0.05,-0.4
34.200072213,2026-09-29T06:41:47.535+00:00,-1,idle,1,1.56592685818,0.766758046986,1.8234850959,0.512987173746,1.58783074029,1.14842664781,0.000523598775598,0.000663225115758,-0.00137881010908,-0.000331612557879,-0.00338593874887,-0.087109382967,-0.116139459318,0.10683771279,0.720668284677,-1.66373969533,1.14474233015,-0.0725660891884,0.681199953111,-0.709432599647,0.126019457739,0.12958050282,0.427797384055,-0.893806170421,-0.132966286504,-0.270078633424,-0.266877113828,0.925500189846,-0.862180914868,-0.359438639871,-0.355434051898,-1.81237848258,-4.7500747079,-0.983081824119,0.499015783643,-0.298633785853,0.100048575399,2.52239332231,0,0,0,-0.874183279378,0,0.707,-0.707,0,0.664,0.664,0.342,-0.242,-0.242,0.94,0,-0.05,-0.4
34.400068358,2026-09-29T06:41:47.735+00:00,-1,idle,1,1.56603157794,0.766880220034,1.82320584322,0.512882453991,1.58720242176,1.13086863554,0.000541052068118,0.000628318530718,-0.00132645023152,-0.000296705972839,-0.00342084533391,-0.0872315560147,-0.116078299885,0.10683706759,0.720730248345,-1.66079415165,1.12734329227,-0.0697985689053,0.682251902087,-0.710570979674,0.119980775847,0.123393024,0.442917327295,-0.887313848562,-0.126843040307,-0.27005758365,-0.26703238125,0.925461525643,-0.854518661409,-0.375069115649,-0.357765017408,-1.86699073702,-4.66741672253,-0.962552037789,0.500781156192,-0.298692851788,0.100055446067,2.39707782074,0,0,0,-0.824637075924,0,0.707,-0.707,0,0.664,0.664,0.342,-0.242,-0.242,0.94,0,-0.05,-0.4
34.600145224,2026-09-29T06:41:47.935+00:00,-1,idle,1,1.56613629769,0.767019846374,1.82294404383,0.512882453991,1.58645193019,1.11360732923,0.000558505360638,0.000575958653158,-0.00125663706144,-0.000279252680319,-0.00345575191895,-0.0871966494296,-0.116016833447,0.106836412132,0.720789179806,-1.65806109077,1.10994427871,-0.0672436953885,0.683287414091,-0.711586707491,0.114070710779,0.117262698283,0.45761914969,-0.880696026715,-0.120665057146,-0.269985304154,-0.267024174287,0.925484994579,-0.846759499136,-0.390360857253,-0.359835335666,-1.91295595575,-4.52024130713,-0.970672413516,0.500852852993,-0.31130072941,0.100035726328,2.29279874556,0,0,0,-0.787542048601,0,0.707,-0.707,0,0.664,0.664,0.342,-0.242,-0.242,0.94,0,-0.05,-0.4
34.800121231,2026-09-29T06:41:48.135+00:00,-1,idle,1,1.56625847074,0.767142019422,1.82269969774,0.512830094113,1.58573634519,1.09613658342,0.000558505360638,0.000541052068118,-0.00118682389136,-0.000244346095279,-0.00347320521147,-0.087109382967,-0.11595505086,0.106835746798,0.720845087492,-1.65551625569,1.09253850825,-0.0648773395314,0.684257850123,-0.712585250414,0.108062172703,0.111067647266,0.472375904538,-0.873714043482,-0.114434876494,-0.269935203898,-0.267094192667,0.925479401203,-0.838632810298,-0.405701198501,-0.361879174574,-2.00897654448,-4.4773957416,-0.98599122038,0.500902846248,-0.335305250558,0.10004518331,2.16945517283,0,0,0,-0.752134917126,0,0.707,-0.707,0,0.664,0.664,0.342,-0.242,-0.242,0.94,0,-0.05,-0.4
35.000110985,2026-09-29T06:41:48.335+00:00,-1,idle,1,1.56638064379,0.767229285884,1.82245535164,0.512777734236,1.58503821349,1.07852621127,0.000575958653158,0.000506145483078,-0.00111701072128,-0.000226892802759,-0.00350811179651,-0.0871617428446,-0.115892983456,0.106835072425,0.720897942309,-1.65314042178,1.07513057163,-0.0626802875426,0.685166049222,-0.713552981273,0.101990895488,0.104821205618,0.487110547989,-0.866399584282,-0.108143349305,-0.269907818331,-0.267204317608,0.925455587061,-0.830169912513,-0.421025667872,-0.363869444139,-2.07398348014,-4.31141293515,-1.00156066454,0.500911009128,-0.360488699371,0.100042834122,2.02230616994,0,0,0,-0.711672809345,0,0.707,-0.707,0,0.664,0.664,0.342,-0.242,-0.242,0.94,0,-0.05,-0.4
35.200075204,2026-09-29T06:41:48.535+00:00,-1,idle,1,1.56648536354,0.767316552347,1.82228081871,0.512725374358,1.58434008179,1.06138707802,0.000593411945678,0.000453785605519,-0.0010471975512,-0.000209439510239,-0.00352556508903,-0.0871617428446,-0.115830647897,0.106834389722,0.720947730399,-1.65091637211,1.05772083639,-0.0606353769578,0.686019817204,-0.714421592849,0.0960818940048,0.0987262260906,0.501298548363,-0.859029976285,-0.101959812052,-0.269849334898,-0.267262189485,0.925455931097,-0.821699520424,-0.435829578982,-0.365649444583,-2.08293534404,-4.26295918471,-0.986429614885,0.501092419326,-0.391204748954,0.1000317953,1.96185724079,0,0,0,-0.714715182003,0,0.707,-0.707,0,0.664,0.664,0.342,-0.242,-0.242,0.94,0,-0.05,-0.4
35.400118038,2026-09-29T06:41:48.735+00:00,-1,idle,1,1.56660753659,0.767403818809,1.82198411274,0.512690467773,1.58357213692,1.0436894394,0.000610865238198,0.000418879020479,-0.000977384381117,-0.000174532925199,-0.00356047167407,-0.0871617428446,-0.115768063885,0.106833699454,0.720994436737,-1.6488292362,1.04031045505,-0.0587277837823,0.686810287678,-0.715300139013,0.0899884463471,0.0924089789531,0.515787206698,-0.851162396158,-0.0955148607143,-0.269893855586,-0.267344948749,0.925419024777,-0.812668360479,-0.450952606984,-0.36747862518,-2.1859314892,-4.11244905985,-0.966714434484,0.501028042031,-0.399310411874,0.0999940579591,1.79921624872,0,0,0,-0.650624366277,0,0.707,-0.707,0,0.664,0.664,0.342,-0.242,-0.242,0.94,0,-0.05,-0.4
35.600065289,2026-09-29T06:41:48.935+00:00,-1,idle,1,1.56674716293,0.767525991857,1.82191429957,0.512638107896,1.58287400522,1.02627105347,0.000628318530718,0.000366519142919,-0.000907571211037,-0.000157079632679,-0.00357792496659,-0.0871268362596,-0.115705240953,0.106833002304,0.721038054445,-1.64686570359,1.02289770912,-0.0569442742448,0.687614236026,-0.716034564995,0.0839457112391,0.0862222808243,0.529909825918,-0.843137441877,-0.0892164882482,-0.269708899913,-0.267388913143,0.925460266499,-0.803592985101,-0.465758975472,-0.36895489339,-2.19792632762,-4.03229913244,-1.01055332071,0.50100646615,-0.398711656852,0.100048187793,1.73501281638,0,0,0,-0.626066892655,0,0.707,-0.707,0,0.664,0.664,0.342,-0.242,-0.242,0.94,0,-0.05,-0.4
35.800120559,2026-09-29T06:41:49.135+00:00,-1,idle,1,1.56685188269,0.767578351735,1.82172231335,0.512620654603,1.5822107801,1.00895738729,0.000628318530718,0.000331612557879,-0.000837758040957,-0.00012217304764,-0.00361283155163,-0.0870919296745,-0.115642194649,0.106832299042,0.721078572431,-1.64501429264,1.00548252005,-0.0552734268803,0.68830190511,-0.716767835584,0.0779415010665,0.080059226237,0.543786303329,-0.834907934243,-0.0829288791281,-0.269658864637,-0.267506634804,0.925440816554,-0.794285561391,-0.480289435313,-0.370467402159,-2.32698657429,-3.92667342686,-0.950058816944,0.501058166771,-0.398656783733,0.100067209108,1.55807528526,0,0,0,-0.555231775988,0,0.707,-0.707,0,0.664,0.664,0.342,-0.242,-0.242,0.94,0,-0.05,-0.4
36.000121118,2026-09-29T06:41:49.335+00:00,-1,idle,1,1.56702641561,0.767648164905,1.82154778043,0.512585748018,1.58142538194,0.991451734888,0.000645771823238,0.000296705972839,-0.000785398163397,-0.00010471975512,-0.00363028484415,-0.0871617428446,-0.115578939753,0.106831590456,0.721115980744,-1.64326486834,0.988064560441,-0.0537051699001,0.688949800096,-0.71744995302,0.0718783582401,0.0738054163038,0.557642589976,-0.826341759358,-0.0765039588686,-0.269623148211,-0.267584448853,0.925428720665,-0.784631824357,-0.494840236311,-0.371877435785,-2.32677394085,-3.81942090509,-1.00867351059,0.501037297395,-0.398690333177,0.100038067378,1.50551834336,0,0,0,-0.534212653938,0,0.707,-0.707,0,0.664,0.664,0.342,-0.242,-0.242,0.94,0,-0.05,-0.4
36.200073562,2026-09-29T06:41:49.535+00:00,-1,idle,1,1.56714858866,0.76768307149,1.8213732475,0.512585748018,1.58074470353,0.974050802246,0.000663225115758,0.000244346095279,-0.000715584993318,-6.98131700798e-05,-0.00366519142919,-0.0871791961371,-0.115515502368,0.106830877483,0.721150264304,-1.64160875772,0.970646574263,-0.0522308617175,0.689535454961,-0.718078903106,0.0658294459089,0.0676019919602,0.571256981052,-0.817563792937,-0.0701425746334,-0.269566090593,-0.267708756267,0.925409381034,-0.774795834011,-0.509146802305,-0.373177567276,-2.41182801696,-3.74817896524,-0.962419180665,0.501035705234,-0.39868506754,0.100067014559,1.36774930372,0,0,0,-0.479156440233,0,0.707,-0.707,0,0.664,0.664,0.342,-0.242,-0.242,0.94,0,-0.05,-0.4
36.400112492,2026-09-29T06:41:49.735+00:00,-1,idle,1,1.56723585512,0.767717978075,1.82121616787,0.512550841433,1.58001166525,0.956859309113,0.000680678408278,0.000209439510239,-0.000645771823238,-5.23598775598e-05,-0.00368264472171,-0.0871442895521,-0.115451898457,0.106830160974,0.721181415093,-1.64003798944,0.953228479548,-0.0508425928761,0.690055301026,-0.718654060302,0.0598814033626,0.061434848969,0.584514463707,-0.808671390863,-0.0637507572984,-0.269583183445,-0.267771650172,0.925386192953,-0.764837727182,-0.523123240704,-0.37437980025,-2.48334671906,-3.60110852406,-0.97240586064,0.501149583335,-0.398553680285,0.100020135292,1.24349158209,0,0,0,-0.429267019235,0,0.707,-0.707,0,0.664,0.664,0.342,-0.242,-0.242,0.94,0,-0.05,-0.4
36.600106159,2026-09-29T06:41:49.935+00:00,-1,idle,1,1.56737548146,0.76782269783,1.82107654153,0.512533388141,1.57926117367,0.939266390253,0.000698131700798,0.000157079632679,-0.000575958653158,-1.74532925199e-05,-0.00370009801423,-0.0872315560147,-0.115388135649,0.106829441709,0.72120942937,-1.63854527443,0.935807892357,-0.0495331609172,0.690567802663,-0.719155561992,0.0537681080033,0.0551396240654,0.59791662867,-0.799309407253,-0.0572378466388,-0.26949493996,-0.267826462669,0.92539603869,-0.754438322526,-0.537291780479,-0.375406447054,-2.53486327893,-3.55251308098,-0.980164918255,0.489731918163,-0.39867985669,0.100031280985,1.14997726768,0,0,0,-0.395724306368,0,0.707,-0.707,0,0.664,0.664,0.342,-0.242,-0.242,0.94,0,-0.05,-0.4
36.800114815,2026-09-29T06:41:50.135+00:00,-1,idle,1,1.56753256109,0.76782269783,1.82098927507,0.512533388141,1.57858049526,0.921917817488,0.000715584993318,0.00012217304764,-0.000506145483078,0,-0.00371755130675,-0.087074476382,-0.115324238393,0.10682872068,0.721234296438,-1.63712448209,0.918387005465,-0.0482964742879,0.691002154567,-0.719613293387,0.0477089868427,0.048954907204,0.610970931644,-0.789814586884,-0.0508732056545,-0.269392839501,-0.267967315991,0.925384984921,-0.743942886727,-0.551085688352,-0.376348969214,-2.63475129949,-3.43173201069,-0.963460803768,0.474555676615,-0.398682110383,0.100071241506,1.00500428459,0,0,0,-0.346395501935,0,0.707,-0.707,0,0.664,0.664,0.342,-0.242,-0.242,0.94,0,-0.05,-0.4
37.000071548,2026-09-29T06:41:50.335+00:00,-1,idle,1,1.56765473414,0.767840151122,1.8209194619,0.512533388141,1.5777776438,0.904481978261,0.000733038285838,6.98131700798e-05,-0.000436332312999,1.74532925199e-05,-0.00375245789179,-0.0871791961371,-0.115260218575,0.106827998759,0.721256011687,-1.63576983871,0.90096455842,-0.0471268357874,0.691399011033,-0.720006562154,0.0416685398659,0.0426812697067,0.623867759367,-0.780070335414,-0.0443176734947,-0.269364109242,-0.26797320135,0.925391647469,-0.733171873079,-0.564791674129,-0.377160764942,-2.66360268584,-3.37794228049,-0.964127496033,0.413352176706,-0.398842560871,0.100027285344,0,0,0,0,-0.35926086116,0,0.707,-0.707,0,0.664,0.664,0.342,-0.242,-0.242,0.94,0,-0.05,-0.4
37.200073162,2026-09-29T06:41:50.535+00:00,-1,idle,1,1.56782926707,0.767840151122,1.82081474214,0.512515934848,1.5770795121,0.886854152816,0.000750491578358,3.49065850399e-05,-0.000366519142919,3.49065850399e-05,-0.00376991118431,-0.0871268362596,-0.115196094631,0.106827276915,0.721274568803,-1.63447629019,0.883541056715,-0.0460192497669,0.691714339032,-0.720379385113,0.0355019309007,0.036392685847,0.636754583523,-0.76993556056,-0.0378313404767,-0.269288441316,-0.268152952608,0.925361584309,-0.722036242675,-0.578448119189,-0.377940111608,-2.76995177871,-3.25351633661,-0.961914654288,0.402092869331,-0.398963408798,0.100053486594,0,0,0,0,-0.304944136657,0,0.707,-0.707,0,0.664,0.664,0.342,-0.242,-0.242,0.94,0,-0.05,-0.4
37.400068717,2026-09-29T06:41:50.735+00:00,-1,idle,1,1.5679863467,0.767875057707,1.82072747568,0.512515934848,1.57631156723,0.869627753099,0.000767944870878,0,-0.000296705972839,6.98131700798e-05,-0.00378736447683,-0.087074476382,-0.115131884729,0.106826556133,0.721289962686,-1.63323927003,0.866116911532,-0.0449692099428,0.691992941531,-0.720668090409,0.0295059099212,0.030210488511,0.6491327382,-0.759824167633,-0.0313891230901,-0.269233269346,-0.268219366446,0.925358388659,-0.710949460141,-0.591637224779,-0.378537416236,-2.80554492316,-3.16946613832,-0.954186941026,0.401125531494,-0.398890142514,0.100050093216,0,0,0,0,-0.277393454078,0,0.707,-0.707,0,0.664,0.664,0.342,-0.242,-0.242,0.94,0,-0.05,-0.4
37.600103105,2026-09-29T06:41:50.935+00:00,-1,idle,1,1.56816087962,0.767875057707,1.8206925691,0.512515934848,1.57556107565,0.852034834239,0.000802851455917,-3.49065850399e-05,-0.000226892802759,8.72664625997e-05,-0.00382227106187,-0.0871966494296,-0.115067605299,0.106825837401,0.721302189312,-1.6320546138,0.848692047988,-0.0439726186167,0.692226560625,-0.720905534459,0.0233628438172,0.0239118522938,0.661587240209,-0.749252189391,-0.0248457733084,-0.26913820365,-0.268318128511,0.925357410802,-0.699411145843,-0.604926060445,-0.379025526612,-2.95391003731,-3.09179186149,-0.954730937696,0.401035525301,-0.398943369464,0.100072058331,0,0,0,0,-0.214545319451,0,0.707,-0.707,0,0.664,0.664,0.342,-0.242,-0.242,0.94,0,-0.05,-0.4
37.800067520,2026-09-29T06:41:51.135+00:00,-1,idle,0,1.56831795926,0.767875057707,1.82065766251,0.512533388141,1.57481058407,0.835750912317,0.000296705972839,-1.74532925199e-05,-6.98131700798e-05,3.49065850399e-05,-0.00146607657168,-0.0334405084682,-0.115013219857,0.106825230628,0.721310164231,-1.63109164363,0.833959590322,-0.0431693865037,0.692397634708,-0.721072986922,0.0176959242632,0.0180587166262,0.672917882301,-0.739274281987,-0.0187262729711,-0.269085008146,-0.268360360615,0.925360636119,-0.688537422418,-0.617061790135,-0.379369239426,-2.98041386012,-2.98119365658,-0.937060285596,0.40047504772,-0.399514839636,0.100037981181,0,0,0,0,0,0,0.707,-0.707,0,0.664,0.664,0.342,-0.242,-0.242,0.94,0,-0.05,-0.4
38.000068023,2026-09-29T06:41:51.335+00:00,-1,idle,1,1.56788162694,0.764314586033,1.82749935318,0.513947104835,1.57510729005,0.832207893936,-0.00935496479069,-0.0512603201311,0.097546451894,0.0280998009571,0.00925024503557,-0.00307177948351,-0.115004466049,0.106731446702,0.718898303543,-1.6190150492,0.831852806001,-0.0342300983682,0.694120587746,-0.719474621532,0.0164289156682,0.0168216934082,0.675353295645,-0.737083163563,-0.0173859564227,-0.265854537145,-0.26544757616,0.927133734503,-0.687406932712,-0.620930748395,-0.37507968069,-3.10335129455,-2.97248170614,-0.958116587825,0.400219267297,-0.399805673668,0.0998996107433,0,0,0,0,0,0,0.707,-0.707,0,0.664,0.664,0.342,-0.242,-0.242,0.94,0,-0.05,-0.4
38.200083830,2026-09-29T06:41:51.535+00:00,-1,idle,1,1.56585704501,0.753196838698,1.84900180956,0.520736435625,1.57716677856,0.831998454426,-0.0112224670903,-0.0598822466359,0.111491632617,0.0344178928493,0.0112224670903,0,-0.115004720345,0.106595222605,0.713935806146,-1.59449971933,0.832049244882,-0.0161102469355,0.70027467085,-0.713489789565,0.0161929248305,0.0168965895364,0.675515849075,-0.736935239623,-0.0173420184338,-0.253984456508,-0.254772809998,0.933437802171,-0.691721933656,-0.625560762746,-0.359106006459,-3.05398856087,-2.93327947647,-1.03650196568,0.400182431997,-0.399832142707,0.0999412305953,0,0,0,0,0,0,0.707,-0.707,0,0.664,0.664,0.342,-0.242,-0.242,0.94,0,-0.05,-0.4
38.400119039,2026-09-29T06:41:51.735+00:00,-1,idle,1,1.56337867747,0.740700281254,1.87116749106,0.528136631653,1.5796451461,0.832033361011,-0.011815879036,-0.0613483232076,0.111386912862,0.0370358867273,0.0117984257435,0.000645771823238,-0.115006280381,0.106535968208,0.708714223797,-1.56872883515,0.832142582782,0.00294185765194,0.706338774773,-0.707487733448,0.0160323736835,0.017017792649,0.675547284678,-0.736906810975,-0.017325629264,-0.242141537818,-0.244057844604,0.939431153512,-0.695925528938,-0.629851665414,-0.343122325681,-3.0461195565,-2.96087004255,-1.2078881474,0.400184571394,-0.399829488931,0.0999432808805,0,0,0,0,0,0,0.707,-0.707,0,0.664,0.664,0.342,-0.242,-0.242,0.94,0,-0.05,-0.4
38.600075636,2026-09-29T06:41:51.935+00:00,-1,idle,1,1.56086540335,0.728238630395,1.89343789232,0.535763720485,1.58217587352,0.832260253813,-0.0123220245191,-0.0622733477112,0.110130275801,0.0394269878026,0.012287117934,0.00109955742876,-0.115007719428,0.106566561119,0.7034684787,-1.5428496189,0.831921365237,0.0220734652653,0.712478647915,-0.70130319463,0.0158970264566,0.0171840046719,0.67551156869,-0.73693867185,-0.0173628626074,-0.229958909792,-0.23305444135,0.945269966558,-0.70008000998,-0.633968470272,-0.326691324228,-3.03088608057,-2.92058499524,-1.30067815153,0.400196216845,-0.399819114865,0.0999381519039,0,0,0,0,0,0,0.707,-0.707,0,0.664,0.664,0.342,-0.242,-0.242,0.94,0,-0.05,-0.4
38.800074958,2026-09-29T06:41:52.135+00:00,-1,idle,1,1.55836958252,0.715567540025,1.91530686785,0.543547888949,1.5847764141,0.832556959786,-0.0128281700022,-0.0631111057521,0.108576932767,0.0418006355853,0.0127758101246,0.00155334303427,-0.115008173115,0.106688297393,0.698220403653,-1.51697731869,0.831368088447,0.0411936242064,0.718405599382,-0.695229620671,0.0157270703504,0.0173732143181,0.675505934372,-0.736941014798,-0.0174821393474,-0.217963735241,-0.222338903757,0.950678653408,-0.703912311832,-0.637802753666,-0.310593742303,-3.0321130207,-2.92776295269,-1.36808852477,0.400248204159,-0.399750662519,0.100003768313,0,0,0,0,0,0,0.707,-0.707,0,0.664,0.664,0.342,-0.242,-0.242,0.94,0,-0.05,-0.4
39.000130081,2026-09-29T06:41:52.335+00:00,-1,idle,1,1.55578649523,0.703105889166,1.93729801642,0.552222175331,1.58728968823,0.832871119052,-0.0133517687778,-0.0639663170856,0.106953776562,0.044209189953,0.0132645023152,0.00204203522483,-0.115006777707,0.106901171263,0.692975240743,-1.491148247,0.83048216291,0.0602699680146,0.724703235461,-0.688663281531,0.0155739789493,0.0174801705677,0.675522554315,-0.736927404227,-0.0174136286533,-0.205157030015,-0.210651010267,0.956174771427,-0.707735029264,-0.641773443493,-0.293241490964,-3.02541280074,-2.93365537048,-1.49162711789,0.400193566901,-0.399807390536,0.0999956512922,0,0,0,0,0,0,0.707,-0.707,0,0.664,0.664,0.342,-0.242,-0.242,0.94,0,-0.05,-0.4
39.200114530,2026-09-29T06:41:52.535+00:00,-1,idle,1,1.55309868818,0.690225359286,1.95848631354,0.561385153904,1.5899076821,0.83334235795,-0.0139102741384,-0.0649262481742,0.105435340113,0.0467399173684,0.0137706477982,0.00254818070791,-0.115002607951,0.107205077059,0.687734168574,-1.46537877296,0.829264610428,0.0792849943659,0.730689511391,-0.682307973619,0.0154469549608,0.0176084826525,0.675493231184,-0.736955138317,-0.0173773079319,-0.192796790213,-0.199376847832,0.96115098833,-0.711229423117,-0.645333244655,-0.276497390227,-3.02083826689,-2.92134344376,-1.64512085624,0.400186341892,-0.399819604473,0.0999757292353,0,0,0,0,0,0,0.707,-0.707,0,0.664,0.664,0.342,-0.242,-0.242,0.94,0,-0.05,-0.4
39.400109117,2026-09-29T06:41:52.735+00:00,-1,idle,1,1.55021889491,0.677100483311,1.97948262444,0.570757571987,1.59270020891,0.83383105014,-0.0145036860841,-0.0659036325553,0.103794730616,0.0492880980763,0.0142942465738,0.00307177948351,-0.114994664837,0.107599859221,0.682498492662,-1.43968569092,0.827716920959,0.0982209971394,0.736543344519,-0.675985744148,0.0152932402416,0.0177000609125,0.675523674377,-0.736928913724,-0.0173060206412,-0.180549541244,-0.188181888132,0.965774672578,-0.714407886654,-0.648715926347,-0.259891868777,-2.99756132669,-2.93868595062,-1.75588343458,0.40018700647,-0.399829190659,0.0999347234111,0,0,0,0,0,0,0.707,-0.707,0,0.664,0.664,0.342,-0.242,-0.242,0.94,0,-0.05,-0.4
39.600087060,2026-09-29T06:41:52.935+00:00,-1,idle,1,1.54726928848,0.663818527704,2.00016477608,0.580810668479,1.59566726864,0.834529181841,-0.0151145513223,-0.0670206432766,0.102276294167,0.052028265002,0.014835298642,0.00364773813667,-0.114981871576,0.108085281655,0.67727015526,-1.41408850743,0.825841183951,0.117058404804,0.742409631375,-0.669537045189,0.015125779215,0.0178688322131,0.675514167242,-0.736935850183,-0.0173815150436,-0.168014575035,-0.176890885417,0.970159319501,-0.7174682658,-0.651877417442,-0.243007772961,-3.02415853009,-2.92486842743,-1.87101900908,0.400184336406,-0.39982498911,0.0999622217257,0,0,0,0,0,0,0.707,-0.707,0,0.664,0.664,0.342,-0.242,-0.242,0.94,0,-0.05,-0.4
39.800077748,2026-09-29T06:41:53.135+00:00,-1,idle,1,1.54426732216,0.650571478681,2.02051531516,0.591439723623,1.59866923495,0.835314580004,-0.0157079632679,-0.0681551072904,0.100653137963,0.0548033385126,0.015341444125,0.00424115008235,-0.11496307136,0.108661088925,0.672050663839,-1.38860411561,0.823639775143,0.135779730637,0.748311022371,-0.662934590968,0.0149441962324,0.0180281140307,0.675524530634,-0.736924758482,-0.0174488810066,-0.155230574858,-0.165365029099,0.974311090346,-0.72033261563,-0.654908625296,-0.225781832265,-3.01079535862,-2.92529261175,-1.99782880155,0.400177012693,-0.39982050791,0.100009453356,0,0,0,0,0,0,0.707,-0.707,0,0.664,0.664,0.342,-0.242,-0.242,0.94,0,-0.05,-0.4
40.000063055,2026-09-29T06:41:53.335+00:00,-1,idle,1,1.54102100976,0.636661204542,2.04074368119,0.602382938033,1.60175846773,0.836239604508,-0.0163013752136,-0.0694117443518,0.0990648883432,0.0577180383635,0.0158301363156,0.00486946861306,-0.114937034252,0.109326912504,0.666841986841,-1.36325111514,0.821115663148,0.154366415514,0.753998573532,-0.656458147057,0.0148213903683,0.0181432814423,0.6754916721,-0.736956173669,-0.0173939831734,-0.142830945419,-0.154002636656,0.978060069819,-0.72292414675,-0.657638035696,-0.208949633107,-3.02839832583,-2.94205310546,-2.10008512217,0.400212885589,-0.399794838133,0.0999685170666,0,0,-1.0449833375,0,0,0,0.707,-0.707,0,0.664,0.664,0.342,-0.242,-0.242,0.94,0,-0.05,-0.4
40.200104032,2026-09-29T06:41:53.535+00:00,-1,idle,1,1.53770488418,0.622558944186,2.06023900893,0.614251176947,1.6048477005,0.837269348767,-0.0168249739892,-0.0705985682432,0.0972322926286,0.0606327382143,0.016214108751,0.0055152404363,-0.114902458539,0.110082508073,0.661644840956,-1.33804135792,0.818271551113,0.172805038363,0.759629028693,-0.649934438078,0.0147096385933,0.0182370913004,0.675458995091,-0.736988531983,-0.0172915926505,-0.130423051068,-0.142564003639,0.98151817677,-0.725295783595,-0.660176043637,-0.192060067408,-3.0593750638,-2.96391814022,-2.19197945446,0.400227328478,-0.399803016419,0.0998779474935,0,0,-1.1218575633,0,0,0,0.707,-0.707,0,0.664,0.664,0.342,-0.242,-0.242,0.94,0,-0.05,-0.4
40.400099780,2026-09-29T06:41:53.735+00:00,-1,idle,0,1.53444111848,0.608910469436,2.07880931217,0.626259042201,1.60798929315,0.838351452903,-0.00722566310326,-0.0301941960595,0.0406138116939,0.0264591914602,0.00694641042294,0.00249582083035,-0.114864698476,0.110806787489,0.657132042533,-1.31624595646,0.815536859858,0.188707828813,0.765093978791,-0.643492758316,0.0145386987487,0.0183548318563,0.675484104249,-0.736965377972,-0.0172976569416,-0.118139290184,-0.131395890785,0.984623501866,-0.727374273,-0.662515019872,-0.175446147397,-3.0513089085,-2.93678181275,-2.3580105096,0.400112456391,-0.39990662765,0.0999233816285,0,0,-1.26485636309,0,0,0,0.707,-0.707,0,0.664,0.664,0.342,-0.242,-0.242,0.94,0,-0.05,-0.4
40.600103231,2026-09-29T06:41:53.935+00:00,-1,idle,0,1.5336906269,0.60582123666,2.08305046226,0.628911942664,1.60868742486,0.838543439121,-0.000645771823238,-0.00274016692563,0.00370009801423,0.00240855436775,0.000628318530718,0.000226892802759,-0.114857667488,0.110932933479,0.656336137802,-1.31243515915,0.815027182818,0.191484648208,0.766315237046,-0.642039301526,0.0144859731297,0.0183480067002,0.675532746533,-0.736921771921,-0.0172559906931,-0.115396351639,-0.128857046338,0.985283179942,-0.727769324986,-0.663061960663,-0.171706977462,-3.05590791397,-2.97313173269,-2.40184883043,0.399989442476,-0.400022735962,0.0999511251285,0,0,-1.31951234071,0,0,0,0.707,-0.707,0,0.664,0.664,0.342,-0.242,-0.242,0.94,0,-0.05,-0.4
40.800115207,2026-09-29T06:41:54.135+00:00,-1,settling,1,1.5336906269,0.60568161032,2.08331226164,0.629034115711,1.60868742486,0.838543439121,-5.23598775598e-05,-0.000244346095279,0.000331612557879,0.000209439510239,5.23598775598e-05,1.74532925199e-05,-0.114857025161,0.110944332862,0.656263445204,-1.31208788717,0.814980206517,0.191737641137,0.766393682894,-0.641945821263,0.0144802600685,0.0183468648972,0.675539343433,-0.736915761504,-0.0172544344515,-0.115218644367,-0.128695135942,0.985325077653,-0.727791357097,-0.663100084778,-0.171466544376,-3.06584595338,-2.97885242127,-2.41723944449,0.399983896083,-0.400029612401,0.0999457996623,0,0,-1.33398927694,0,0,0,0.707,-0.707,0,0.664,0.664,0.342,-0.242,-0.242,0.94,0,-0.05,-0.4
41.000114543,2026-09-29T06:41:54.335+00:00,-1,idle,1,1.5336731736,0.606833527626,2.0806070013,0.630814351548,1.60873978473,0.838578345706,-0.000977384381117,0.0108210413624,-0.0265464579228,0.0157603231455,0.000959931088597,0.000157079632679,-0.114856728854,0.110944544441,0.657528544401,-1.31205411357,0.814975623747,0.191762280517,0.76646583887,-0.641859218944,0.0144716954905,0.0183692931885,0.675531778328,-0.736921699039,-0.0172969342987,-0.115026737865,-0.128574680649,0.985363168556,-0.727828734006,-0.663116853188,-0.171243225026,-3.04164668376,-2.96830135093,-2.40996505025,0.399978572176,-0.400026755486,0.0999785351421,0,0,-1.34532021733,0,0,0,0.707,-0.707,0,0.664,0.664,0.342,-0.242,-0.242,0.94,0,-0.05,-0.4
41.200126554,2026-09-29T06:41:54.535+00:00,-1,idle,1,1.53328920117,0.609224628701,2.07479505489,0.634165383712,1.6092808368,0.838648158876,-0.0010471975512,0.0118682389136,-0.0290422787532,0.0171914931321,0.00102974425868,0.000174532925199,-0.114856366991,0.110943485135,0.659453156162,-1.312048023,0.814974784409,0.191766768971,0.766440968218,-0.641888733013,0.0144116549536,0.0184228355264,0.675567510814,-0.736885299811,-0.0174514434918,-0.114971460784,-0.128741945705,0.985347798304,-0.727804301676,-0.663124849737,-0.171315975605,-3.05866778808,-2.95970081864,-2.39812447067,0.399962388956,-0.40002192908,0.100062552782,0,0,-1.3125805917,0,0,0,0.707,-0.707,0,0.664,0.664,0.342,-0.242,-0.242,0.94,0,-0.05,-0.4
41.400141404,2026-09-29T06:41:54.735+00:00,-1,idle,1,1.53309721495,0.611668089654,2.06882602885,0.637603682339,1.60936810326,0.838700518753,-0.0010471975512,0.0119904119612,-0.029304078141,0.0173136661798,0.00102974425868,0.000174532925199,-0.114856005358,0.110942368408,0.661437755975,-1.31204443879,0.814974284837,0.191769430642,0.766413376022,-0.64192133914,0.0144587012629,0.0183977544712,0.675527608105,-0.736923973062,-0.0173627476331,-0.11510085802,-0.128728809702,0.985334429235,-0.727820886737,-0.663084422588,-0.171401859844,-3.04217548771,-2.9635956432,-2.40327338312,0.399989707677,-0.400007365255,0.100011560773,0,0,-1.33175721746,0,0,0,0.707,-0.707,0,0.664,0.664,0.342,-0.242,-0.242,0.94,0,-0.05,-0.4
41.600066121,2026-09-29T06:41:54.935+00:00,-1,idle,1,1.53292268203,0.614094097314,2.06289190939,0.64100707438,1.60954263619,0.838717972046,-0.0010471975512,0.0120427718388,-0.0293564380185,0.0173311194723,0.00102974425868,0.000174532925199,-0.114855651174,0.110941264165,0.663427607665,-1.3120410649,0.814973814406,0.1917719367,0.766379473635,-0.641961981894,0.0144559303357,0.0183940825203,0.675534545824,-0.73691764398,-0.0173614693683,-0.115177643172,-0.128799241337,0.985316278511,-0.727802300018,-0.663077779315,-0.171506299251,-3.06141409481,-2.99661458809,-2.40042823031,0.399998294528,-0.399997356139,0.100017249765,0,0,-1.32292366284,0,0,0,0.707,-0.707,0,0.664,0.664,0.342,-0.242,-0.242,0.94,0,-0.05,-0.4
41.800068632,2026-09-29T06:41:55.135+00:00,-1,idle,1,1.53271324252,0.616520104974,2.05711486957,0.644602452639,1.6097520757,0.838770331923,-0.00102974425868,0.0120951317163,-0.0294262511886,0.0173485727648,0.00101229096616,0.000174532925199,-0.114855305005,0.110940173492,0.665418203948,-1.31203769098,0.814973344618,0.191774440304,0.766457274636,-0.641868970343,0.0144539081784,0.0183998806413,0.675531213004,-0.736920538812,-0.0173682600886,-0.114996996634,-0.128642682624,0.985357770514,-0.727833958415,-0.663104953747,-0.171267065219,-3.06353998855,-2.96590707851,-2.39995403682,0.39997713796,-0.400016355615,0.100025872369,0,0,-1.32977661576,0,0,0,0.707,-0.707,0,0.664,0.664,0.342,-0.242,-0.242,0.94,0,-0.05,-0.4
42.000101125,2026-09-29T06:41:55.335+00:00,-1,idle,1,1.5325212563,0.618946112635,2.05126801658,0.648093111143,1.60992660862,0.838805238508,-0.00102974425868,0.0121300383014,-0.0294786110662,0.0173660260573,0.00101229096616,0.000174532925199,-0.114854966765,0.110939096121,0.66740898559,-1.31203429798,0.814972872874,0.191776955388,0.766479392796,-0.641842592176,0.0144581841684,0.0183953308905,0.675528837863,-0.736923037766,-0.0173546044758,-0.114956594737,-0.128586886329,0.985369750689,-0.727842545158,-0.663112998722,-0.171199509726,-3.05625022525,-2.95818785211,-2.38891310959,0.399977459726,-0.400023358536,0.0999965755928,0,0,-1.33849549443,0,0,0,0.707,-0.707,0,0.664,0.664,0.342,-0.242,-0.242,0.94,0,-0.05,-0.4
42.200123290,2026-09-29T06:41:55.535+00:00,-1,idle,1,1.5322943635,0.621389573588,2.04529899053,0.651548863062,1.61010114155,0.838857598386,-0.00101229096616,0.0121649448864,-0.0295309709437,0.0173660260573,0.000994837673637,0.000174532925199,-0.114854636356,0.110938032057,0.669399450004,-1.31203088479,0.814972399017,0.191779482797,0.766456853844,-0.641869258345,0.014482595139,0.0183847987547,0.675506405031,-0.736944568186,-0.0173134312584,-0.115039275244,-0.128600164223,0.98535838601,-0.727850301857,-0.663086496004,-0.171269075484,-3.05376526259,-2.9640628646,-2.40158656314,0.399992028671,-0.400012030514,0.0999836148433,0,0,-1.33163767848,0,0,0,0.707,-0.707,0,0.664,0.664,0.342,-0.242,-0.242,0.94,0,-0.05,-0.4
42.400136973,2026-09-29T06:41:55.735+00:00,-1,idle,1,1.53210237728,0.623798127955,2.03932996449,0.655022068273,1.61029312777,0.838875051679,-0.00101229096616,0.012217304764,-0.0295833308213,0.0173834793499,0.000994837673637,0.000174532925199,-0.114854313543,0.110936980819,0.671389941402,-1.3120274505,0.81497192291,0.191782023254,0.766428536075,-0.641903305437,0.0144783427861,0.0183799659799,0.675515988164,-0.736935835794,-0.0173112547313,-0.115103656407,-0.128658923085,0.985343218765,-0.727831229074,-0.663084802596,-0.17135653385,-3.07873157633,-2.97256501088,-2.39667721966,0.399999634637,-0.400000070657,0.100001032789,0,0,-1.32068720118,0,0,0,0.707,-0.707,0,0.664,0.664,0.342,-0.242,-0.242,0.94,0,-0.05,-0.4
42.600073318,2026-09-29T06:41:55.935+00:00,-1,idle,1,1.53191039106,0.626276495493,2.03341329833,0.658565086655,1.61031058106,0.838927411556,-0.000994837673637,0.012252211349,-0.0296356906989,0.0174009326424,0.000977384381117,0.000174532925199,-0.11485399817,0.110935942395,0.673380318779,-1.3120239952,0.814971444551,0.191784576754,0.766463257003,-0.641861667163,0.0145475594794,0.0183315139772,0.675464590249,-0.73698658233,-0.0171556770892,-0.115139499903,-0.128467612574,0.98536396615,-0.727873260178,-0.663065494491,-0.171252845104,-3.04884776064,-2.97213316996,-2.39027011757,0.399997188421,-0.400029990762,0.0998910733762,0,0,-1.31614189408,0,0,0,0.707,-0.707,0,0.664,0.664,0.342,-0.242,-0.242,0.94,0,-0.05,-0.4
42.800067678,2026-09-29T06:41:56.135+00:00,-1,idle,1,1.53178821801,0.628772316323,2.02747917887,0.661916118819,1.61065964691,0.838962318141,-0.000994837673637,0.012287117934,-0.0296531439914,0.0173834793499,0.000977384381117,0.000174532925199,-0.114853690042,0.110934916401,0.675370755902,-1.31202051841,0.814970963867,0.19178714369,0.766432569516,-0.641897884479,0.0144663253323,0.0184105327934,0.675507906106,-0.736941721268,-0.0173759055519,-0.115051007295,-0.128694773407,0.985344682321,-0.727847054338,-0.663071304425,-0.171341573847,-3.06496633466,-2.9808374166,-2.40176822557,0.400005230511,-0.40000036102,0.0999774851718,0,0,-1.32563178104,0,0,0,0.707,-0.707,0,0.664,0.664,0.342,-0.242,-0.242,0.94,0,-0.05,-0.4
43.000109040,2026-09-29T06:41:56.335+00:00,-1,idle,1,1.53163113838,0.631215777276,2.02151015283,0.665371870738,1.61088653971,0.838997224726,-0.000977384381117,0.0123220245191,-0.0297229571615,0.0174183859349,0.000959931088597,0.000157079632679,-0.114853389004,0.110933902715,0.67736119603,-1.31201702008,0.814970480838,0.19178972416,0.766409015783,-0.641925782345,0.0144426975488,0.0184368916875,0.67551822035,-0.736930591992,-0.0174467892288,-0.115054037349,-0.128795459281,0.9853311905,-0.727837002677,-0.663064123789,-0.171411944082,-3.05703318803,-2.97897430685,-2.41588391784,0.400011025285,-0.39997611353,0.100051282098,0,0,-1.33899508288,0,0,0,0.707,-0.707,0,0.664,0.664,0.342,-0.242,-0.242,0.94,0,-0.05,-0.4
43.200119547,2026-09-29T06:41:56.535+00:00,-1,idle,1,1.53136933899,0.633711598107,2.01559348667,0.668914889119,1.61111343252,0.839032131311,-0.000977384381117,0.0123743843966,-0.0297927703315,0.0174358392274,0.000959931088597,0.000157079632679,-0.114853094884,0.110932901238,0.679351673756,-1.31201349997,0.814969995422,0.19179231838,0.766448049401,-0.641879481502,0.0144480259547,0.0184220884096,0.675521970358,-0.736927949689,-0.0174131967353,-0.114988186579,-0.128691776177,0.985352394789,-0.727843928676,-0.663087191636,-0.171293428543,-3.0527853815,-2.97432456118,-2.39442687681,0.400000684239,-0.399990264064,0.100036053781,0,0,-1.3143631014,0,0,0,0.707,-0.707,0,0.664,0.664,0.342,-0.242,-0.242,0.94,0,-0.05,-0.4
43.400125731,2026-09-29T06:41:56.735+00:00,-1,idle,1,1.5311075396,0.636155059059,2.00962446062,0.672440454208,1.61132287203,0.839067037896,-0.000959931088597,0.0124092909817,-0.0298451302091,0.0174358392274,0.000942477796077,0.000157079632679,-0.114852807574,0.110931911931,0.681341871154,-1.31200995847,0.814969507663,0.191794926107,0.766448038762,-0.641879723476,0.0144630005331,0.0184023390742,0.675518031031,-0.736932721374,-0.0173640191921,-0.115022714942,-0.128656304725,0.985352997215,-0.727842129036,-0.663088771902,-0.171294955317,-3.03643947545,-2.98176445723,-2.38513283831,0.40000065755,-0.399996543469,0.10001104922,0,0,-1.32578042312,0,0,0,0.707,-0.707,0,0.664,0.664,0.342,-0.242,-0.242,0.94,0,-0.05,-0.4
43.600105986,2026-09-29T06:41:56.935+00:00,-1,idle,1,1.53093300668,0.638668333182,2.00388232738,0.675966019297,1.61149740495,0.839119397774,-0.000959931088597,0.0124616508592,-0.0298974900867,0.0174532925199,0.000942477796077,0.000157079632679,-0.114852526895,0.110930934499,0.683331965107,-1.3120063951,0.814969017484,0.191797547745,0.766542638407,-0.641766561837,0.0144616839968,0.0184098698561,0.675512167956,-0.736937908149,-0.0173719571661,-0.114803491921,-0.128465347808,0.985403403643,-0.727882180841,-0.663120029818,-0.171003939116,-3.04818909583,-2.96653767982,-2.38824885265,0.399974182614,-0.400023623188,0.100008624264,0,0,-1.31826334992,0,0,0,0.707,-0.707,0,0.664,0.664,0.342,-0.242,-0.242,0.94,0,-0.05,-0.4
43.800065951,2026-09-29T06:41:57.135+00:00,-1,idle,1,1.53060139412,0.640047143291,1.99983316352,0.678845812563,1.61193373726,0.839276477407,-0.00870919296745,-0.0366519142919,0.0469493568786,0.0364948346592,0.00829031394697,0.00340339204139,-0.114846652782,0.111027858258,0.683988273716,-1.30933516172,0.814611493531,0.193742986914,0.766607063215,-0.641687886982,0.0144461300385,0.0184817655124,0.675475998285,-0.736967848535,-0.0175075376143,-0.114568770374,-0.128421290948,0.985436413022,-0.727952726896,-0.663095288973,-0.17079977171,-3.10456052339,-3.03249302905,-2.39432420589,0.400096850303,-0.399895136697,0.100031799032,0,0,-1.30430565883,0,0,0,0.707,-0.707,0,0.664,0.664,0.342,-0.242,-0.242,0.94,0,-0.05,-0.4
44.000112463,2026-09-29T06:41:57.335+00:00,-1,idle,1,1.52815793317,0.629103928881,2.01379579754,0.688846549177,1.61422011858,0.840236408495,-0.0154810704652,-0.0703193155629,0.0916646923147,0.0623780674663,0.0146084058392,0.00649262481742,-0.114797704767,0.111820704005,0.679826419754,-1.28865283533,0.811712554313,0.208784360236,0.770758968067,-0.636695166038,0.0143275578272,0.018563398779,0.675482823539,-0.736962119533,-0.0174853811954,-0.105116945222,-0.119781876538,0.987572288745,-0.729371224364,-0.664716583535,-0.157984923164,-3.06236284407,-3.00184980899,-2.45291675125,0.400226720105,-0.399778541113,0.0999783045108,0,0,-1.35291855016,0,0,0,0.707,-0.707,0,0.664,0.664,0.342,-0.242,-0.242,0.94,0,-0.05,-0.4
44.200119473,2026-09-29T06:41:57.535+00:00,-1,idle,1,1.52499888722,0.614512976335,2.03276752651,0.701500186254,1.61704755197,0.841580312019,-0.0161617488735,-0.0746302788153,0.0940034335124,0.0677536815624,0.0151145513223,0.00727802298082,-0.114729287899,0.112829687333,0.674769727952,-1.26434544475,0.808000685634,0.226411182412,0.776141239196,-0.630123313984,0.0142109603251,0.0186395976081,0.675465577575,-0.736980758839,-0.017365587975,-0.0927920707155,-0.108380863517,0.990116070936,-0.731057374714,-0.666649795263,-0.141182868749,-3.09151976589,-2.98152091529,-2.56337083941,0.400236840951,-0.399787271267,0.0999028511736,0,0,-1.44707190696,0,0,0,0.707,-0.707,0,0.664,0.664,0.342,-0.242,-0.242,0.94,0,-0.05,-0.4
44.400128230,2026-09-29T06:41:57.735+00:00,-1,idle,1,1.52173512152,0.59945078489,2.05159962913,0.715584993318,1.62006697158,0.843081295176,-0.0161442955809,-0.0763581547748,0.0924151838931,0.0713839664066,0.0149225651046,0.00781907504893,-0.114646965506,0.113937033725,0.669647118411,-1.23989615013,0.803933774475,0.244080063786,0.781719201964,-0.623190403693,0.0140317743675,0.0187595131646,0.675486017409,-0.736961947837,-0.0173689122426,-0.0797593955259,-0.0965017339301,0.992472244654,-0.73257496484,-0.668493457551,-0.12353608574,-3.10647080301,-3.01964696591,-2.67100286139,0.400200622644,-0.399827334036,0.099887613778,0,0,-1.5401444827,0,0,0,0.707,-0.707,0,0.664,0.664,0.342,-0.242,-0.242,0.94,0,-0.05,-0.4
44.600116159,2026-09-29T06:41:57.935+00:00,-1,idle,1,1.51855862228,0.583952261132,2.07004775933,0.729914146477,1.62301657801,0.844652091503,-0.0158650429006,-0.0779987642716,0.0904778684234,0.0750666111283,0.014468779499,0.00829031394697,-0.114550484634,0.115132446311,0.664536976769,-1.21563190489,0.799562786711,0.261549315172,0.78705540782,-0.616437570893,0.0138409946276,0.0188926726782,0.675511190229,-0.7369376342,-0.0174214998201,-0.0670956495574,-0.0850180178071,0.994451279283,-0.733820009052,-0.670077502941,-0.106429058423,-3.1488115599,-3.05704004849,-2.83052666916,0.40021732876,-0.399811967947,0.0998821847992,0,0,-1.66519245201,-0.212435839557,0,0,0.707,-0.707,0,0.664,0.664,0.342,-0.242,-0.242,0.94,0,-0.05,-0.4
44.800108532,2026-09-29T06:41:58.135+00:00,-1,idle,1,1.51543448292,0.568383924204,2.08805955721,0.745185777431,1.62591382457,0.846345060877,-0.01530653754,-0.0797091869386,0.088383473321,0.0788714288976,0.0137357412132,0.00865683308989,-0.11443929557,0.116414639123,0.659447507065,-1.19158992735,0.794896987245,0.278788180679,0.79246341763,-0.609469658707,0.013629724964,0.0190446168392,0.675540640216,-0.73690829558,-0.0175203495973,-0.0540663617625,-0.0732550723077,0.996172807129,-0.734867792152,-0.67149747452,-0.0888638041418,-3.16884818018,-3.04167899266,-2.88148824218,0.400196634904,-0.399815977934,0.0999490269786,0,0,-1.73107457392,-0.228111361966,0,0,0.707,-0.707,0,0.664,0.664,0.342,-0.242,-0.242,0.94,0,-0.05,-0.4
45.000120608,2026-09-29T06:41:58.335+00:00,-1,idle,1,1.51248487649,0.552466521426,2.10532086351,0.761260259842,1.62853181845,0.848177656592,-0.0145036860841,-0.0815417826532,0.0862192650485,0.0828856861772,0.0127583568321,0.00891863247769,-0.114313172052,0.117782794945,0.654381401438,-1.16778510491,0.789942529065,0.295782266989,0.797718866768,-0.60257269443,0.0134787636237,0.0192114669043,0.675482071013,-0.736960386694,-0.0175871403195,-0.0412693420509,-0.0616405988042,0.99756335523,-0.735751189701,-0.672605995382,-0.0715684623113,-3.19352602194,-3.06978541943,-3.00019339974,0.400243987345,-0.399779490093,0.0999053586585,0,0,-1.83010464112,-0.257399628067,0,0,0.707,-0.707,0,0.664,0.664,0.342,-0.242,-0.242,0.94,0,-0.05,-0.4
45.200113742,2026-09-29T06:41:58.535+00:00,-1,idle,1,1.50958762993,0.536095333043,2.12259962311,0.778416846389,1.63106254587,0.849940439136,-0.0134041286553,-0.083548911293,0.084020150191,0.0871442895521,0.0115191730632,0.00905825881785,-0.114172306716,0.11923624526,0.649340277062,-1.14422678292,0.78470500533,0.312521295335,0.803105960741,-0.595375605201,0.0132566226886,0.0193123408091,0.675557763498,-0.736890500027,-0.0176083805562,-0.0280119274055,-0.0495533301587,0.998688708806,-0.736305670289,-0.673680828316,-0.0536172345157,-3.21985691858,-3.09017922526,-3.12495097658,0.405526097868,-0.399837074158,0.0999377246877,0,0,-1.92840058079,-0.27185100812,0,0,0.707,-0.707,0,0.664,0.664,0.342,-0.242,-0.242,0.94,0,-0.05,-0.4
45.400125771,2026-09-29T06:41:58.735+00:00,-1,idle,1,1.5070918091,0.519008559666,2.139180251,0.795835232324,1.63322675414,0.851738128266,-0.0120427718388,-0.0856258531028,0.0816465024083,0.0915076126821,0.0100181899064,0.00902335223281,-0.114017367008,0.120774424333,0.644325464972,-1.12092200255,0.779189949972,0.328996725598,0.808088107104,-0.588594747497,0.0130673738884,0.0194699284948,0.675550141934,-0.736894926451,-0.017715146269,-0.0155404855589,-0.0382833464794,0.999447939291,-0.736681409458,-0.674410300006,-0.0367966063698,-3.22654981373,-3.10310944828,-3.21500846434,0.40026243189,-0.39978609017,0.0999633752843,0,0,-2.00780862458,-0.295247035297,0,0,0.707,-0.707,0,0.664,0.664,0.342,-0.242,-0.242,0.94,0,-0.05,-0.4
45.600073750,2026-09-29T06:41:58.935+00:00,-1,idle,1,1.50473561461,0.501851973118,2.15511510707,0.814772054709,1.63509425644,0.853518364103,-0.0104545222194,-0.0877900613753,0.079185588163,0.0960803753223,0.00830776723949,0.00886627260013,-0.113849531139,0.122396670449,0.639338681588,-1.09787863716,0.773403535544,0.345199528044,0.813247497152,-0.581446393162,0.0128827834059,0.0195610364524,0.675584975181,-0.736863583296,-0.0176906396607,-0.00256229440851,-0.0263664640321,0.999941851266,-0.73680891414,-0.675015458479,-0.0191659947368,-3.27650285314,-3.1274901166,-3.3689904824,0.400189010536,-0.399825291504,0.099938511123,0,-1.07951305935,-2.13139419678,-0.325227373485,0,0,0.707,-0.707,0,0.664,0.664,0.342,-0.242,-0.242,0.94,0,-0.05,-0.4
45.800117940,2026-09-29T06:41:59.135+00:00,-1,idle,1,1.50276339255,0.484119427918,2.17085797692,0.834267382453,1.63666505277,0.855246240062,-0.00867428638241,-0.0901113492805,0.0766723140401,0.100897484058,0.00645771823238,0.00855211333477,-0.113670434245,0.124102443759,0.634381358246,-1.07510225009,0.767351830513,0.361122418596,0.818282926849,-0.574338862252,0.0126619210591,0.0196875262407,0.675631673822,-0.73681880012,-0.0177724266359,0.0103339847848,-0.0146591248736,1.00012255264,-0.736698072542,-0.675419992188,-0.00173797538196,-3.28577570005,-3.1303015043,-3.42818918517,0.400186758715,-0.399829076241,0.099936171049,0,-1.10693600595,-2.18251217237,-0.333637314038,0,0,0.707,-0.707,0,0.664,0.664,0.342,-0.242,-0.242,0.94,0,-0.05,-0.4
46.000104113,2026-09-29T06:41:59.335+00:00,-1,idle,1,1.50115768964,0.465723657602,2.186077248,0.854635374824,1.63772970361,0.856939209437,-0.00678933079026,-0.0925897168183,0.0741241333322,0.105958938889,0.00450294947015,0.00811578102177,-0.113482090142,0.125891253525,0.629454913598,-1.05259739098,0.761041042536,0.376758959689,0.823169781029,-0.567312098744,0.012512331197,0.019797368185,0.675606732223,-0.736842126126,-0.0177534200986,0.0229331612109,-0.00307934375755,1.00000604021,-0.736436428683,-0.675546592626,0.0153862154994,-3.31737130429,-3.16680118107,-3.55997357223,0.409956538869,-0.39981720825,0.099861569693,0,-1.19465630472,-2.29523937721,-0.357424628786,0,0,0.707,-0.707,0,0.664,0.664,0.342,-0.242,-0.242,0.94,0,-0.05,-0.4
46.200103637,2026-09-29T06:41:59.535+00:00,-1,idle,1,1.49991850587,0.446996274728,2.2007729203,0.876556710229,1.63848019519,0.858597272226,-0.00486946861306,-0.0951029909412,0.0714363262841,0.11116002006,0.00254818070791,0.00755727566114,-0.113286796915,0.127762305938,0.624561620242,-1.0303715732,0.754478672563,0.392100861081,0.828191941437,-0.559954191565,0.0123235265892,0.019938459814,0.675593883221,-0.736852381093,-0.0178165737857,0.03609742601,0.00891395084396,0.999571863635,-0.735920431018,-0.67548361191,0.0332063115653,-3.341806557,-3.19262501772,-3.70706934493,0.400053710495,-0.399798487813,0.0998983902787,0,-1.28015077635,-2.41527756019,-0.389822730598,0,0,0.707,-0.707,0,0.664,0.664,0.342,-0.242,-0.242,0.94,0,-0.05,-0.4
46.400114399,2026-09-29T06:41:59.735+00:00,-1,idle,0,1.49916801429,0.430171300739,2.21302513165,0.895912411634,1.63886416762,0.859853909288,-0.0011344640138,-0.0276809219366,0.0201585528605,0.0326900168899,0.000453785605519,0.00207694180987,-0.113135015738,0.129234944307,0.620842530775,-1.01359549571,0.749302819762,0.403611458347,0.83229362244,-0.553839211144,0.0121388659336,0.0200524856255,0.675616556136,-0.736829587256,-0.0178993484955,0.0469899282327,0.0188044513972,0.998972742324,-0.735284445449,-0.675305524893,0.0479277937928,-3.28553164214,-3.12531180652,-3.75185361753,0.40011872773,-0.399916389877,0.099923075933,0,-1.2652226104,-2.48007622799,-0.382067197108,0,0,0.707,-0.707,0,0.664,0.664,0.342,-0.242,-0.242,0.94,0,-0.05,-0.4
46.600107259,2026-09-29T06:41:59.935+00:00,-1,idle,0,1.49913310771,0.427291507473,2.21511952675,0.899368163553,1.63884671433,0.859958629043,-8.72664625997e-05,-0.00251327412287,0.00183259571459,0.00296705972839,3.49065850399e-05,0.000174532925199,-0.113114506738,0.1294322505,0.620332327102,-1.01132112644,0.748585358071,0.40516775254,0.833031173027,-0.552731014977,0.0120784736654,0.0200399681001,0.675681646789,-0.736770051923,-0.0178932621832,0.0489412701419,0.0206110133991,0.99884171798,-0.73509731619,-0.675317759811,0.0505870891803,-3.35058028403,-3.20472204681,-3.82574782362,0.408311131634,-0.400005823244,0.0999620503514,0,-1.34888589577,-2.54596784868,-0.404997589744,0,0,0.707,-0.707,0,0.664,0.664,0.342,-0.242,-0.242,0.94,0,-0.05,-0.4
46.800110805,2026-09-29T06:42:00.135+00:00,-1,idle,1,1.49911565442,0.427361320643,2.21504971358,0.899717229403,1.63884671433,0.859976082335,-0.000366519142919,0.00841248699461,-0.0169646003294,0.00877900613753,0.000331612557879,0.000157079632679,-0.113112244439,0.129449934279,0.620593842506,-1.01111361037,0.748519644934,0.405309822492,0.833127533446,-0.552586028148,0.0120742193289,0.0200351625236,0.675688725038,-0.736763808888,-0.0178830593303,0.0491899705479,0.0208539743562,0.998824237208,-0.735074209623,-0.675317111931,0.0509346577011,-3.32395072288,-3.18180361526,-3.80731118323,0.405853697534,-0.400023139276,0.0999809065514,0,-1.33413553084,-2.53985584075,-0.40139075991,0,0,0.707,-0.707,0,0.664,0.664,0.342,-0.242,-0.242,0.94,0,-0.05,-0.4
47.000113937,2026-09-29T06:42:00.335+00:00,-1,idle,1,1.49908074783,0.429665155256,2.21061657728,0.901951250846,1.6389165275,0.859993535628,-0.000558505360638,0.013526301703,-0.0268431638957,0.0133517687778,0.000523598775598,0.000209439510239,-0.113109868273,0.129450319064,0.622305245536,-1.01109323299,0.748512875658,0.405324425821,0.833155592303,-0.55254374867,0.0120554605816,0.0200457150166,0.675700600077,-0.736752017812,-0.0179201333847,0.0492897283676,0.0208965230011,0.998818365483,-0.735056611244,-0.675328660414,0.0510366691053,-3.3641710894,-3.20560868918,-3.82836706909,0.405396385718,-0.400020262232,0.100000090781,0,-1.35317663212,-2.54470192839,-0.408122066963,0,0,0.707,-0.707,0,0.664,0.664,0.342,-0.242,-0.242,0.94,0,-0.05,-0.4
47.200129125,2026-09-29T06:42:00.535+00:00,-1,idle,1,1.49894112149,0.432579855107,2.20496171051,0.904726324356,1.63907360713,0.86008080209,-0.000575958653158,0.0140149938935,-0.0278030949843,0.0138055543833,0.000541052068118,0.000226892802759,-0.113107329985,0.129449010076,0.62427171782,-1.01108980704,0.748511424849,0.405327529747,0.833163455059,-0.552531217453,0.0120513805852,0.0200667665539,0.675686345411,-0.736764162581,-0.0179582005373,0.0493382890625,0.0208882341624,0.998816122532,-0.735066456763,-0.675315667233,0.051067175406,-3.35996864809,-3.209941472,-3.81975863922,0.403865259125,-0.400002761559,0.100010849678,0,-1.36101127792,-2.53630207254,-0.411097961329,0,0,0.707,-0.707,0,0.664,0.664,0.342,-0.242,-0.242,0.94,0,-0.05,-0.4
47.400116235,2026-09-29T06:42:00.735+00:00,-1,idle,1,1.49878404186,0.435407288495,2.19935920361,0.907571211037,1.63923068677,0.86015061526,-0.000575958653158,0.0140673537711,-0.0279427213244,0.0138928208459,0.000541052068118,0.000226892802759,-0.113104782109,0.129447541234,0.626261302469,-1.01108791877,0.74851045742,0.40532958891,0.833181297798,-0.552504212108,0.0120459006484,0.0200727895231,0.675686957659,-0.736763240079,-0.0179730010865,0.0493960780673,0.0209213363924,0.998812532313,-0.73506201284,-0.675315648975,0.0511321476828,-3.36092759825,-3.1880811309,-3.8416058394,0.415161554936,-0.400013796408,0.100022733406,0,-1.34738693578,-2.54725586488,-0.403727025361,0,0,0.707,-0.707,0,0.664,0.664,0.342,-0.242,-0.242,0.94,0,-0.05,-0.4
47.600076193,2026-09-29T06:42:00.935+00:00,-1,idle,1,1.49866186881,0.438199815298,2.19372179012,0.910259018085,1.63931795323,0.860202975138,-0.000575958653158,0.0140848070636,-0.0279776279095,0.0139102741384,0.000541052068118,0.000226892802759,-0.113102237906,0.12944605972,0.628252934821,-1.01108616237,0.74850953225,0.405331556842,0.833137367789,-0.552570158985,0.0120640857089,0.0200699683264,0.675669200253,-0.736780077846,-0.0179502762855,0.0492645414947,0.0208296043538,0.998821046743,-0.73508716271,-0.675300114373,0.0509735633836,-3.36026501451,-3.19970658113,-3.82621305556,0.399270789564,-0.399991916503,0.100000178404,0,-1.34971307379,-2.53937704227,-0.412577015933,0,0,0.707,-0.707,0,0.664,0.664,0.342,-0.242,-0.242,0.94,0,-0.05,-0.4
47.800069452,2026-09-29T06:42:01.135+00:00,-1,idle,0,1.49857460235,0.441097061857,2.18810182993,0.913068998181,1.63940521969,0.860255335015,-0.000436332312999,0.0105592419746,-0.0209963109015,0.0104545222194,0.000401425727959,0.000157079632679,-0.113099751124,0.129444606034,0.630203595544,-1.01108444588,0.748508628144,0.405333479974,0.833160523107,-0.55253496947,0.0120628493739,0.0200782945976,0.675662659245,-0.736785757851,-0.0179633141579,0.0493357342131,0.0208767322216,0.998816495412,-0.735088400284,-0.675292461886,0.0510580829709,-3.35432420727,-3.21155976379,-3.839357872,0.407223751429,-0.399995893643,0.100006453666,0,-1.35848435821,-2.54727865652,-0.410417908122,0,0,0.707,-0.707,0,0.664,0.664,0.342,-0.242,-0.242,0.94,0,-0.05,-0.4
48.000109233,2026-09-29T06:42:01.335+00:00,-1,idle,1,1.49840006942,0.439857878088,2.18729897848,0.916908722535,1.63949248615,0.860621854158,-0.00118682389136,-0.0679282144876,0.0470191700487,0.0830602191024,-0.000418879020479,0.00459021593275,-0.11305187151,0.129920269403,0.629601212543,-1.00592617028,0.746870435196,0.408856394107,0.833653104214,-0.551787715661,0.0121037423586,0.0201573336717,0.675532603855,-0.736904024918,-0.0180029411884,0.0506843018731,0.0220493102698,0.998722635,-0.735116183111,-0.675126125976,0.0528487695882,-3.4406547292,-3.27027813029,-3.83821885037,0.436121905793,-0.404339792863,0.0998875188862,0,-1.39838335645,-2.49900053236,-0.4201845782,0,0,0.707,-0.707,0,0.664,0.664,0.342,-0.242,-0.242,0.94,0,-0.05,-0.4
48.200123800,2026-09-29T06:42:01.535+00:00,-1,idle,1,1.49817317662,0.423050357391,2.19881815154,0.937014915518,1.63945757957,0.861581785247,-0.000157079632679,-0.0961850950774,0.0645073691537,0.116814886836,-0.00198967534727,0.0056897733615,-0.112872909038,0.131760730028,0.625341500597,-0.986542360249,0.740548433848,0.422038367871,0.837707268428,-0.545615450814,0.0118460972363,0.0202480180712,0.675657075842,-0.736786641099,-0.0181361738371,0.0616237894706,0.0319340364889,0.997830428697,-0.734165529316,-0.674858994762,0.0675981861065,-3.40630315194,-3.22488874495,-3.90117791291,0.437537664484,-0.413453180907,0.0999039609869,0,-1.42895198092,-2.57353426499,-0.408012605301,0,0,0.707,-0.707,0,0.664,0.664,0.342,-0.242,-0.242,0.94,0,-0.05,-0.4
48.400107470,2026-09-29T06:42:01.735+00:00,-1,idle,1,1.4982080832,0.403485216476,2.2117510413,0.961205178951,1.6391434203,0.862663889383,0.00134390352404,-0.100722951133,0.0632856386773,0.124546695422,-0.00352556508903,0.00513126800086,-0.112676008247,0.133863057422,0.620605721247,-0.965357780016,0.733334923727,0.436340309642,0.842453240588,-0.538259633458,0.0115487817629,0.0203894593434,0.675759947945,-0.736687184777,-0.0183426587174,0.0746060184429,0.0436085280317,0.996489618758,-0.732865222784,-0.674313938807,0.0850646023814,-3.45050258262,-3.26768332527,-4.01849969684,0.444656695763,-0.399117688615,0.0999785280858,0,-1.49101593797,-2.65409010645,-0.440850226193,0,0,0.707,-0.707,0,0.664,0.664,0.342,-0.242,-0.242,0.94,0,-0.05,-0.4
48.600118309,2026-09-29T06:42:01.935+00:00,-1,idle,1,1.49852224247,0.383099770813,2.22450939813,0.986233200424,1.63816603592,0.863588913887,0.00272271363311,-0.10299187916,0.0602487657788,0.129887402933,-0.00485201532054,0.00443313630007,-0.112479900991,0.136060003043,0.615863938556,-0.944283633376,0.725838435672,0.450452470236,0.847101544844,-0.530916082586,0.0114155075407,0.0204149984361,0.675777553658,-0.736675287209,-0.0181711962429,0.0872171072522,0.0554504655744,0.994863574169,-0.731455312493,-0.673456581439,0.102373221202,-3.44347030449,-3.29881223108,-4.07678639357,0.448121780712,-0.401944256177,0.0998586412554,0,-1.55346374071,-2.7319156652,-0.44733767409,0,0,0.707,-0.707,0,0.664,0.664,0.342,-0.242,-0.242,0.94,0,-0.05,-0.4
48.800073231,2026-09-29T06:42:02.135+00:00,-1,idle,0,1.49906329454,0.366606409381,2.23403889585,1.00708988499,1.637275918,0.864269592295,0.000680678408278,-0.0224100275956,0.0127583568321,0.0284663201,-0.0011344640138,0.000890117918517,-0.112350544124,0.137569392534,0.612687173457,-0.930266967762,0.720673560495,0.459773028968,0.850766142437,-0.525023132872,0.011263734458,0.0205136325085,0.675770164507,-0.736680994098,-0.0182145372632,0.0973934291166,0.0647623168346,0.993345627408,-0.730176831136,-0.672618729484,0.116175277674,-3.42041032887,-3.22680265086,-4.16089832747,0.430329306888,-0.421117046499,0.0999991589587,0,-1.54350861368,-2.82602781116,-0.434188368334,0,0,0.707,-0.707,0,0.664,0.664,0.342,-0.242,-0.242,0.94,0,-0.05,-0.4
49.000138579,2026-09-29T06:42:02.335+00:00,-1,idle,0,1.49909820112,0.364267668184,2.23527807961,1.0100918513,1.63720610483,0.86430449888,5.23598775598e-05,-0.00204203522483,0.00115191730632,0.00258308729295,-8.72664625997e-05,6.98131700798e-05,-0.112335863906,0.137741707266,0.612315385583,-0.928646037192,0.720067415997,0.460847858462,0.851264984114,-0.524215491139,0.0112159469832,0.0204999562023,0.675825177267,-0.736630605576,-0.0182115052997,0.0987723715615,0.0660486736965,0.99312335366,-0.729940647168,-0.672548826207,0.118060770326,-3.49053448684,-3.30146429674,-4.23885734831,0.454886879546,-0.444535523437,0.10002729365,0,-1.63649593492,-2.86489449045,-0.443455461426,0,0,0.707,-0.707,0,0.664,0.664,0.342,-0.242,-0.242,0.94,0,-0.05,-0.4
49.200116551,2026-09-29T06:42:02.535+00:00,-1,settling,0,1.49916801429,0.364180401721,2.2353129862,1.01024893093,1.63711883837,0.86430449888,0,-0.000174532925199,0.00010471975512,0.000226892802759,0,0,-0.112334529508,0.137757372768,0.612281441825,-0.9284982976,0.7200120788,0.460945793724,0.851293003624,-0.524169461694,0.0112304859339,0.0205054528039,0.67580278063,-0.736651441898,-0.0181997415156,0.0988452217425,0.0661267584854,0.99311083036,-0.729951521563,-0.672518330577,0.118167880703,-3.48623505099,-3.32084361453,-4.21459744035,0.453916905961,-0.443980667365,0.100007994979,0,-1.64522167788,-2.85830587592,-0.4513588761,0,0,0.707,-0.707,0,0.664,0.664,0.342,-0.242,-0.242,0.94,0,-0.05,-0.4
49.400146287,2026-09-29T06:42:02.735+00:00,-1,idle,1,1.49922037417,0.364686547204,2.23522571974,1.00988241179,1.63710138508,0.86430449888,-0.00188495559215,0.0559203492339,-0.0311890337331,-0.0714014196991,0.00298451302091,-0.00212930168743,-0.112354892554,0.137513982764,0.612781515626,-0.930704894369,0.720837763885,0.459483373644,0.851306438198,-0.52414715631,0.0112220534068,0.0205224835491,0.675796143469,-0.736656638462,-0.018235786698,0.098908614155,0.0661351625575,0.993103920859,-0.729949079401,-0.672511812003,0.118220380894,-3.47345231052,-3.30750968761,-4.2667652972,0.457141187463,-0.431343012864,0.100096236427,0,-1.66255712769,-2.89117674235,-0.457561722489,0,0,0.707,-0.707,0,0.664,0.664,0.342,-0.242,-0.242,0.94,0,-0.05,-0.4
49.600113063,2026-09-29T06:42:02.935+00:00,-1,idle,1,1.49888876161,0.380324697302,2.22639435372,0.990439443922,1.63750281081,0.863868166567,-0.00244346095279,0.0984365698125,-0.0581892772615,-0.123796203844,0.00448549617763,-0.00434586983747,-0.112515782639,0.1356420854,0.616709834019,-0.948077251967,0.727212520427,0.447922238096,0.847983132982,-0.529502134192,0.0115380740146,0.0204687301104,0.675565933373,-0.736872738957,-0.0180329266857,0.0895785645736,0.057770060286,0.99451931933,-0.731365401447,-0.67304545665,0.105688869019,-3.43439323883,-3.2911726782,-4.22023330978,0.479185262582,-0.416575179997,0.100129934183,0,-1.58435848713,-2.86491247673,-0.431387498596,0,0,0.707,-0.707,0,0.664,0.664,0.342,-0.242,-0.242,0.94,0,-0.05,-0.4
49.800103297,2026-09-29T06:42:03.135+00:00,-1,idle,1,1.49843497601,0.400553063333,2.21395015615,0.964992543428,1.63848019519,0.862873328893,-0.00118682389136,0.100304072112,-0.063477624895,-0.123761297259,0.00336848545635,-0.00520108117094,-0.112709820102,0.1334863106,0.621387532451,-0.968896368545,0.734562848315,0.433960966727,0.843278900752,-0.536963276928,0.0116990472028,0.0203535518264,0.675599591311,-0.736841799538,-0.018036319216,0.0766598153858,0.0458861922021,0.996229309619,-0.732801108709,-0.673993783219,0.0881240820991,-3.41199170178,-3.28198336378,-4.08834391389,0.457673368941,-0.415658712756,0.100123580047,0,-1.54879610141,-2.78002627216,-0.429025876699,0,0,0.707,-0.707,0,0.664,0.664,0.342,-0.242,-0.242,0.94,0,-0.05,-0.4
50.000128676,2026-09-29T06:42:03.335+00:00,-1,idle,1,1.49834770954,0.420432363513,2.20103471969,0.940278681219,1.63919578018,0.861721411587,0.000401425727959,0.09848892969,-0.0667413905963,-0.119101268156,0.00181514242207,-0.00593411945678,-0.112908840126,0.131376015357,0.626167313813,-0.990293764443,0.741793595524,0.419496226159,0.838487169774,-0.544415728999,0.0118303329072,0.020268778121,0.675638236497,-0.736804157258,-0.0181263505339,0.063719478735,0.0338713779396,0.997633005947,-0.734003951905,-0.674745406508,0.0704543885148,-3.42866321106,-3.25845135737,-4.01739812938,0.454871033836,-0.423372446093,0.100170417615,0,-1.47998753151,-2.69621306296,-0.408892397257,0,0,0.707,-0.707,0,0.664,0.664,0.342,-0.242,-0.242,0.94,0,-0.05,-0.4
50.200116338,2026-09-29T06:42:03.535+00:00,-1,idle,1,1.49836516284,0.440311663693,2.18733388506,0.91687381595,1.63937031311,0.860447321233,0.00218166156499,0.0961501884924,-0.0696560904471,-0.113900186985,6.98131700798e-05,-0.0066497044501,-0.113108420227,0.129343750778,0.630989752736,-1.01200179858,0.748800197718,0.404707964787,0.83378205004,-0.551597617609,0.0120978713331,0.0200300471607,0.675650659055,-0.736800837645,-0.0177954060065,0.0508741658779,0.0225162918681,0.998702269054,-0.734994561997,-0.675223327682,0.0533019822563,-3.37839664736,-3.22740284202,-3.88587863523,0.428305236781,-0.400112505283,0.100082023124,0,-1.40178007515,-2.59190460093,-0.410228194278,0,0,0.707,-0.707,0,0.664,0.664,0.342,-0.242,-0.242,0.94,0,-0.05,-0.4
50.400091854,2026-09-29T06:42:03.735+00:00,-1,idle,1,1.49885385503,0.459353205832,2.17309199837,0.894289255429,1.63933540652,0.859016151247,0.00408407044967,0.0938289005872,-0.0724835238353,-0.108803825569,-0.00181514242207,-0.00733038285838,-0.113306178416,0.127393273393,0.635847772699,-1.03399226592,0.755566680125,0.389617444607,0.82885913625,-0.558969070237,0.0122894624973,0.0198766165359,0.675673813093,-0.73678178564,-0.01770499125,0.0377700105478,0.0106056967403,0.999492093185,-0.735763089998,-0.6755361719,0.0355821436401,-3.31426988244,-3.18938470973,-3.74248363525,0.423163621132,-0.400832595798,0.100044411578,0,-1.29653317219,-2.50421041098,-0.37574798295,0,0,0.707,-0.707,0,0.664,0.664,0.342,-0.242,-0.242,0.94,0,-0.05,-0.4
50.600131362,2026-09-29T06:42:03.935+00:00,-1,idle,1,1.49988359929,0.477923509074,2.15850104582,0.873013691848,1.63910851372,0.857462808212,0.0060388392119,0.0915076126821,-0.0752062374684,-0.103829637201,-0.00378736447683,-0.00790634151153,-0.113499789802,0.12552506922,0.640740149309,-1.05626378756,0.76208663502,0.374228227141,0.824007519779,-0.566097038405,0.0123379360025,0.0198374845234,0.675759812383,-0.736696805324,-0.0179573742128,0.0252472013163,-0.00122787686183,0.999952566192,-0.736220248834,-0.675710965831,0.0183411580133,-3.29969752359,-3.16823969682,-3.65907843028,0.406230347684,-0.400258168962,0.100199186382,0,-1.2570240384,-2.42011913517,-0.373046821717,0,0,0.707,-0.707,0,0.664,0.664,0.342,-0.242,-0.242,0.94,0,-0.05,-0.4
50.800121991,2026-09-29T06:42:04.135+00:00,-1,idle,0,1.50121004952,0.495184815376,2.14404971961,0.853326377885,1.63823584909,0.855926918471,0.00307177948351,0.0379958178159,-0.0324456707946,-0.0424987672861,-0.00212930168743,-0.00347320521147,-0.1136633828,0.123960135515,0.64501888886,-1.07586713897,0.767551903506,0.360600480405,0.819220124321,-0.57300242326,0.0125342288399,0.0197358544858,0.675721643096,-0.736732541434,-0.017927456304,0.0128475076395,-0.0125645204653,1.00012012524,-0.736575999201,-0.675556285751,0.00153016215627,-3.27492609728,-3.16261494874,-3.51546745152,0.412250225285,-0.400111103821,0.100170451511,0,-1.18544266129,-2.32153713393,-0.348301013713,0,0,0.707,-0.707,0,0.664,0.664,0.342,-0.242,-0.242,0.94,0,-0.05,-0.4
51.000133201,2026-09-29T06:42:04.335+00:00,-1,idle,0,1.50150675549,0.499111806193,2.14061142099,0.848980508048,1.63802640958,0.855630212498,0.000279252680319,0.00345575191895,-0.00294960643587,-0.00387463093943,-0.000191986217719,-0.000314159265359,-0.113692050254,0.123682073395,0.645766062424,-1.07933074004,0.768489091093,0.358185801579,0.818117425647,-0.574574606624,0.0125971513609,0.0197284326144,0.675677331884,-0.736773208964,-0.0179261474583,0.010016296556,-0.0151590436393,1.00011864801,-0.736660584653,-0.675458690039,-0.00231152114192,-3.26155903772,-3.15680007523,-3.49841038185,0.417891131157,-0.406750386131,0.100116616037,0,-1.16893801098,-2.26966189826,-0.336028232937,0,0,0.707,-0.707,0,0.664,0.664,0.342,-0.242,-0.242,0.94,0,-0.05,-0.4
51.200111978,2026-09-29T06:42:04.535+00:00,-1,idle,1,1.50215252731,0.505150645405,2.1352183536,0.842226083842,1.63743299764,0.85501934726,0.00771435529381,0.075293503931,-0.0678584013175,-0.0823969939867,-0.0058643062867,-0.00738274273594,-0.113777395301,0.122871393832,0.648121193824,-1.09013805545,0.77137323891,0.350633548248,0.816368076285,-0.577057469506,0.0127096603072,0.0196546545683,0.675644789553,-0.73680591635,-0.0178079477499,0.00545778131275,-0.0191775718242,1.00008823457,-0.736738305623,-0.67532085883,-0.00839047486052,-3.23319464563,-3.14474103362,-3.49899132782,0.43042316626,-0.411479393241,0.100136640462,0,-1.07566228404,-2.28032384686,-0.294530163537,0,0,0.707,-0.707,0,0.664,0.664,0.342,-0.242,-0.242,0.94,0,-0.05,-0.4
51.400146287,2026-09-29T06:42:04.735+00:00,-1,idle,1,1.50396766974,0.521207674523,2.12020852203,0.824650618275,1.63605418753,0.853396191055,0.0104021623419,0.0848753615245,-0.0803724120543,-0.0909142007364,-0.00836012711705,-0.00874409955249,-0.113941100573,0.121303812313,0.652838994823,-1.11189351186,0.776951398849,0.335367615543,0.811592197683,-0.583754810725,0.0128895504598,0.0195521125361,0.675620097658,-0.736828954701,-0.0177914450807,-0.00667845342958,-0.0302752992686,0.999815047771,-0.736750895419,-0.67488924852,-0.0248462217168,-3.26001044794,-3.1015037862,-3.41884144987,0.41077895424,-0.422645081568,0.100106409388,0,-1.09007560374,-2.22340755494,-0.311596030607,0,0,0.707,-0.707,0,0.664,0.664,0.342,-0.242,-0.242,0.94,0,-0.05,-0.4
51.600075443,2026-09-29T06:42:04.935+00:00,-1,idle,1,1.5061493313,0.538311901193,2.1039420534,0.806603913809,1.63418668523,0.851650861803,0.0120253185462,0.0838805238508,-0.0836536310481,-0.0876678883277,-0.010070549784,-0.00897099235525,-0.114101931351,0.119732491563,0.6578141816,-1.13498555526,0.782544577275,0.319076747333,0.80656348409,-0.59068343108,0.0131160854724,0.0194009969306,0.675581527508,-0.736867511378,-0.0176586602469,-0.0193889034258,-0.0417320301705,0.999245137371,-0.736561382448,-0.674235647481,-0.0419681683932,-3.20405243046,-3.07967217738,-3.28664903032,0.414910781854,-0.40295211249,0.100112822246,0,-1.00551940454,-2.10491476212,-0.277042671054,0,0,0.707,-0.707,0,0.664,0.664,0.342,-0.242,-0.242,0.94,0,-0.05,-0.4
51.800074979,2026-09-29T06:42:05.135+00:00,-1,idle,1,1.50855788567,0.554752902746,2.08699490636,0.78949968714,1.63203993025,0.849888079259,0.0133168621927,0.0820130215512,-0.0860098255383,-0.0835314580004,-0.0114842664781,-0.00895353906273,-0.114250317756,0.118237223036,0.662837271675,-1.15843545314,0.787887405643,0.302447574546,0.80135579524,-0.59772931544,0.0133578191688,0.0192385957297,0.675532221748,-0.736916464999,-0.0175013039602,-0.0324075167685,-0.0534269097742,0.998358659458,-0.736148741925,-0.673356286765,-0.059478495651,-3.16756575826,-3.1068616862,-3.14278975966,0.425465771239,-0.412531501294,0.100057232447,0,0,-2.00455199242,-0.244412468764,0,0,0.707,-0.707,0,0.664,0.664,0.342,-0.242,-0.242,0.94,0,-0.05,-0.4
52.000113633,2026-09-29T06:42:05.335+00:00,-1,idle,1,1.51136786576,0.57098446479,2.06947180067,0.772971419123,1.629579016,0.848055483544,0.0143291531589,0.0802153324217,-0.0882438469808,-0.0795346540134,-0.012653637077,-0.00879645943005,-0.114384510126,0.116826348105,0.667888258835,-1.18214615346,0.792951625956,0.28555173933,0.796022289719,-0.604814302161,0.0135474688706,0.0190955559815,0.675527742142,-0.736922021302,-0.0174401616998,-0.0455044108119,-0.0653195995407,0.997147354206,-0.735459460605,-0.672300739577,-0.0771815700824,-3.16742475395,-3.08555849736,-3.05508043473,0.434331013899,-0.429919807585,0.100017676174,0,0,-1.91951007383,-0.217009965233,0,0,0.707,-0.707,0,0.664,0.664,0.342,-0.242,-0.242,0.94,0,-0.05,-0.4
52.200119840,2026-09-29T06:42:05.535+00:00,-1,idle,0,1.5143174722,0.587128760371,2.05187888181,0.757455442073,1.62706574188,0.846257794414,0.0123918376892,0.0649611547592,-0.0745081057676,-0.0627445866092,-0.0111352006277,-0.00705113017806,-0.114502799503,0.115514234543,0.672909026195,-1.20584332468,0.797679684269,0.26858952822,0.790884804751,-0.611518528701,0.0136515713622,0.0189723290269,0.675604247002,-0.736850775113,-0.0174871385679,-0.0578849686769,-0.07671022347,0.995700098455,-0.734518367254,-0.671174699189,-0.0940186892169,-3.09546931187,-3.04916757787,-2.93558604041,0.438198976851,-0.423078374223,0.10011239766,0,0,-1.81777875702,0,0,0,0.707,-0.707,0,0.664,0.664,0.342,-0.242,-0.242,0.94,0,-0.05,-0.4
52.400075589,2026-09-29T06:42:05.735+00:00,-1,idle,0,1.51562646914,0.593970451039,2.04390272713,0.7508580975,1.62589637128,0.845559662714,0.00111701072128,0.00591666616426,-0.00678933079026,-0.00570722665402,-0.00101229096616,-0.000628318530718,-0.114536650209,0.115120919238,0.674420632256,-1.21304680027,0.799044458736,0.263420024359,0.788523516376,-0.614559449998,0.0137413916465,0.0189346427622,0.675571345822,-0.736880758161,-0.0174946941983,-0.0635387586757,-0.0818797781268,0.994946344345,-0.734081182739,-0.670530722776,-0.101684352532,-3.13640839647,-3.05784953356,-2.87872214544,0.413304481374,-0.411584310487,0.100017643878,0,0,-1.72795026366,-0.206720326984,0,0,0.707,-0.707,0,0.664,0.664,0.342,-0.242,-0.242,0.94,0,-0.05,-0.4
52.600121452,2026-09-29T06:42:05.935+00:00,-1,settling,0,1.51567882902,0.594511503107,2.04330931519,0.750334498725,1.62587891799,0.845559662714,8.72664625997e-05,0.000523598775598,-0.000610865238198,-0.000506145483078,-8.72664625997e-05,-5.23598775598e-05,-0.114539733462,0.115084563914,0.674558026473,-1.21370494635,0.799167182184,0.262947450535,0.788346261518,-0.614785967679,0.0137501385025,0.0189557270027,0.675547175909,-0.73690198878,-0.0175336230128,-0.0639368000273,-0.0822913240615,0.994887106417,-0.73406886511,-0.670457006017,-0.102255648006,-3.12456681282,-3.06034177522,-2.84219723299,0.410121671466,-0.406755516076,0.100020431265,0,0,-1.70910469863,0,0,0,0.707,-0.707,0,0.664,0.664,0.342,-0.242,-0.242,0.94,0,-0.05,-0.4
52.800065270,2026-09-29T06:42:06.135+00:00,-1,settling,0,1.51567882902,0.594494049814,2.04332676848,0.750334498725,1.6258440114,0.845559662714,0,3.49065850399e-05,-5.23598775598e-05,-3.49065850399e-05,0,0,-0.114540014605,0.115081244431,0.674570552378,-1.21376497629,0.799178359511,0.262904344612,0.788346668023,-0.614785469226,0.013763892729,0.0189450020332,0.67553876662,-0.736910477394,-0.0175008150331,-0.063959323233,-0.082266064437,0.994887747385,-0.734074641821,-0.670450775933,-0.102255032038,-3.12333674594,-3.04129615705,-2.83182115927,0.399370226807,-0.399970225707,0.100033823478,0,0,-1.70862432364,-0.210231009754,0,0,0.707,-0.707,0,0.664,0.664,0.342,-0.242,-0.242,0.94,0,-0.05,-0.4
53.000164276,2026-09-29T06:42:06.335+00:00,-1,idle,1,1.5157137356,0.594494049814,2.04334422177,0.750317045432,1.62580910482,0.845542209421,0.00486946861306,0.0247662220858,-0.0290422787532,-0.0235793981944,-0.00441568300755,-0.00265290046303,-0.11454358086,0.115039544521,0.674741464271,-1.21457416745,0.799330454594,0.262323049167,0.788346909025,-0.614785331073,0.0137615519138,0.0189411566833,0.675544743185,-0.736905095042,-0.0174967726921,-0.0639611185662,-0.082263374835,0.99488785416,-0.73406898536,-0.670457021786,-0.10225468493,-3.10289863225,-3.0473783453,-2.84955267382,0.400001199166,-0.400008312762,0.100017024702,0,0,-1.72556641339,-0.214703904491,0,0,0.707,-0.707,0,0.664,0.664,0.342,-0.242,-0.242,0.94,0,-0.05,-0.4
53.200111760,2026-09-29T06:42:06.535+00:00,-1,idle,1,1.51768595766,0.60416317387,2.03191231517,0.741066800397,1.62388924264,0.844390292115,0.0146607657168,0.072204271155,-0.0873013691848,-0.0672475360793,-0.0134215819478,-0.00757472895366,-0.114618919941,0.114134627324,0.678583805105,-1.23278701512,0.802656967978,0.249218642522,0.784964878372,-0.61909976562,0.0138906343536,0.0187795156725,0.675581516616,-0.736875470217,-0.0173239481698,-0.0721225027442,-0.0894908676901,0.993709133459,-0.733278227554,-0.669563235246,-0.113163770265,-3.07282889883,-3.00689472786,-2.79190942987,0.399773081346,-0.400221679991,0.100020377286,0,0,-1.71336471837,0,0,0,0.707,-0.707,0,0.664,0.664,0.342,-0.242,-0.242,0.94,0,-0.05,-0.4
53.400116508,2026-09-29T06:42:06.735+00:00,-1,idle,1,1.52070537726,0.61898101922,2.01367362449,0.727557951986,1.6211839823,0.842889308958,0.0157952297305,0.0756251164889,-0.0949459113085,-0.0684518132632,-0.0146433124242,-0.00762708883122,-0.114705271917,0.113025217391,0.683577304912,-1.25658892713,0.806714925899,0.232036651646,0.779713239435,-0.625700362052,0.0140417169542,0.0186855924033,0.675571294176,-0.736883709531,-0.0173720031557,-0.084453610759,-0.100809338582,0.991657495346,-0.73196995438,-0.667943767006,-0.12991391546,-3.0950180229,-2.99901122318,-2.71765843769,0.399762214866,-0.400221018355,0.100066364079,0,0,-1.64918401823,0,0,0,0.707,-0.707,0,0.664,0.664,0.342,-0.242,-0.242,0.94,0,-0.05,-0.4
53.600110941,2026-09-29T06:42:06.935+00:00,-1,idle,1,1.52395168967,0.634235196882,1.99482406857,0.713996743698,1.61823437586,0.841458138972,0.0159174027782,0.0748920782031,-0.0976511716491,-0.06565928646,-0.0149225651046,-0.0071733032257,-0.114780491593,0.111972758697,0.688701348622,-1.28114036918,0.810566485758,0.214251547383,0.774332742078,-0.632345705041,0.0141989691787,0.0186038473589,0.675543640119,-0.736907425079,-0.0174411622387,-0.0969180086555,-0.112265312857,0.989289341087,-0.730449649116,-0.666087791806,-0.146855049186,-3.07099225064,-2.96538449897,-2.65057421636,0.399764342463,-0.400208311108,0.100108686014,0,0,-1.55011852014,0,0,0,0.707,-0.707,0,0.664,0.664,0.342,-0.242,-0.242,0.94,0,-0.05,-0.4
53.800106820,2026-09-29T06:42:07.135+00:00,-1,idle,1,1.52707582903,0.648791242844,1.97520656777,0.701168573696,1.61540694248,0.840096782155,0.0160570291183,0.0751015177133,-0.101543255881,-0.0636696111128,-0.0152018177849,-0.0067369709127,-0.114842911145,0.111011385363,0.693818723631,-1.3057723456,0.814096981841,0.196350059534,0.768659082974,-0.63922978384,0.0143417545656,0.0185151745926,0.675542624566,-0.736906224181,-0.0175309596584,-0.109876661,-0.12419816332,0.986509851431,-0.728613945626,-0.663967644537,-0.164483976373,-3.07361723289,-2.96958211843,-2.51093994194,0.399813722093,-0.400153011667,0.100132540534,0,0,-1.44945302643,0,0,0,0.707,-0.707,0,0.664,0.664,0.342,-0.242,-0.242,0.94,0,-0.05,-0.4
54.000113186,2026-09-29T06:42:07.335+00:00,-1,idle,1,1.53009524864,0.662876049907,1.9557810532,0.689579587463,1.61247478933,0.838840145094,0.0147654854719,0.0692721180117,-0.0968657734857,-0.0568104671524,-0.0140848070636,-0.0057770398241,-0.11489358246,0.110143551594,0.698916169673,-1.33040956988,0.817299791999,0.178391892073,0.763233994322,-0.645698136207,0.0145204309898,0.0183560315271,0.675541801765,-0.736909057137,-0.0174434028897,-0.122225924826,-0.135331250222,0.983592463148,-0.726645097257,-0.661785081596,-0.181123146325,-3.03062422309,-2.96854115433,-2.36838622746,0.399779361771,-0.400186550907,0.10013569378,0,0,-1.32354791132,0,0,0,0.707,-0.707,0,0.664,0.664,0.342,-0.242,-0.242,0.94,0,-0.05,-0.4
54.200135852,2026-09-29T06:42:07.535+00:00,-1,idle,1,1.53316702812,0.677135389896,1.93553523388,0.677798615012,1.60962990265,0.837688227787,0.0146956723018,0.0696386371546,-0.100670591255,-0.0550651379004,-0.0141197136486,-0.00532325421858,-0.114934358873,0.109357607625,0.704062384486,-1.35537795026,0.820215314905,0.160143755659,0.757477719085,-0.652440993018,0.0146581386511,0.0182590988365,0.675548891178,-0.736900641649,-0.017524160609,-0.135037788512,-0.147105684637,0.980224411569,-0.724366959008,-0.659277151041,-0.198537167196,-3.04175281491,-2.95315492447,-2.26862783187,0.399807230445,-0.400149444149,0.100172708981,0,0,-1.23552159935,0,0,0,0.707,-0.707,0,0.664,0.664,0.342,-0.242,-0.242,0.94,0,-0.05,-0.4
54.400123483,2026-09-29T06:42:07.735+00:00,-1,idle,1,1.53606427468,0.69129001013,1.91504506846,0.66690776048,1.60678501597,0.836623576943,0.0143116998664,0.0689754120388,-0.102904612698,-0.0525169571925,-0.0138579142608,-0.00479965544298,-0.1149661786,0.108656670651,0.709251073996,-1.38064055493,0.822831409649,0.14163620077,0.751839974246,-0.658930534826,0.0148242183947,0.0180954676013,0.675563532425,-0.736888976364,-0.0174501962151,-0.147521677368,-0.158372050881,0.976666150254,-0.721914308187,-0.656674904358,-0.215366482071,-3.02785778613,-2.91484364777,-2.14441775615,0.399792098703,-0.400170041744,0.100150817765,0,0,-1.1308049966,0,0,0,0.707,-0.707,0,0.664,0.664,0.342,-0.242,-0.242,0.94,0,-0.05,-0.4
54.600127238,2026-09-29T06:42:07.935+00:00,-1,idle,1,1.53887425478,0.704973391466,1.8944152767,0.656540504723,1.60395758258,0.83569855244,0.0148876585195,0.0733212818763,-0.112905349312,-0.0535816080362,-0.0145036860841,-0.00457276264023,-0.114990180751,0.108039715015,0.714508033992,-1.40631697021,0.825150475572,0.122785286174,0.746116083032,-0.665405030549,0.0150182834339,0.0179272731779,0.675542691229,-0.736910573873,-0.0173446507424,-0.160055723061,-0.169621674843,0.972798322565,-0.719258811446,-0.653835066005,-0.23222098679,-3.01153701717,-2.91498054387,-2.00391523876,0.399770669357,-0.400205309018,0.100095421222,0,0,-1.01545549498,0,0,0,0.707,-0.707,0,0.664,0.664,0.342,-0.242,-0.242,0.94,0,-0.05,-0.4
54.800117225,2026-09-29T06:42:08.135+00:00,-1,idle,1,1.54159696841,0.718778945849,1.87322697958,0.646592127986,1.6013395887,0.834860794399,0.0134041286553,0.0675791486372,-0.107058496317,-0.0474205957767,-0.013124875975,-0.00375245789179,-0.115006919769,0.107523513286,0.719666349884,-1.43158740581,0.827100990952,0.10419833191,0.740327933073,-0.671839381193,0.015152336945,0.0177989908583,0.675567599034,-0.736887189146,-0.0173680919835,-0.17246280939,-0.180938759308,0.968631663268,-0.716361639476,-0.650820586531,-0.249028211845,-3.0526283056,-2.92397412031,-1.92917449283,0.399761002732,-0.40020761153,0.100124817911,0,0,0,0,0,0,0.707,-0.707,0,0.664,0.664,0.342,-0.242,-0.242,0.94,0,-0.05,-0.4
55.000114878,2026-09-29T06:42:08.335+00:00,-1,idle,1,1.54433713533,0.731345316463,1.8540458111,0.636120152474,1.59852960861,0.834145209406,0.0136310214581,0.0557807228937,-0.0817861287485,-0.0611737902824,-0.0134215819478,-0.00331612557879,-0.115017859192,0.107093148718,0.723898932188,-1.45721753517,0.828747537796,0.0853176926444,0.734567139722,-0.678133325315,0.0153487193483,0.0176274545274,0.675538069551,-0.736916964811,-0.0172529134621,-0.184749476903,-0.191932797017,0.964241364746,-0.71331966703,-0.64762966918,-0.265527639785,-3.04054182467,-2.92188758443,-1.78651205047,0.399750545988,-0.400233256858,0.1000640389,0,0,0,0,0,0,0.707,-0.707,0,0.664,0.664,0.342,-0.242,-0.242,0.94,0,-0.05,-0.4
55.200123400,2026-09-29T06:42:08.535+00:00,-1,idle,1,1.54702494238,0.742358344043,1.83781424906,0.623728314785,1.59592906802,0.833516890875,0.0132645023152,0.0533372619409,-0.0793426677957,-0.0612086968674,-0.0131074226825,-0.00282743338823,-0.115023811613,0.106753674952,0.727237762388,-1.48296516898,0.830066889411,0.0663264848618,0.728571007203,-0.684571293905,0.0154866479839,0.0175098474734,0.675547301675,-0.736907391388,-0.0173002736867,-0.197240924788,-0.20333654463,0.959418331361,-0.709958351446,-0.64415118267,-0.282455600015,-3.04111467134,-2.8870785507,-1.66569335827,0.399765573883,-0.400216070249,0.100072742772,0,0,0,0,0,0,0.707,-0.707,0,0.664,0.664,0.342,-0.242,-0.242,0.94,0,-0.05,-0.4
55.400111055,2026-09-29T06:42:08.735+00:00,-1,idle,1,1.54964293626,0.7527255998,1.82156523372,0.611580823191,1.59325871427,0.832993292099,0.0128107167096,0.0523075176823,-0.0802851455917,-0.0592364748127,-0.012723450247,-0.00235619449019,-0.115025857607,0.106505576836,0.730494900449,-1.50877880237,0.831055026499,0.0472678723197,0.72237374361,-0.691107317979,0.0156788191865,0.017350049229,0.67551451981,-0.736938989579,-0.0172341571314,-0.210054023867,-0.214854478462,0.954174081728,-0.706304778819,-0.640365113605,-0.299697857161,-3.03494440827,-2.90607671695,-1.53776876252,0.399823166328,-0.400174470207,0.100008998876,0,0,0,0,0,0,0.707,-0.707,0,0.664,0.664,0.342,-0.242,-0.242,0.94,0,-0.05,-0.4
55.600127303,2026-09-29T06:42:08.935+00:00,-1,idle,1,1.55219111697,0.763075402264,1.8055256579,0.600148916591,1.5908501599,0.832539506494,0.0123743843966,0.0514173997638,-0.0814894227756,-0.0571246264178,-0.0123220245191,-0.00190240888467,-0.115024942866,0.106348863498,0.733747580154,-1.53464036648,0.831710757457,0.0281605710717,0.716432013919,-0.697265202298,0.01577374299,0.017250974717,0.67556064612,-0.736894114611,-0.0173446777832,-0.222027188007,-0.225875158417,0.948902794862,-0.702588600249,-0.636613286589,-0.315985202274,-3.03735747904,-2.91775406981,-1.44089189319,0.39977438368,-0.400203109987,0.100089378573,0,0,0,0,0,0,0.707,-0.707,0,0.664,0.664,0.342,-0.242,-0.242,0.94,0,-0.05,-0.4
55.800058808,2026-09-29T06:42:09.135+00:00,-1,idle,1,1.55463457792,0.773407751436,1.78913701622,0.588839183038,1.58835433907,0.832190440643,0.0119729586687,0.0505796417228,-0.082711153252,-0.0550651379004,-0.0119555053762,-0.00146607657168,-0.115021940977,0.106283627262,0.73700140921,-1.56053169622,0.832033196186,0.00902346178649,0.710352616029,-0.703457777672,0.0159428921512,0.0170921070237,0.675548052672,-0.736906965871,-0.0172890777982,-0.234230968365,-0.236850464041,0.943274902277,-0.698626997754,-0.632597013378,-0.332411712374,-3.03887096028,-2.89042984751,-1.31822003296,0.399777208515,-0.400207975225,0.100058637369,0,0,0,0,0,0,0.707,-0.707,0,0.664,0.664,0.342,-0.242,-0.242,0.94,0,-0.05,-0.4
56.000124619,2026-09-29T06:42:09.335+00:00,-1,idle,1,1.55697331912,0.783391034758,1.77253893503,0.577721435703,1.58605050446,0.831928641256,0.0115889862332,0.0497418836818,-0.0838979771434,-0.0530405559681,-0.0115715329407,-0.00106465084372,-0.115017670571,0.106309929938,0.74025485319,-1.58642937585,0.832021877279,-0.0101206326576,0.704088237541,-0.709727601594,0.0160837945276,0.0169645761957,0.675552081724,-0.73690245787,-0.0173237520596,-0.246556894671,-0.24805416694,0.937232647817,-0.694368837555,-0.628293639828,-0.349082871937,-3.03595981877,-2.90004863455,-1.19252069839,0.399796100592,-0.400184369164,0.100077567029,0,0,0,0,0,0,0.707,-0.707,0,0.664,0.664,0.342,-0.242,-0.242,0.94,0,-0.05,-0.4
56.200148462,2026-09-29T06:42:09.535+00:00,-1,idle,1,1.55924224715,0.793304504909,1.75601066702,0.567389086531,1.58369430997,0.831858828086,0.0112050137978,0.0489215789334,-0.0850324411572,-0.0510683339134,-0.0112224670903,-0.000663225115758,-0.11501289932,0.106427807407,0.743506932678,-1.61231899679,0.831676839011,-0.0292555177182,0.698049324307,-0.715666255601,0.0162949234278,0.0168352873264,0.6754566509,-0.736990914459,-0.0172816131382,-0.258346399946,-0.258601299203,0.931184245082,-0.690162626045,-0.623922078513,-0.364912657439,-3.05151287103,-2.9120514551,-1.10601799848,0.399814653551,-0.400178041786,0.100028738233,0,0,0,0,0,0,0.707,-0.707,0,0.664,0.664,0.342,-0.242,-0.242,0.94,0,-0.05,-0.4
56.400123289,2026-09-29T06:42:09.735+00:00,-1,idle,1,1.561441362,0.802834002625,1.73874936071,0.557144003822,1.58140792865,0.831771561623,0.0108559479474,0.048101274185,-0.0861145452934,-0.0491135651511,-0.0108734012399,-0.000296705972839,-0.11500835131,0.10663724802,0.746755693817,-1.63817890417,0.830998566523,-0.0483596408624,0.691589101696,-0.721910663324,0.0164834172434,0.0166674998122,0.675418672889,-0.737027316807,-0.0172132702224,-0.270766976946,-0.26971356546,0.924475691895,-0.685422395686,-0.619156140959,-0.38159192657,-3.04388911355,-2.93189956275,-0.975654449448,0.399853144291,-0.400152420749,0.0999773672531,0,0,0,0,0,0,0.707,-0.707,0,0.664,0.664,0.342,-0.242,-0.242,0.94,0,-0.05,-0.4
56.600115419,2026-09-29T06:42:09.935+00:00,-1,idle,1,1.56364047686,0.812433313511,1.72117389515,0.547509786351,1.57931353354,0.831649388575,0.0105243353895,0.0473507826066,-0.0872839158922,-0.0472460628515,-0.0105243353895,3.49065850399e-05,-0.115004707576,0.106938195206,0.749999435908,-1.6639896593,0.829988038652,-0.0674131156247,0.685205520724,-0.727973854814,0.0165591363097,0.016530459202,0.675508085093,-0.736943694982,-0.0172850453747,-0.282717622663,-0.280659244802,0.917610691118,-0.680491420086,-0.614372345351,-0.397813834289,-3.0673136382,-2.94377693787,-0.863476823255,0.399846926499,-0.400146482944,0.100025988378,0,0,0,0,0,0,0.707,-0.707,0,0.664,0.664,0.342,-0.242,-0.242,0.94,0,-0.05,-0.4
56.800122050,2026-09-29T06:42:10.135+00:00,-1,idle,1,1.56569996538,0.822032624397,1.70372060263,0.538416620948,1.57727149832,0.831649388575,0.0101752695391,0.0466002910282,-0.0883311134434,-0.0453960138444,-0.0101752695391,0.000383972435439,-0.115002605116,0.107330635954,0.75323700905,-1.68973641951,0.828646464144,-0.08639949847,0.679012379854,-0.733754460802,0.0166778721386,0.0163837675511,0.675539512341,-0.736914761517,-0.0172904749892,-0.294193951826,-0.291047286896,0.910736823966,-0.675577742362,-0.609554846629,-0.413307968646,-3.08616986776,-2.92362839586,-0.755755823762,0.39977954294,-0.400205410334,0.100059569154,0,0,0,0,0,0,0.707,-0.707,0,0.664,0.664,0.342,-0.242,-0.242,0.94,0,-0.05,-0.4
57.000121949,2026-09-29T06:42:10.335+00:00,-1,idle,1,1.56767218743,0.831317776017,1.68572625804,0.529183829205,1.57535163614,0.831666841868,0.00982620368873,0.0459021593275,-0.0894306708722,-0.0436332312999,-0.00980875039621,0.000698131700798,-0.115002633582,0.107814456975,0.756466593738,-1.71539941585,0.826975668267,-0.105298782487,0.672402583289,-0.739817545213,0.0167776017805,0.0162258392539,0.675607071351,-0.73685233102,-0.0173116723497,-0.306227887597,-0.301980039481,0.903173821162,-0.670140706119,-0.604289415781,-0.429582768238,-3.07600164538,-2.93300531532,-0.64705111945,0.399778524735,-0.400204556671,0.100067051392,0,0,0,0,0,0,0.707,-0.707,0,0.664,0.664,0.342,-0.242,-0.242,0.94,0,-0.05,-0.4
57.200128064,2026-09-29T06:42:10.535+00:00,-1,idle,1,1.56964440949,0.840463301298,1.66771446016,0.52049208953,1.57337941409,0.83175410833,0.00945968454581,0.0452214809192,-0.0904778684234,-0.0419053553404,-0.00940732466825,0.000994837673637,-0.115005324065,0.10838943682,0.75968608771,-1.74095708177,0.824978177409,-0.124089743821,0.665882363885,-0.745692825884,0.0168916834185,0.0160486112809,0.675661424168,-0.736803291699,-0.0172778113419,-0.317945202192,-0.312545079842,0.895492106249,-0.664606265615,-0.59895365631,-0.445375532423,-3.08693216761,-2.96365351377,-0.591584866209,0.399767781346,-0.400215501348,0.100066199452,0,0,0,0,0,0,0.707,-0.707,0,0.664,0.664,0.342,-0.242,-0.242,0.94,0,-0.05,-0.4
57.400122097,2026-09-29T06:42:10.735+00:00,-1,idle,1,1.57154681837,0.849486653531,1.64975502216,0.512306495338,1.5714770052,0.832068267596,0.00904080552533,0.0445582558034,-0.091472706097,-0.0401949326734,-0.00897099235525,0.00125663706144,-0.115011136975,0.109055537368,0.76289454666,-1.76639751818,0.822656250423,-0.142758384935,0.659473577815,-0.751365220713,0.0170656385818,0.0159269974357,0.675597552007,-0.736861455897,-0.0172947474326,-0.329294285863,-0.322735889963,0.88773585062,-0.659122311124,-0.593452390798,-0.460640805005,-3.08898935572,-2.96958650336,-0.393458448533,0.399774904952,-0.400212642878,0.100049171135,0,0,0,0,0,0,0.707,-0.707,0,0.664,0.664,0.342,-0.242,-0.242,0.94,0,-0.05,-0.4
57.600132939,2026-09-29T06:42:10.935+00:00,-1,idle,1,1.57332705421,0.858160939913,1.63128943867,0.504469966996,1.56973167595,0.832364973569,0.00860447321233,0.0439648438577,-0.0925722635258,-0.0385892297616,-0.00848230016469,0.00150098315672,-0.115020442383,0.109812447052,0.766089797192,-1.7916997351,0.820013342726,-0.161284160515,0.652825297277,-0.75714840739,0.0172090593594,0.0157882455526,0.675585789633,-0.736871761414,-0.0173150832253,-0.340854370875,-0.33315416298,0.8794780718,-0.653231305665,-0.587654074196,-0.476216871936,-3.10577052081,-2.97132138963,-0.273190609391,0.399798829775,-0.40018593974,0.100060382463,0,0,0,0,0,0,0.707,-0.707,0,0.664,0.664,0.342,-0.242,-0.242,0.94,0,-0.05,-0.4
57.800066094,2026-09-29T06:42:11.135+00:00,-1,idle,1,1.57505493017,0.866992305928,1.61273658872,0.496825424873,1.56802125328,0.832696586126,0.00809832772925,0.0433888852046,-0.0935845544919,-0.0370009801423,-0.00794124809657,0.00171042266695,-0.115033505226,0.110660103318,0.769270851914,-1.81685277093,0.817052378662,-0.179654018656,0.646226730555,-0.762787978839,0.0173512795422,0.0156347418445,0.675579695656,-0.736877596254,-0.0173045209869,-0.352155103751,-0.343298488318,0.871076374226,-0.647215464679,-0.581778786187,-0.491416833064,-3.1364782127,-2.98368909044,-0.155355318168,0.399805113741,-0.400179755548,0.100060007345,0,0,0,0,0,0,0.707,-0.707,0,0.664,0.664,0.342,-0.242,-0.242,0.94,0,-0.05,-0.4
58.000117489,2026-09-29T06:42:11.335+00:00,-1,idle,1,1.5766257265,0.875753858773,1.59390448609,0.489529948599,1.56652027013,0.833080558562,0.00753982236862,0.042865286429,-0.0945968454581,-0.0354650904005,-0.0073478361509,0.00188495559215,-0.115050460597,0.111598165921,0.772435713232,-1.84183844572,0.813777488636,-0.197849778774,0.639579057674,-0.768370017095,0.0174865095088,0.015503799505,0.6755689401,-0.736886559538,-0.0173426392242,-0.363322962479,-0.353367825192,0.862411550111,-0.641024205555,-0.575706851176,-0.506467719702,-3.1398351381,-3.00925652873,-0.0805201332336,0.399804483256,-0.400177436022,0.100071802526,0,0,0,0,0,0,0.707,-0.707,0,0.664,0.664,0.342,-0.242,-0.242,0.94,0,-0.05,-0.4
58.200112015,2026-09-29T06:42:11.535+00:00,-1,idle,1,1.57805689648,0.884288518815,1.57477567749,0.482531178299,1.5651938199,0.833464530997,0.0069115038379,0.0423765942384,-0.0955916831317,-0.0339641072438,-0.00666715774262,0.00200712863979,-0.115071303175,0.112626361137,0.775582801983,-1.86664269949,0.810192823962,-0.215856444705,0.632795510509,-0.773966199758,0.017603832045,0.0153710315254,0.675583349061,-0.736872100525,-0.0173956416436,-0.374504990016,-0.363481301087,0.8533680963,-0.634540897756,-0.569394284506,-0.521559472993,-3.14445977686,-3.03400949046,0.0272539961189,0.399808962483,-0.400162681978,0.100112897589,0,0,0,0,0,0,0.707,-0.707,0,0.664,0.664,0.342,-0.242,-0.242,0.94,0,-0.05,-0.4
58.400077656,2026-09-29T06:42:11.735+00:00,-1,idle,1,1.57940080001,0.892735912395,1.55573413535,0.476003646896,1.56383246308,0.83383105014,0.00623082542962,0.0419053553404,-0.0965865208054,-0.0325154839647,-0.0059515727493,0.00207694180987,-0.115095881036,0.113744488307,0.778710769381,-1.89125406904,0.806302582891,-0.233661078945,0.62614848453,-0.779354224928,0.0177407588495,0.0151767217408,0.675596406317,-0.736862143055,-0.0173102069392,-0.385355345888,-0.373128617849,0.844315776109,-0.627996618754,-0.563132503657,-0.536092554462,-3.18867513204,-3.03122142355,0.130267406671,0.399774241298,-0.400202114053,0.100093929366,0,0,1.07326188424,0,0,0,0.707,-0.707,0,0.664,0.664,0.342,-0.242,-0.242,0.94,0,-0.05,-0.4
58.600119336,2026-09-29T06:42:11.935+00:00,-1,idle,1,1.58055271731,0.901026226342,1.53629116748,0.469458662201,1.56268054577,0.834302289038,0.00549778714378,0.0414864763199,-0.097581358479,-0.031084313978,-0.00518362787842,0.00211184839491,-0.115123889318,0.114951978034,0.78181739638,-1.91565522191,0.802112373647,-0.251246700879,0.61922889401,-0.78486258407,0.0179161837068,0.0150103734656,0.67554240787,-0.736912653043,-0.0172672141958,-0.396458710519,-0.382977958944,0.834699157131,-0.621105422632,-0.556414076699,-0.550947511474,-3.226054817,-3.03997615601,0.26101511296,0.399803060614,-0.400177792998,0.100076058618,0,0,1.2066109127,0,0,0,0.707,-0.707,0,0.664,0.664,0.342,-0.242,-0.242,0.94,0,-0.05,-0.4
58.800072071,2026-09-29T06:42:12.135+00:00,-1,idle,1,1.58161736816,0.909264180411,1.51683074632,0.463262743357,1.56166825481,0.834756074644,0.0047298422729,0.0410850505919,-0.0985761961526,-0.0297055038689,-0.00439822971503,0.00209439510239,-0.115154904555,0.116248798513,0.784901892182,-1.93984085095,0.797626240508,-0.268605215485,0.612371140129,-0.790224499688,0.0180621683986,0.014852100922,0.675520922256,-0.736932651471,-0.0172542230433,-0.407233396769,-0.392589531977,0.824978469433,-0.61411842844,-0.549647820497,-0.565399696461,-3.21775258608,-3.09318487505,0.3698096924,0.39981290416,-0.40017041133,0.100066249839,0,0,1.33488301607,0,0,0,0.707,-0.707,0,0.664,0.664,0.342,-0.242,-0.242,0.94,0,-0.05,-0.4
59.000124604,2026-09-29T06:42:12.335+00:00,-1,idle,1,1.58254239266,0.917502134481,1.49721324553,0.457433343655,1.56086540335,0.835157500372,0.00394444410951,0.0407359847415,-0.0995710338263,-0.0283441470524,-0.00359537825911,0.00204203522483,-0.115188389273,0.117634491413,0.787962446816,-1.96379866579,0.792849777322,-0.285723706689,0.605550015999,-0.795463953313,0.0181670697194,0.0147049203161,0.675547987116,-0.736907141235,-0.0172841662754,-0.41770811571,-0.402022092322,0.81512773852,-0.607012229838,-0.542821427803,-0.579510161681,-3.27649113117,-3.10564890424,0.480099436196,0.399786994056,-0.400190451524,0.100089623268,0,0,1.44273517083,0,0,0,0.707,-0.707,0,0.664,0.664,0.342,-0.242,-0.242,0.94,0,-0.05,-0.4
59.200117508,2026-09-29T06:42:12.535+00:00,-1,idle,1,1.58327543095,0.925757541843,1.47708959926,0.451883196634,1.56021963153,0.835593832685,0.00317649923863,0.0404043721837,-0.100583324792,-0.0270176968209,-0.00279252680319,0.00193731546971,-0.115223727975,0.119108304447,0.790996776033,-1.98751360444,0.787789737026,-0.302587566196,0.598600189735,-0.80070642734,0.0183069536568,0.0145562877937,0.675525862141,-0.736927136831,-0.0172962966446,-0.428221071531,-0.41140833206,0.804912276038,-0.599667010494,-0.535715016883,-0.59361693541,-3.2777242702,-3.1094801275,0.592294860946,0.39979590222,-0.400176462622,0.100109970157,0,0,1.55202819675,0,0,0,0.707,-0.707,0,0.664,0.664,0.342,-0.242,-0.242,0.94,0,-0.05,-0.4
59.400073783,2026-09-29T06:42:12.735+00:00,-1,idle,1,1.5838513896,0.933803509695,1.45703576615,0.446769381926,1.55974839263,0.835960351828,0.00242600766027,0.0400727596258,-0.101578162466,-0.0256912465894,-0.00202458193231,0.00181514242207,-0.115260291154,0.120670264144,0.794004270965,-2.01098460124,0.782450336726,-0.319192412766,0.591724592475,-0.805800971481,0.0184219459305,0.0144025320081,0.675536923858,-0.736916722857,-0.0173079889193,-0.438411044514,-0.420532175283,0.794632354587,-0.592245405683,-0.528597609836,-0.607308697915,-3.30971010953,-3.15676602945,0.667001385642,0.399779522953,-0.40152546754,0.100120544141,0,0,1.64660011763,0,0,0,0.707,-0.707,0,0.664,0.664,0.342,-0.242,-0.242,0.94,0,-0.05,-0.4
59.600107576,2026-09-29T06:42:12.935+00:00,-1,idle,1,1.58427026862,0.941762211084,1.43640597439,0.441690473802,1.55938187349,0.836309417678,0.00171042266695,0.0397586003604,-0.102538093555,-0.0243647963578,-0.001308996939,0.00164060949687,-0.115297436584,0.122319630357,0.79698282271,-2.03419983675,0.776838455945,-0.335526493375,0.58455135944,-0.811019744272,0.0185592565316,0.0142209906802,0.67552988414,-0.736924097527,-0.0172687101851,-0.448877334705,-0.429819374688,0.783730255787,-0.584360773856,-0.521063508247,-0.621315280525,-3.34675762127,-3.18367942373,0.816238258649,0.399679776264,-0.408387664051,0.100076415329,0,0,1.797520552,0,0,0,0.707,-0.707,0,0.664,0.664,0.342,-0.242,-0.242,0.94,0,-0.05,-0.4
59.800125528,2026-09-29T06:42:13.135+00:00,-1,idle,1,1.58458442789,0.94956383284,1.41589835568,0.436873365067,1.55920734056,0.836588670358,0.0010471975512,0.0394968009726,-0.103637650983,-0.0230907060039,-0.000645771823238,0.00146607657168,-0.115334572152,0.124056189888,0.799931358609,-2.05715644706,0.770959253808,-0.351584664627,0.577423916794,-0.816110312358,0.0186502411716,0.0140622502141,0.675574633381,-0.736882470969,-0.0172945590455,-0.459006843453,-0.438925853025,0.772723378066,-0.576385836393,-0.513475724378,-0.634951556592,-3.38902375782,-3.19702852402,0.917953457962,0.399798541173,-0.399914980034,0.100130113682,0,0,1.90402828342,0,0,0,0.707,-0.707,0,0.664,0.664,0.342,-0.242,-0.242,0.94,0,-0.05,-0.4
60.000076349,2026-09-29T06:42:13.335+00:00,-1,idle,1,1.58461933447,0.957452721059,1.39505912441,0.432248242549,1.55917243398,0.836885376331,0.000453785605519,0.0392175482923,-0.104632488657,-0.0217817090649,-6.98131700798e-05,0.00129154364648,-0.115371156563,0.125879090965,0.802847778137,-2.07984453291,0.76481999716,-0.367357148081,0.570231010457,-0.821151478278,0.0188205359434,0.0138791880705,0.675514716878,-0.73693880706,-0.0172342380126,-0.469131909752,-0.447808316136,0.761447682411,-0.568246529715,-0.505665805299,-0.648432269393,-3.39141691093,-3.27065058629,1.03970810649,0.399812768861,-0.411018750442,0.100079893142,0,0,2.01001897852,0,0,0,0.707,-0.707,0,0.664,0.664,0.342,-0.242,-0.242,0.94,0,-0.05,-0.4
60.200108956,2026-09-29T06:42:13.535+00:00,-1,idle,1,1.58465424106,0.965289249401,1.37394064046,0.427954732589,1.55913752739,0.837147175719,-5.23598775598e-05,0.0389557489045,-0.105662232916,-0.0204901654184,0.000436332312999,0.00109955742876,-0.115406735845,0.127787777895,0.805730567563,-2.10225956554,0.758426980221,-0.38283824205,0.562994391632,-0.82612953615,0.0189760185094,0.013682661031,0.67547779499,-0.736974427909,-0.0171579448012,-0.479106840315,-0.456558099203,0.749936741134,-0.559906585101,-0.497727229174,-0.661713298361,-3.43623038587,-3.28089442982,1.14092702311,0.399842260361,-0.402026103798,0.100035500434,0,0,2.13387614582,0,0,0,0.707,-0.707,0,0.664,0.664,0.342,-0.242,-0.242,0.94,0,-0.05,-0.4
60.400108230,2026-09-29T06:42:13.735+00:00,-1,idle,1,1.58470660093,0.973125777742,1.35287451639,0.424027741772,1.55913752739,0.837304255352,-0.000506145483078,0.0386939495167,-0.106657070589,-0.0191811684794,0.000872664625997,0.000907571211037,-0.115440948605,0.129781930367,0.808578585764,-2.12440075251,0.75178566434,-0.398025098796,0.555888509897,-0.830928777899,0.0190692385487,0.013479420035,0.675526160641,-0.736931644357,-0.0170914786592,-0.48864484076,-0.465025033056,0.738475267778,-0.551542950176,-0.489890263403,-0.674482142268,-3.47564309224,-3.30727522998,1.2128907837,0.399792580041,-0.426823317722,0.0999931209904,0,0,2.23351832608,0,0,0,0.707,-0.707,0,0.664,0.664,0.342,-0.242,-0.242,0.94,0,-0.05,-0.4
60.600101837,2026-09-29T06:42:13.935+00:00,-1,idle,1,1.58468914764,0.980892492913,1.33131970013,0.420222924003,1.55925970044,0.837461334984,-0.000890117918517,0.038501963299,-0.107791534603,-0.0178896248329,0.0012217304764,0.000733038285838,-0.115473513825,0.131860767374,0.81139005,-2.14626311846,0.744902982757,-0.412912267354,0.54855849067,-0.835786860621,0.0191584457059,0.0132988678238,0.675571503007,-0.736890331031,-0.0170807104366,-0.498248296995,-0.473596139302,0.726495486302,-0.54282665637,-0.481672437318,-0.687369302277,-3.52106675945,-3.3504298418,1.34145923553,0.402363082665,-0.447349020328,0.0999624408666,0,0,2.3683999434,0,0,0,0.707,-0.707,0,0.664,0.664,0.342,-0.242,-0.242,0.94,0,-0.05,-0.4
60.800125887,2026-09-29T06:42:14.135+00:00,-1,idle,1,1.58449716142,0.988537035037,1.31004413655,0.416749718791,1.55953895312,0.83763586791,-0.00118682389136,0.0382925237888,-0.108873638739,-0.0165806278939,0.00151843644924,0.000558505360638,-0.115504237555,0.134023729432,0.814163545437,-2.16784530825,0.737785049072,-0.427497056787,0.541390408564,-0.840447297046,0.0192847017349,0.0131478774848,0.675547911589,-0.736911489023,-0.0171008682043,-0.507464932857,-0.481759429002,0.714632902186,-0.534250279428,-0.473474719403,-0.699693772603,-3.54979361611,-3.3611250788,1.44423779852,0.411133923626,-0.468793225154,0.0999330320247,0,0,2.48924975712,0,0,0,0.707,-0.707,0,0.664,0.664,0.342,-0.242,-0.242,0.94,0,-0.05,-0.4
61.000112367,2026-09-29T06:42:14.335+00:00,-1,idle,1,1.58421790874,0.996146670576,1.28817516102,0.413712845893,1.55995783214,0.837758040957,-0.00143116998664,0.0381179908636,-0.110008102753,-0.015271630955,0.00174532925199,0.000418879020479,-0.11553299759,0.136270146079,0.816897540554,-2.18914576221,0.730438260652,-0.441776891726,0.534100740152,-0.845098195154,0.019391272268,0.0130160852503,0.675545185975,-0.736912309944,-0.0171729673841,-0.516596625961,-0.489912668763,0.702423045071,-0.525428994014,-0.465032068183,-0.711948702467,-3.60934950872,-3.40023442157,1.56052240504,0.42536998316,-0.483943781625,0.0999685135954,0,0,2.59997584366,0,0,0,0.707,-0.707,0,0.664,0.664,0.342,-0.242,-0.242,0.94,0,-0.05,-0.4
61.200103878,2026-09-29T06:42:14.535+00:00,-1,idle,1,1.58386884289,1.00373885282,1.26621891903,0.410710879579,1.56032435128,0.837827854127,-0.00162315620435,0.0379434579384,-0.111125113474,-0.013962634016,0.00191986217719,0.000279252680319,-0.115559730745,0.138599049042,0.819590208655,-2.21016130924,0.72286985733,-0.455748387963,0.526742801117,-0.849703626299,0.0195227203745,0.0128309124447,0.675522917167,-0.736933648313,-0.0171331864536,-0.525676853017,-0.497877795323,0.689954388353,-0.516373541716,-0.456459745113,-0.724039636977,-3.63912816724,-3.4553140399,1.65043924965,0.421264685355,-0.496692236042,0.0999213312631,0,0,2.71189266478,0,0,0,0.707,-0.707,0,0.664,0.664,0.342,-0.242,-0.242,0.94,0,-0.05,-0.4
61.400075018,2026-09-29T06:42:14.735+00:00,-1,idle,0,1.58350232375,1.01129612848,1.2436518118,0.407900899484,1.5607432303,0.837880214005,-0.00116937059884,0.0215024563846,-0.0667064840112,-0.0142418866963,0.00136135681656,0.00012217304764,-0.115583667104,0.140927391748,0.822093104271,-2.23020730967,0.715348540036,-0.468961357263,0.5191508167,-0.854363127492,0.0196450960712,0.0126548844761,0.675510689966,-0.736945007386,-0.0171266522399,-0.534806394269,-0.505920489307,0.676942807209,-0.506928425313,-0.447510351375,-0.736219473765,-3.69606083267,-3.48255550742,1.74533670336,0.451455401291,-0.487262233498,0.100012303167,0,0,2.82397836175,0,0,0,0.707,-0.707,0,0.664,0.664,0.342,-0.242,-0.242,0.94,0,-0.05,-0.4
61.600110943,2026-09-29T06:42:14.935+00:00,-1,idle,0,1.58346741716,1.01370468285,1.23633888224,0.406487182789,1.56081304347,0.837880214005,-0.00010471975512,0.00195476876223,-0.00607374579694,-0.00129154364648,0.00012217304764,0,-0.115589550633,0.141528042593,0.822574313498,-2.23528066749,0.713398328314,-0.472287394757,0.51644959905,-0.855999424857,0.0196610389393,0.0125793415265,0.67554931696,-0.736909999145,-0.0171095508529,-0.537980142488,-0.508757733726,0.672277432886,-0.503507186288,-0.444340209225,-0.740482488991,-3.70172868971,-3.53820640983,1.83458755471,0.448953467273,-0.46862789719,0.0999885184176,0,0,2.97057414343,0,0,0,0.707,-0.707,0,0.664,0.664,0.342,-0.242,-0.242,0.94,0,-0.05,-0.4
61.800111894,2026-09-29T06:42:15.135+00:00,-1,settling,0,1.58341505729,1.0138268559,1.23581528346,0.406434822912,1.56081304347,0.837880214005,0,0.000174532925199,-0.000541052068118,-0.00010471975512,0,0,-0.115590081633,0.141582779878,0.822617953748,-2.23574250206,0.713219876652,-0.472589808325,0.516255766722,-0.856116093239,0.0196848199843,0.0125589045884,0.675524030752,-0.736934092116,-0.0170701106752,-0.538243922156,-0.508920717458,0.67194226503,-0.503259142132,-0.444113552168,-0.740787556448,-3.69277589232,-3.4972119475,1.84296935309,0.467130190907,-0.500272197251,0.0999702066571,0,0,2.92421330391,0,0,0,0.707,-0.707,0,0.664,0.664,0.342,-0.242,-0.242,0.94,0,-0.05,-0.4
62.000069950,2026-09-29T06:42:15.335+00:00,-1,settling,0,1.58334524412,1.0138268559,1.23581528346,0.406417369619,1.56090030994,0.837880214005,0,0,-3.49065850399e-05,0,0,0,-0.115590130011,0.141587771335,0.822621931508,-2.2357846123,0.713203597706,-0.472617379499,0.516247631879,-0.856120548327,0.0196922335459,0.0125779668601,0.675507613195,-0.736948329029,-0.0171050650954,-0.538247985866,-0.508934125129,0.671928831216,-0.503276832595,-0.444074562005,-0.740798935292,-3.69853110673,-3.50561493975,1.83463203767,0.450496660414,-0.500014445763,0.0999988086804,0,0,2.93652318455,0,0,0,0.707,-0.707,0,0.664,0.664,0.342,-0.242,-0.242,0.94,0,-0.05,-0.4
62.200072786,2026-09-29T06:42:15.535+00:00,-1,settling,0,1.58334524412,1.01380940261,1.23581528346,0.406417369619,1.56093521652,0.837897667297,0,0,0,0,0,0,-0.115590134423,0.141588226529,0.822622294245,-2.2357884525,0.713202113101,-0.472619893798,0.516239611501,-0.856125136795,0.0196907486077,0.0125971459119,0.675503989423,-0.73695075273,-0.0171436761895,-0.538241530295,-0.508958723945,0.671915346318,-0.503288600446,-0.444042346372,-0.740810273787,-3.69803278244,-3.50006967533,1.83590298127,0.473411450451,-0.499997048496,0.100000962029,0,0,2.93594389387,0,0,0,0.707,-0.707,0,0.664,0.664,0.342,-0.242,-0.242,0.94,0,-0.05,-0.4
62.400073365,2026-09-29T06:42:15.735+00:00,-1,settling,0,1.58334524412,1.01384430919,1.23581528346,0.406399916327,1.56093521652,0.837880214005,0,0,0,0,0,0,-0.115590134825,0.141588268041,0.822622327324,-2.2357888027,0.713201977711,-0.47262012309,0.516247189752,-0.856120802497,0.0196832241815,0.0125929063612,0.675516031903,-0.736939850106,-0.0171378758878,-0.53822723415,-0.508956967071,0.671928151192,-0.503287725919,-0.444062453936,-0.740798793766,-3.69403314171,-3.50002574821,1.83590834425,0.454133791502,-0.500000081281,0.100001628018,0,0,2.93453266678,0,0,0,0.707,-0.707,0,0.664,0.664,0.342,-0.242,-0.242,0.94,0,-0.05,-0.4
62.600109886,2026-09-29T06:42:15.935+00:00,-1,rejected,0,1.58334524412,1.0138268559,1.23583273675,0.406399916327,1.56091776323,0.837897667297,0,0,0,0,0,0,-0.115590134862,0.141588271827,0.822622330341,-2.23578883464,0.713201965364,-0.472620144001,0.516247300987,-0.856120503604,0.019695199926,0.0125899417191,0.675499669908,-0.73695508959,-0.017127433,-0.538243122605,-0.508939553324,0.671928615008,-0.503292695081,-0.444057121314,-0.740798614586,-3.69407045097,-3.49997289675,1.83590865825,0.462135522438,-0.500004558407,0.100008022952,0,0,2.93457484314,0,0,0,0.707,-0.707,0,0.664,0.664,0.342,-0.242,-0.242,0.94,0,-0.05,-0.4
62.800065765,2026-09-29T06:42:16.135+00:00,-1,rejected,0,1.58332779082,1.0138268559,1.23585019004,0.406382463034,1.56093521652,0.837880214005,0,0,0,0,0,0,-0.115590134865,0.141588272175,0.822622330619,-2.23578883758,0.713201964228,-0.472620145925,0.516247299626,-0.856120630696,0.0196906952441,0.0125884012541,0.675506637963,-0.736948732969,-0.0171261485266,-0.538239024047,-0.508944104967,0.671928450202,-0.503287725919,-0.444062453936,-0.740798793766,-3.69404647082,-3.49996722708,1.83596897093,0.469219082607,-0.500004929409,0.100001685432,0,0,2.93457736536,0,0,0,0.707,-0.707,0,0.664,0.664,0.342,-0.242,-0.242,0.94,0,-0.05,-0.4
63.000074791,2026-09-29T06:42:16.335+00:00,-1,idle,1,1.57667808637,1.01490896003,1.23581528346,0.405003652925,1.56805615987,0.834668808181,-0.145595366201,0.0257086998819,-0.000698131700798,-0.0253247274464,0.152419603577,-0.0810181838776,-0.115239665678,0.141600389646,0.822621397031,-2.23578180495,0.713159241285,-0.470502141444,0.516082725725,-0.856220680536,0.0193261819751,0.0130868300471,0.675881441435,-0.736577959099,-0.0182529877175,-0.537643446428,-0.509947174584,0.671644186327,-0.503421097727,-0.443526537316,-0.74102963194,-3.74642770721,-3.45427060412,1.861075152,0.442754096643,-0.489886505254,0.0996541135309,0,0,2.95138865601,0,0,0,0.707,-0.707,0,0.664,0.664,0.342,-0.242,-0.242,0.94,0,-0.05,-0.4
63.200072621,2026-09-29T06:42:16.535+00:00,-1,idle,1,1.5437088168,1.02086053278,1.23567565712,0.399156799931,1.60291038503,0.815993785185,-0.187779974222,0.0335801348084,-0.00228638132011,-0.0352381975978,0.195633955856,-0.104248516222,-0.114233540989,0.141659468933,0.822620633208,-2.23573458269,0.713028244191,-0.464071999831,0.516140651371,-0.856219985792,0.0164498324409,0.0146821982294,0.679519515951,-0.733105612449,-0.0224891611225,-0.533071204517,-0.514670551195,0.671685836448,-0.503385854347,-0.443823596408,-0.740875411083,-3.71258619148,-3.56377531234,1.83892422012,0.452816536472,-0.47837505664,0.0996731572118,0,0,2.96031479866,0,0,0,0.707,-0.707,0,0.664,0.664,0.342,-0.242,-0.242,0.94,0,-0.05,-0.4
63.400076812,2026-09-29T06:42:16.735+00:00,-1,idle,1,1.50408984278,1.02820836893,1.235012432,0.391424991345,1.64341947697,0.793461584542,-0.192562176373,0.0349938515025,-0.00403171057211,-0.0393222680474,0.199648213136,-0.107058496317,-0.113229542788,0.141770640963,0.822623777583,-2.23563771013,0.712879750302,-0.456947417156,0.516133813429,-0.856254726863,0.0133284989831,0.0160025146467,0.683564554817,-0.729208858553,-0.026282794774,-0.528454424297,-0.519537312287,0.671587062432,-0.502776710717,-0.444572178335,-0.740840085493,-3.77893470424,-3.4929366417,1.89014791931,0.438544084365,-0.487527803322,0.0992177965615,0,0,2.98471342917,0,0,0,0.707,-0.707,0,0.664,0.664,0.342,-0.242,-0.242,0.94,0,-0.05,-0.4
63.600112103,2026-09-29T06:42:16.935+00:00,-1,idle,1,1.47258664979,1.03396795547,1.23424448713,0.385037086282,1.67579533459,0.776147918362,-0.126326931259,0.023230332344,-0.00345575191895,-0.0273144027937,0.130602987927,-0.0705113017806,-0.11259782337,0.14188210449,0.82263008491,-2.23551744822,0.712784913339,-0.451897726631,0.51614837246,-0.856252506279,0.0110900488379,0.0173064703244,0.686331200353,-0.726473960885,-0.0297029987166,-0.524839968887,-0.52324730823,0.671541080206,-0.5027936858,-0.444698592966,-0.740752529164,-3.66169068719,-3.56466555858,1.81023719531,0.47107683523,-0.477393520431,0.0993422670609,0,0,2.89839157528,0,0,0,0.707,-0.707,0,0.664,0.664,0.342,-0.242,-0.242,0.94,0,-0.05,-0.4
63.800071218,2026-09-29T06:42:17.135+00:00,-1,idle,1,1.44160705556,1.03969263541,1.23324964946,0.378108129152,1.70824100539,0.758520092917,-0.187675254467,0.0350287580875,-0.00670206432766,-0.0434761516672,0.193591920631,-0.105749499378,-0.111937403791,0.142064459209,0.822635557094,-2.23545467732,0.712617150903,-0.445999965915,0.516058406336,-0.85630580429,0.00852498334829,0.0187460782207,0.689498824019,-0.723301847228,-0.0335178739409,-0.520837313379,-0.527551207459,0.67128964776,-0.502621989838,-0.444784398676,-0.740817630012,-3.68237958293,-3.53391452629,1.82649712491,0.445138030571,-0.451672775039,0.0993883219314,0,0,2.92109188725,0,0,0,0.707,-0.707,0,0.664,0.664,0.342,-0.242,-0.242,0.94,0,-0.05,-0.4
64.000072984,2026-09-29T06:42:17.335+00:00,-1,idle,0,1.41431010606,1.04471918366,1.23227226508,0.37172022409,1.73590447403,0.743231008669,-0.0308748744678,0.0057770398241,-0.00115191730632,-0.0072605696883,0.0318348055564,-0.0174532925199,-0.111566108018,0.142206619478,0.822643795433,-2.23534865459,0.712533996457,-0.442165963231,0.515988102812,-0.856342758011,0.00665064526633,0.0197263143073,0.691821900222,-0.720952561774,-0.0361640276006,-0.517955227408,-0.53063403257,0.671089431505,-0.502408042106,-0.444931373528,-0.74087457645,-3.64293981412,-3.57576713704,1.83957813526,0.462035131337,-0.479021969871,0.0995567851367,0,0,2.95898840711,0,0,0,0.707,-0.707,0,0.664,0.664,0.342,-0.242,-0.242,0.94,0,-0.05,-0.4
64.200115398,2026-09-29T06:42:17.535+00:00,-1,idle,1,1.4109416206,1.04524278243,1.2322199052,0.371004639096,1.73974419839,0.741538039295,-0.00280998009571,0.000523598775598,-0.00010471975512,-0.000663225115758,0.00289724655831,-0.00158824961931,-0.111530608881,0.142221529104,0.822645484493,-2.23532245075,0.712533227105,-0.441764121955,0.516018074958,-0.856318488704,0.00639226529208,0.0200781265529,0.692069048062,-0.720675341936,-0.0369529154818,-0.517352989405,-0.531173033043,0.671127638151,-0.502688091234,-0.444737293797,-0.740801036276,-3.75744189098,-3.46335074937,1.83375573651,0.423167571885,-0.496868693702,0.0999292740446,0,0,2.93826047614,0,0,0,0.707,-0.707,0,0.664,0.664,0.342,-0.242,-0.242,0.94,0,-0.05,-0.4
64.400114071,2026-09-29T06:42:17.735+00:00,-1,idle,1,1.4107147278,1.04372434599,1.23583273675,0.368700804484,1.73997109119,0.74150313271,-8.72664625997e-05,-0.0165631746014,0.0386066830541,-0.0220784150377,0.00010471975512,-6.98131700798e-05,-0.111527965208,0.142223138574,0.821455627765,-2.23532510361,0.71253110882,-0.441730964541,0.515937046484,-0.856366041324,0.00642677236507,0.0201212308213,0.692008914309,-0.720729324474,-0.0370261294842,-0.517455276217,-0.531249182163,0.670988247709,-0.50266559424,-0.444558823211,-0.740923637881,-3.69939878499,-3.56659091365,1.78462381229,0.469889024889,-0.499978776143,0.0999268362908,0,0,2.92018411846,0,0,0,0.707,-0.707,0,0.664,0.664,0.342,-0.242,-0.242,0.94,0,-0.05,-0.4
64.600068757,2026-09-29T06:42:17.935+00:00,-1,idle,1,1.4107147278,1.04007660785,1.2441230507,0.364040775381,1.74000599778,0.74150313271,0.000157079632679,-0.0181863308058,0.0423242343609,-0.0241553568476,-0.00013962634016,6.98131700798e-05,-0.111528583543,0.14222378977,0.819550186245,-2.23533311917,0.712527730104,-0.441733301923,0.515930426299,-0.856369712873,0.00641868264598,0.0201372938914,0.692015221116,-0.720721482744,-0.0370609111353,-0.517441337391,-0.531277828534,0.67097629487,-0.50267126047,-0.444537302394,-0.740932723389,-3.725283731,-3.49392940424,1.86999608799,0.440648060567,-0.499986629055,0.0999470750792,0,0,2.95525347898,0,0,0,0.707,-0.707,0,0.664,0.664,0.342,-0.242,-0.242,0.94,0,-0.05,-0.4
64.800069695,2026-09-29T06:42:18.135+00:00,-1,idle,1,1.41069727451,1.03642886971,1.25286715025,0.35918876006,1.74000599778,0.74150313271,0.000174532925199,-0.0182212373908,0.042428954116,-0.0242251700177,-0.000157079632679,6.98131700798e-05,-0.11152951326,0.142224424196,0.817578564549,-2.23534152137,0.712524270799,-0.44173881738,0.516034010617,-0.856307815827,0.00641367955021,0.0201168872847,0.692025771787,-0.720713436698,-0.0370203415944,-0.517332149073,-0.531157998147,0.671155651023,-0.502769110743,-0.444693515994,-0.740772290524,-3.70973287543,-3.52046917463,1.84352463412,0.443242909727,-0.495348140763,0.0999372178293,0,0,2.9457910962,0,0,0,0.707,-0.707,0,0.664,0.664,0.342,-0.242,-0.242,0.94,0,-0.05,-0.4
65.000071441,2026-09-29T06:42:18.335+00:00,-1,idle,1,1.42380469719,1.03035512391,1.26084330493,0.357775043366,1.72674149546,0.743841873907,0.169087497933,-0.045046947994,0.0360585023462,0.0213453767519,-0.173415914478,0.0312763001957,-0.111861076876,0.142129758976,0.815898719347,-2.23181422259,0.706809366214,-0.439249068451,0.515811789541,-0.856488626196,0.0051917754554,0.0183977290469,0.694306120728,-0.718660440499,-0.0341219374979,-0.517374336346,-0.53163613524,0.670743711637,-0.499571623304,-0.447436242351,-0.741284403371,-3.65513299392,-3.56350853448,1.84699493798,0.46262353732,-0.487741933826,0.100663724134,0,0,2.95291000508,0,0,0,0.707,-0.707,0,0.664,0.664,0.342,-0.242,-0.242,0.94,0,-0.05,-0.4
65.200068540,2026-09-29T06:42:18.535+00:00,-1,idle,1,1.46009009234,1.02093034595,1.26773735548,0.362766685027,1.68914710337,0.750770831038,0.192056030889,-0.0484154334503,0.034138640169,0.0247662220858,-0.197501458156,0.0344178928493,-0.112589906111,0.14198295194,0.81448438228,-2.22510481826,0.695833530653,-0.434582866463,0.515833932603,-0.856582143874,0.00219545774537,0.013325341883,0.700092830431,-0.713391385436,-0.0253176149647,-0.517444544288,-0.531564956441,0.670745970047,-0.491355444018,-0.455873258997,-0.741635262132,-3.78876915649,-3.4511429487,1.83873290614,0.435584708973,-0.477553903732,0.10061087295,0,0,2.96430122801,0,0,0,0.707,-0.707,0,0.664,0.664,0.342,-0.242,-0.242,0.94,0,-0.05,-0.4
65.400100788,2026-09-29T06:42:18.735+00:00,-1,idle,1,1.4986967754,1.01127867519,1.2744568731,0.367723420103,1.6494059563,0.757612521706,0.193365027828,-0.0485026999129,0.0333183354206,0.0219038821125,-0.199700573013,0.0330216294477,-0.113481749372,0.141873144654,0.813068884775,-2.21813877146,0.684229536824,-0.429832654605,0.515916709044,-0.856600920125,-0.0012293696982,0.0079562315399,0.70646132268,-0.70735538624,-0.0160925318654,-0.517122665297,-0.531709014213,0.670880247889,-0.482499273153,-0.465019227303,-0.741771341729,-3.84928964484,-3.44242136751,1.85670620164,0.448110822399,-0.477446168946,0.100531874629,0,0,2.98891815825,0,0,0,0.707,-0.707,0,0.664,0.664,0.342,-0.242,-0.242,0.94,0,-0.05,-0.4
65.600065196,2026-09-29T06:42:18.935+00:00,-1,idle,1,1.53737327162,1.00157464455,1.2812112973,0.37206928994,1.60966480924,0.764227319571,0.192666896128,-0.0484677933279,0.0329518162777,0.0183783170235,-0.200067092156,0.0309621409304,-0.11450875187,0.141800316051,0.811610488745,-2.2111539496,0.672329417867,-0.425164311582,0.516038725169,-0.856548239766,-0.00473731089035,0.00258939480212,0.712829635216,-0.701087936842,-0.00690413457171,-0.516629990833,-0.531884119037,0.671121405526,-0.473578255127,-0.474219346643,-0.74169561949,-3.84790368198,-3.42472786068,1.83552724081,0.446587486389,-0.474291922812,0.100676779761,0,0,2.96475276908,0,0,0,0.707,-0.707,0,0.664,0.664,0.342,-0.242,-0.242,0.94,0,-0.05,-0.4
65.800066658,2026-09-29T06:42:19.135+00:00,-1,idle,1,1.57549126248,0.991975333663,1.28773882871,0.375490135274,1.56943496998,0.770126532442,0.191340445896,-0.0485026999129,0.0328645498151,0.0146782190093,-0.199927465816,0.0286059464402,-0.11566761085,0.141757990957,0.81009241333,-2.20412528411,0.660074528924,-0.420561425004,0.5160132894,-0.856535408925,-0.00815949194049,-0.00328650452326,0.719099339497,-0.69468183433,0.00331703555554,-0.516754150085,-0.531722792988,0.671153707529,-0.463864515031,-0.483732385178,-0.741691106961,-4.02391112123,-3.2165277794,1.83261076485,0.408209504444,-0.489929643064,0.100385228912,0,0,2.9398446748,0,0,0,0.707,-0.707,0,0.664,0.664,0.342,-0.242,-0.242,0.94,0,-0.05,-0.4
66.000065829,2026-09-29T06:42:19.335+00:00,-1,idle,1,1.61381869286,0.982376022778,1.29426636011,0.378073222567,1.52937966365,0.775694132756,0.172787595947,-0.0459370659125,0.0338244809037,0.00795870138909,-0.18174113501,0.0238586508748,-0.116953181148,0.14174051436,0.80850094089,-2.19704090776,0.647437833138,-0.41601745349,0.515928028396,-0.856501265404,-0.011860107831,-0.00912083977877,0.72560328941,-0.687763657485,0.0133498353396,-0.516542599619,-0.531962270978,0.671126741213,-0.453864086679,-0.493260877932,-0.741602777182,-3.99240423061,-3.23315049647,1.91842511064,0.409971616905,-0.49913664275,0.1004868652,0,0,3.02128900193,0,0,0,0.707,-0.707,0,0.664,0.664,0.342,-0.242,-0.242,0.94,0,-0.05,-0.4
66.200077234,2026-09-29T06:42:19.535+00:00,-1,idle,1,1.63268570207,0.97567395845,1.30185854236,0.377165651356,1.5103555748,0.778102687124,0.0632507320923,-0.0283790536374,0.038467056714,-0.0120776784238,-0.0666890307187,0.00846484687217,-0.117437916348,0.141734002933,0.806648014342,-2.19449446216,0.642945755428,-0.414405990451,0.516086253991,-0.85634120108,-0.0139992432119,-0.0117790900758,0.72913462196,-0.683918773553,0.0177386881015,-0.515659718235,-0.532370659465,0.67148238764,-0.449184547874,-0.498142140481,-0.741188735771,-4.045946284,-3.17580015189,1.7945976381,0.398814085148,-0.499814266012,0.100331314045,0,0,2.92495035099,0,0,0,0.707,-0.707,0,0.664,0.664,0.342,-0.242,-0.242,0.94,0,-0.05,-0.4
66.400069038,2026-09-29T06:42:19.735+00:00,-1,idle,1,1.65626510027,0.968064322911,1.30913656534,0.376188266975,1.48454215516,0.781244279778,0.130027029274,-0.0395142542652,0.0357617963734,-0.00221656815003,-0.137863557615,0.0161966554585,-0.118508140186,0.141742829597,0.804874105597,-2.18916972022,0.633101469288,-0.411079638041,0.515844094188,-0.856381815655,-0.0161241050608,-0.0159708967632,0.732955895174,-0.679587525589,0.0251562311213,-0.516340807295,-0.532092477689,0.671178894109,-0.442127613311,-0.504328653014,-0.741248983904,-4.07915919846,-3.19043814416,1.89410259321,0.402528883408,-0.499097148339,0.100383874414,0,0,2.97860098847,0,0,0,0.707,-0.707,0,0.664,0.664,0.342,-0.242,-0.242,0.94,0,-0.05,-0.4
66.600071253,2026-09-29T06:42:19.935+00:00,-1,idle,1,1.67082114623,0.96223492321,1.31651930807,0.373779712607,1.46953232359,0.783024515615,0.0119031454986,-0.0199840199353,0.0402647458435,-0.0208392312688,-0.0126012771994,0.00150098315672,-0.118888574575,0.141742873023,0.802960662879,-2.18732538585,0.629751606661,-0.409938063682,0.515725160899,-0.85637654197,-0.0177509949906,-0.0182120552171,0.735628421129,-0.676542494142,0.0289327375446,-0.516073505747,-0.532501698802,0.671059715512,-0.43798169219,-0.507977553041,-0.741219100479,-4.0900393428,-3.16469456045,1.810765184,0.399694503649,-0.49987813147,0.0999963587012,0,0,2.95912847166,0,0,0,0.707,-0.707,0,0.664,0.664,0.342,-0.242,-0.242,0.94,0,-0.05,-0.4
66.800104693,2026-09-29T06:42:20.135+00:00,-1,idle,1,1.65602075417,0.961676417849,1.3241463969,0.367060194987,1.48602568503,0.781209373193,-0.168947871593,0.0151669111998,0.0356919832033,-0.0441219234904,0.178774075282,-0.0215897228472,-0.118022028648,0.141736959217,0.801192424556,-2.19157260478,0.637551473377,-0.412573689698,0.515616109914,-0.856523307816,-0.0164320990375,-0.0154219481889,0.733240284529,-0.679323514639,0.0239707898495,-0.515796986457,-0.533111899732,0.670787297183,-0.44229080242,-0.503607252551,-0.741642638454,-4.13964510823,-3.12628483666,1.86338541796,0.398681758167,-0.500867676785,0.099709994323,0,0,2.99325847723,0,0,0,0.707,-0.707,0,0.664,0.664,0.342,-0.242,-0.242,0.94,0,-0.05,-0.4
67.000118036,2026-09-29T06:42:20.335+00:00,-1,idle,1,1.61989243865,0.965236889523,1.33133715342,0.357897216414,1.52379461004,0.776444624335,-0.188443199338,0.0196873139625,0.0333881485907,-0.049008845396,0.198077416809,-0.0261973920724,-0.116683623798,0.14173958612,0.799567490887,-2.19850424216,0.650123419226,-0.416947271599,0.515867845089,-0.856518430692,-0.012703025166,-0.00975589263339,0.726897216852,-0.686377275897,0.0142742554232,-0.516025826548,-0.532562906853,0.671047787666,-0.45237902523,-0.494542197771,-0.741657004484,-3.99959752874,-3.1889739365,1.88805938377,0.420060706456,-0.50097678504,0.0994731236261,0,0,2.96709387916,0,0,0,0.707,-0.707,0,0.664,0.664,0.342,-0.242,-0.242,0.94,0,-0.05,-0.4
67.200072708,2026-09-29T06:42:20.535+00:00,-1,idle,1,1.59043128088,0.967575630721,1.33826611055,0.349467276127,1.55447749829,0.772203474252,-0.036721727462,-0.0190066355542,0.0640710368407,-0.0292866248485,0.038501963299,-0.00527089434102,-0.115867925036,0.14172224292,0.797789705035,-2.20277906968,0.658320827285,-0.419696412855,0.516071304263,-0.856473059291,-0.00980819016082,-0.0053016063423,0.721865629186,-0.691782828853,0.00663777707956,-0.516130758494,-0.532149805372,0.671295197231,-0.460247817524,-0.487403428739,-0.74154075956,-3.94867726832,-3.26012110911,1.84868194647,0.420007388021,-0.499166578948,0.0998572459898,0,0,2.96109831227,0,0,0,0.707,-0.707,0,0.664,0.664,0.342,-0.242,-0.242,0.94,0,-0.05,-0.4
67.400110710,2026-09-29T06:42:20.735+00:00,-1,idle,1,1.58639957031,0.959355129944,1.36252618715,0.343550609963,1.55847430228,0.771679875477,-0.000994837673637,-0.0631460123372,0.171949837906,-0.0281521608347,0.000907571211037,-0.000488692190558,-0.115764142585,0.140009007206,0.792603844159,-2.18909356722,0.664164633868,-0.411296490906,0.520392224623,-0.853863832362,-0.00927222859891,-0.00474490381125,0.721014246641,-0.692678948347,0.0056497747192,-0.511633065111,-0.527040036248,0.678741143256,-0.466560888659,-0.491664188963,-0.734739777402,-4.0205116577,-3.19166224277,1.84038453074,0.402649414076,-0.499809322938,0.100071684996,0,0,2.96216308565,0,0,0,0.707,-0.707,0,0.664,0.664,0.342,-0.242,-0.242,0.94,0,-0.05,-0.4
67.600104865,2026-09-29T06:42:20.935+00:00,-1,idle,1,1.58638211702,0.950035071738,1.38694334339,0.338366982084,1.55849175557,0.771662422184,6.98131700798e-05,-0.0226020138133,0.0554665636284,-0.0228812664936,-6.98131700798e-05,0,-0.115745886383,0.138946690299,0.788561660694,-2.18014680298,0.667307881689,-0.405767322574,0.524618331515,-0.851274567119,-0.00921291526586,-0.00472650049583,0.720948349401,-0.692748439184,0.00553820981849,-0.506978536831,-0.52214541658,0.685990583027,-0.471715211423,-0.496762281129,-0.72797681847,-3.84983347141,-3.17861096917,1.72858391214,0.400087535785,-0.499964389711,0.0999044260554,0,0,2.81677222328,0,0,0,0.707,-0.707,0,0.664,0.664,0.342,-0.242,-0.242,0.94,0,-0.05,-0.4
67.800064514,2026-09-29T06:42:21.135+00:00,-1,idle,1,1.5866439164,0.94326319424,1.40404757006,0.333514966764,1.55840448911,0.771644968892,0.00209439510239,-0.0585208898194,0.157585778163,-0.0250978346437,-0.00233874119767,-0.00012217304764,-0.115733207805,0.137842550988,0.784398241771,-2.1705941375,0.670511408887,-0.399839246648,0.526949574387,-0.849833028322,-0.00927318387002,-0.00468807936228,0.721030279801,-0.692664380962,0.00538356956821,-0.504247648667,-0.519547910625,0.689970839458,-0.474508845464,-0.499594859773,-0.724206640315,-3.99727503265,-3.19911631419,1.77632977707,0.40742639616,-0.499780319417,0.100235578997,0,0,2.86154714919,0,0,0,0.707,-0.707,0,0.664,0.664,0.342,-0.242,-0.242,0.94,0,-0.05,-0.4
68.000104591,2026-09-29T06:42:21.335+00:00,-1,idle,1,1.58702788884,0.930871356551,1.43719137255,0.32857568498,1.5579507035,0.771610062307,0.00230383461263,-0.0643677428136,0.174044233009,-0.0237364778271,-0.00263544717051,-0.000279252680319,-0.115706299598,0.135665755473,0.777977313215,-2.15113323692,0.676835583223,-0.38768895626,0.533652706856,-0.845640039798,-0.00922581204982,-0.00475351962968,0.721014499116,-0.692680892601,0.00537270364186,-0.496687337748,-0.511576722261,0.701336572289,-0.482440442527,-0.507731659704,-0.713205542902,-3.91234746637,-3.1353129226,1.72604719063,0.400246356858,-0.499725656556,0.100319823051,0,0,2.79179298104,0,0,0,0.707,-0.707,0,0.664,0.664,0.342,-0.242,-0.242,0.94,0,-0.05,-0.4
68.200110223,2026-09-29T06:42:21.535+00:00,-1,idle,1,1.58751658103,0.917711573991,1.47171398516,0.32400292234,1.55733983826,0.771487889259,0.00212930168743,-0.0640535835482,0.172909768995,-0.0217991623574,-0.00247836753783,-0.000436332312999,-0.115675689507,0.13345231632,0.77127632398,-2.13043183117,0.68329213525,-0.374660457071,0.540733459569,-0.841129509076,-0.00920459237954,-0.00487341185288,0.721052879785,-0.692640353865,0.00544743638993,-0.488526579404,-0.502969281223,0.713213387849,-0.490646028996,-0.516314092723,-0.701328017998,-3.86691533474,-3.09638730586,1.5729193559,0.400269269989,-0.499716017778,0.100337667399,0,0,2.67709418645,0,0,0,0.707,-0.707,0,0.664,0.664,0.342,-0.242,-0.242,0.94,0,-0.05,-0.4
68.400110348,2026-09-29T06:42:21.735+00:00,-1,idle,1,1.58797036663,0.905057936914,1.50583517204,0.31984903872,1.55685114607,0.771400622796,0.00186750229963,-0.0631983722147,0.170169602069,-0.0198793001802,-0.00223402144255,-0.000628318530718,-0.115642611697,0.131311776597,0.764513153408,-2.10942050417,0.689564399648,-0.361332510686,0.547995232764,-0.8364165635,-0.00917614311768,-0.00493513608866,0.72106640441,-0.692626595911,0.00540635639532,-0.479927338238,-0.493984328076,0.725249396931,-0.499041070898,-0.524935121945,-0.688874504943,-3.81427304182,-3.05138519653,1.41652961978,0.400274168691,-0.499714926129,0.100327235134,0,0,2.49993405095,0,0,0,0.707,-0.707,0,0.664,0.664,0.342,-0.242,-0.242,0.94,0,-0.05,-0.4
68.600102932,2026-09-29T06:42:21.935+00:00,-1,idle,1,1.58830197919,0.892543926177,1.53965965294,0.316044220951,1.55643226705,0.771260996456,0.00151843644924,-0.0624827872214,0.167708687824,-0.0180641577581,-0.00191986217719,-0.000820304748437,-0.11560728437,0.129254379741,0.757709182059,-2.08818514433,0.695620299884,-0.347760776518,0.555295401785,-0.831587974007,-0.00912983886693,-0.00501041764717,0.721061137457,-0.692632142632,0.00539824541782,-0.471117398574,-0.484720085152,0.737197172855,-0.507373859013,-0.533494286795,-0.676073359393,-3.77535868437,-3.0262508668,1.43762305548,0.40029371163,-0.495019197934,0.100305327573,0,0,2.45206815659,0,0,0,0.707,-0.707,0,0.664,0.664,0.342,-0.242,-0.242,0.94,0,-0.05,-0.4
68.800070055,2026-09-29T06:42:22.135+00:00,-1,idle,1,1.58856377858,0.880117181903,1.57327469433,0.312518655862,1.55604829462,0.770999197068,0.00109955742876,-0.0617846555206,0.165265226871,-0.0162839219211,-0.00151843644924,-0.00102974425868,-0.115569894306,0.127281445293,0.750867253104,-2.06673440316,0.701452934431,-0.333952876344,0.562617484519,-0.826651310909,-0.00910777060747,-0.00512101566517,0.721101462681,-0.692589786779,0.00544563869846,-0.462080241878,-0.475224156819,0.749023057243,-0.515561374217,-0.54202434265,-0.662947060283,-3.76551702055,-3.00645631298,1.28554353661,0.400248540258,-0.500161282296,0.100301028272,0,0,2.32440580162,0,0,0,0.707,-0.707,0,0.664,0.664,0.342,-0.242,-0.242,0.94,0,-0.05,-0.4
69.000129175,2026-09-29T06:42:22.335+00:00,-1,idle,1,1.58872085821,0.867707890922,1.60633123037,0.309272343453,1.55578649523,0.770719944388,0.000593411945678,-0.0611388836974,0.162874125796,-0.0145734992542,-0.00102974425868,-0.00125663706144,-0.115530713048,0.125393972004,0.743990226064,-2.04507591601,0.707056163539,-0.319916108734,0.569787937791,-0.821725049189,-0.00908057053982,-0.00521466413347,0.721130225745,-0.692559685516,0.00546488042741,-0.453030829529,-0.465729905698,0.760444655424,-0.52349141828,-0.550241526001,-0.649813866518,-3.73220874732,-2.93471586105,1.17362582734,0.400194853335,-0.498448429465,0.100239927976,0,0,2.19723100433,0,0,0,0.707,-0.707,0,0.664,0.664,0.342,-0.242,-0.242,0.94,0,-0.05,-0.4
69.200125989,2026-09-29T06:42:22.535+00:00,-1,idle,1,1.58879067138,0.855630212498,1.63860236823,0.306514723235,1.55569922877,0.770510504878,1.74532925199e-05,-0.0605978316292,0.160709917524,-0.0129154364648,-0.000471238898038,-0.00146607657168,-0.11549009387,0.12359236549,0.737079082468,-2.02321184697,0.712425575538,-0.305654494302,0.576929701115,-0.816727020933,-0.00903457682517,-0.00524115172595,0.721111295777,-0.692580188512,0.00536370654689,-0.44379249042,-0.456108449981,0.771657664482,-0.531371550376,-0.558217488383,-0.636458702116,-3.70093212196,-2.92370111903,1.02944035536,0.400238220009,-0.484508607243,0.100294447756,0,0,2.05986900527,0,0,0,0.707,-0.707,0,0.664,0.664,0.342,-0.242,-0.242,0.94,0,-0.05,-0.4
69.400107825,2026-09-29T06:42:22.735+00:00,-1,idle,1,1.58882557797,0.843552534074,1.67061170672,0.304036355697,1.5556294156,0.770231252198,-0.000610865238198,-0.0600567795611,0.158510802666,-0.0113097335529,0.000157079632679,-0.00167551608191,-0.11544848862,0.121877228587,0.730135617398,-2.00114757379,0.717556147182,-0.291174372803,0.584034444385,-0.811661678635,-0.00900499594578,-0.0052912432259,0.721122824203,-0.692568677176,0.00529979296458,-0.434408851365,-0.446339453255,0.782647015623,-0.539054563351,-0.566073069367,-0.622896107815,-3.66230859084,-2.91733028933,0.964389917622,0.400238000176,-0.479656511144,0.100300605206,0,0,1.96449915917,0,0,0,0.707,-0.707,0,0.664,0.664,0.342,-0.242,-0.242,0.94,0,-0.05,-0.4
69.600110916,2026-09-29T06:42:22.935+00:00,-1,idle,1,1.58880812468,0.831562122113,1.70255123203,0.30197686718,1.5556294156,0.769864733055,-0.00132645023152,-0.0596728071257,0.156625847074,-0.00973893722613,0.000872664625997,-0.00186750229963,-0.115406439961,0.120249243888,0.723162152824,-1.97889077488,0.722442629306,-0.276483851884,0.591270399972,-0.806405342954,-0.009003852736,-0.00535421400339,0.721178207,-0.692511456844,0.00524039127659,-0.42462862614,-0.436209191962,0.793663738848,-0.546718870728,-0.57398468881,-0.608797509799,-3.63400261246,-2.86466492033,0.855600526656,0.400171900202,-0.486013625098,0.100290721999,0,0,1.8590053236,0,0,0,0.707,-0.707,0,0.664,0.664,0.342,-0.242,-0.242,0.94,0,-0.05,-0.4
69.800072292,2026-09-29T06:42:23.135+00:00,-1,idle,1,1.58847651212,0.819536803566,1.73372281247,0.300091911588,1.55571668206,0.769498213912,-0.00209439510239,-0.0592888346902,0.154723438189,-0.00818559419185,0.00165806278939,-0.00204203522483,-0.115364552885,0.118708650971,0.716159261096,-1.95644419185,0.727081126082,-0.261588017799,0.598206643523,-0.80127365574,-0.00890546776197,-0.00548022858593,0.721128314447,-0.692562471293,0.00536323697791,-0.415231925024,-0.426140673608,0.804051391975,-0.553954332543,-0.581438173543,-0.595009743409,-3.61188615942,-2.83046725695,0.726542090343,0.400212009055,-0.456165538203,0.100182883475,0,0,1.73263403693,0,0,0,0.707,-0.707,0,0.664,0.664,0.342,-0.242,-0.242,0.94,0,-0.05,-0.4
70.000102168,2026-09-29T06:42:23.335+00:00,-1,idle,1,1.58795291334,0.807790737701,1.76393446182,0.298573475139,1.55604829462,0.769114241476,-0.00289724655831,-0.0589572221324,0.152838482597,-0.00666715774262,0.00247836753783,-0.00218166156499,-0.115323490274,0.117255997687,0.709128945567,-1.93381578875,0.731466855042,-0.246495625672,0.604973165514,-0.796177537996,-0.00881380668588,-0.00557797553293,0.721077850173,-0.692614471913,0.00543285772539,-0.405857955805,-0.416159877326,0.814016618799,-0.560923393789,-0.588561933701,-0.581301495246,-3.60391307767,-2.80962297241,0.643907163827,0.400259897125,-0.454589771994,0.100144383294,0,0,1.63482521039,0,0,0,0.707,-0.707,0,0.664,0.664,0.342,-0.242,-0.242,0.94,0,-0.05,-0.4
70.200113697,2026-09-29T06:42:23.535+00:00,-1,idle,1,1.58728968823,0.796236658052,1.79425083093,0.29740410454,1.55667661315,0.768625549286,-0.00371755130675,-0.0586954227446,0.15105824676,-0.00514872129338,0.00331612557879,-0.00228638132011,-0.115283928855,0.115891658748,0.702072555627,-1.91101205032,0.735595635397,-0.231214663298,0.611951632838,-0.790826165261,-0.00879632791313,-0.0056391507727,0.721113355212,-0.692577896739,0.00538268380862,-0.395879214899,-0.4057927088,0.824114826452,-0.567964942709,-0.595799575724,-0.566894857569,-3.56293137335,-2.77789139246,0.520009571979,0.400249034106,-0.463064320722,0.100172244276,0,0,1.51058183164,0,0,0,0.707,-0.707,0,0.664,0.664,0.342,-0.242,-0.242,0.94,0,-0.05,-0.4
70.400122031,2026-09-29T06:42:23.735+00:00,-1,idle,1,1.58645193019,0.784385872431,1.82460210662,0.296461626744,1.55749691789,0.76817176368,-0.00453785605519,-0.0584859832343,0.149347824093,-0.00363028484415,0.00417133691227,-0.00235619449019,-0.115246531819,0.114616150146,0.694992362848,-1.88804309239,0.739462944941,-0.215755751004,0.618869189815,-0.785424674692,-0.00876090640417,-0.00567915502458,0.721116608674,-0.692575121558,0.00530339297977,-0.385799687616,-0.395319804582,0.833938652937,-0.574855144997,-0.602802582197,-0.552342463658,-3.55658306321,-2.76628415807,0.428807271561,0.400234869941,-0.46266155902,0.100198822954,0,0,1.40834918241,0,0,0,0.707,-0.707,0,0.664,0.664,0.342,-0.242,-0.242,0.94,0,-0.05,-0.4
70.600129610,2026-09-29T06:42:23.935+00:00,-1,idle,1,1.58545709251,0.772692166443,1.85495338231,0.295815854921,1.55843939569,0.767717978075,-0.00535816080362,-0.0583638101867,0.147707214596,-0.00211184839491,0.00500909495322,-0.00237364778271,-0.11521190155,0.113429803186,0.687889889884,-1.86491723431,0.743064940528,-0.200128490802,0.625915995182,-0.779820814902,-0.0087061328629,-0.00573296365118,0.721101425997,-0.692591273281,0.00525845080848,-0.375367326465,-0.384419386754,0.843749293493,-0.581739721566,-0.609793459511,-0.537236892278,-3.53415082506,-2.75450199807,0.309823921219,0.400212380341,-0.432177550379,0.100099950991,0,0,1.28545614558,0,0,0,0.707,-0.707,0,0.664,0.664,0.342,-0.242,-0.242,0.94,0,-0.05,-0.4
70.800072245,2026-09-29T06:42:24.135+00:00,-1,idle,1,1.58428772191,0.760928647284,1.88424000716,0.295501695655,1.55950404653,0.767246739177,-0.0061261056745,-0.0583289036017,0.146136418269,-0.000558505360638,0.00582939970166,-0.00233874119767,-0.115180546141,0.112332795534,0.680765787464,-1.84164054331,0.746398383679,-0.184341105986,0.63260110173,-0.774407710919,-0.00864394195798,-0.00581598029941,0.721088723431,-0.692604315949,0.0052824743363,-0.365325035388,-0.373850719429,0.852866983134,-0.588113655223,-0.616314774374,-0.522641372784,-3.50786161217,-2.72689354943,0.179649633501,0.400234549369,-0.428347827926,0.100083498979,0,0,1.16504948516,0,0,0,0.707,-0.707,0,0.664,0.664,0.342,-0.242,-0.242,0.94,0,-0.05,-0.4
71.000128259,2026-09-29T06:42:24.335+00:00,-1,idle,0,1.58297872497,0.749426927514,1.91333464579,0.295519148948,1.56072577701,0.766740593694,-0.00549778714378,-0.0501433094098,0.124791041518,-0.00261799387799,0.00527089434102,-0.00185004900711,-0.115153147063,0.111335528762,0.67367752924,-1.81847626227,0.749427963856,-0.168577232113,0.639393757388,-0.768808651402,-0.00859919639045,-0.00591052985972,0.721106187025,-0.692585898803,0.00531305277291,-0.354923788767,-0.362932630144,0.861936335948,-0.594427431401,-0.622827166039,-0.507544603205,-3.49126835703,-2.71157956635,0.0609262162881,0.400207509135,-0.411544343955,0.100031347401,0,0,1.04323847065,0,0,0,0.707,-0.707,0,0.664,0.664,0.342,-0.242,-0.242,0.94,0,-0.05,-0.4
71.200070482,2026-09-29T06:42:24.535+00:00,-1,idle,0,1.58240276632,0.744016406833,1.92668641457,0.295344616022,1.56128428237,0.766635873939,-0.000488692190558,-0.00457276264023,0.011379546723,-0.000226892802759,0.000471238898038,-0.000157079632679,-0.11514562354,0.111046716642,0.671408379067,-1.81145733363,0.750286439288,-0.163791250161,0.642374258616,-0.766320654692,-0.00854474684574,-0.00591213680612,0.721050418718,-0.692644253264,0.00527487541863,-0.350302641421,-0.358080239541,0.865851446016,-0.597229732248,-0.625564929061,-0.500836748972,-3.39206803805,-2.66827603329,0.0204885393132,0.400052831431,-0.41326072806,0.099978327711,0,0,0,0,0,0,0.707,-0.707,0,0.664,0.664,0.342,-0.242,-0.242,0.94,0,-0.05,-0.4
71.400073816,2026-09-29T06:42:24.735+00:00,-1,idle,1,1.57791727014,0.744697085241,1.92789069175,0.294053072376,1.56739293475,0.765414143462,-0.107372655583,0.0264591914602,-5.23598775598e-05,-0.0259006860996,0.147794481059,-0.0272794962087,-0.1153956346,0.111027337393,0.671200824318,-1.8108038421,0.750284504209,-0.160399467456,0.642603404175,-0.766124024536,-0.00925324348438,-0.00540568750652,0.721738562752,-0.691936658494,0.00383207746069,-0.3486950599,-0.358919464676,0.866153115678,-0.597339268957,-0.625866981482,-0.500327987807,-3.44731261689,-2.72828797247,-0.0197196509824,0.40018967524,-0.43320627405,0.0993508801232,0,0,0,0,0,0,0.707,-0.707,0,0.664,0.664,0.342,-0.242,-0.242,0.94,0,-0.05,-0.4
71.600134037,2026-09-29T06:42:24.935+00:00,-1,idle,1,1.55465203121,0.750404311895,1.92782087858,0.288660004987,1.60168865456,0.758973878522,-0.10527826048,0.024469516113,-0.00120427718388,-0.0243473430653,0.173799886914,-0.0327423767674,-0.116545897731,0.111147819757,0.671183908188,-1.81068667296,0.749953935828,-0.148048226865,0.642749044315,-0.76594984321,-0.0138277360261,-0.0018158840649,0.725968766799,-0.687481176685,-0.00605132860982,-0.340080396944,-0.366732018973,0.866305839382,-0.597179766274,-0.626247760846,-0.500041572346,-3.47932329585,-2.73074917487,-0.0448080838938,0.400266123051,-0.439368811888,0.098886471027,0,0,0,0,0,0,0.707,-0.707,0,0.664,0.664,0.342,-0.242,-0.242,0.94,0,-0.05,-0.4
71.800145277,2026-09-29T06:42:25.135+00:00,-1,idle,1,1.53691948601,0.754366209297,1.92762889237,0.284680654293,1.63296495475,0.752952492603,-0.0612086968674,0.0115017197706,-0.000837758040957,-0.0123045712266,0.13360495424,-0.0258308729295,-0.118021421495,0.111443491659,0.671189054049,-1.81060534692,0.749543385347,-0.133215079394,0.642764901764,-0.765813918375,-0.0193882727982,0.00253344863856,0.730985443925,-0.681933345262,-0.0180341650491,-0.329764146102,-0.376358899168,0.86616514984,-0.596845783026,-0.626601860543,-0.499996702082,-3.42862001404,-2.75936174614,-0.0526851154424,0.400321796744,-0.426944858567,0.0985205359057,0,0,0,0,0,0,0.707,-0.707,0,0.664,0.664,0.342,-0.242,-0.242,0.94,0,-0.05,-0.4
72.000134525,2026-09-29T06:42:25.335+00:00,-1,idle,1,1.52629043087,0.756111538549,1.92741945285,0.282708432238,1.65785334988,0.748117930575,-0.0398807734081,0.00457276264023,-0.000593411945678,-0.0059515727493,0.112905349312,-0.0222529479629,-0.119543121262,0.111873859644,0.671199506997,-1.8105462419,0.749122510175,-0.118152669722,0.642689677311,-0.765680548202,-0.0251544518433,0.00710846927914,0.736003382669,-0.676064310588,-0.0305763811017,-0.319022769578,-0.38641065643,0.865761421777,-0.596516968066,-0.626843563057,-0.500086238044,-3.41743631401,-2.71531845837,-0.0826317717004,0.400377501075,-0.422530286512,0.0983416018293,0,0,0,0,0,0,0.707,-0.707,0,0.664,0.664,0.342,-0.242,-0.242,0.94,0,-0.05,-0.4
72.200106398,2026-09-29T06:42:25.535+00:00,-1,idle,1,1.51894259472,0.756774763665,1.92727982651,0.281731047857,1.679757232,0.743754607445,-0.0331961623729,0.00150098315672,-0.000506145483078,-0.00335103216383,0.106430177787,-0.0212057504117,-0.121064638854,0.112417012506,0.6712129583,-1.81050558091,0.748699630454,-0.10307476678,0.642594238304,-0.765487829617,-0.0310315032667,0.0117504643519,0.740966121671,-0.669920172255,-0.04331558014,-0.307990554874,-0.39652114797,0.865183827912,-0.596171137044,-0.627125937925,-0.500144683503,-3.37438717548,-2.73050032692,-0.0379479588712,0.400385518928,-0.425091014305,0.0982695949331,0,0,0,0,0,0,0.707,-0.707,0,0.664,0.664,0.342,-0.242,-0.242,0.94,0,-0.05,-0.4
72.400107502,2026-09-29T06:42:25.735+00:00,-1,idle,1,1.51251978307,0.75687948342,1.92715765347,0.281172542496,1.70131204826,0.73956581724,-0.0333008821281,0.000244346095279,-0.000523598775598,-0.00253072741539,0.106604710712,-0.0213453767519,-0.122575914464,0.113066299724,0.671229067689,-1.81047972368,0.748276488434,-0.0879957015381,0.642443184658,-0.765255551817,-0.0370737406055,0.0166202484377,0.745846317555,-0.663485517266,-0.0565864064037,-0.296502701038,-0.406931720922,0.864361705437,-0.595909740536,-0.627297810363,-0.500240762817,-3.47179269738,-2.67719568194,-0.0479981861356,0.400367654976,-0.44794562406,0.0985322223346,0,0,0,0,0,0,0.707,-0.707,0,0.664,0.664,0.342,-0.242,-0.242,0.94,0,-0.05,-0.4
72.600073459,2026-09-29T06:42:25.935+00:00,-1,idle,1,1.50566063911,0.75687948342,1.92700057383,0.280701303598,1.72276214477,0.735219947403,-0.0364948346592,-0.000244346095279,-0.000593411945678,-0.00254818070791,0.109833569828,-0.0220609617452,-0.124072353246,0.113822383601,0.671247846842,-1.81046727876,0.747853806567,-0.0729125367533,0.642274437963,-0.764974030387,-0.0429655806285,0.0212658894729,0.750489763633,-0.657010702864,-0.0693245019182,-0.285296943879,-0.416872728069,0.863393927001,-0.595549971451,-0.627585105715,-0.500308944806,-3.46596718774,-2.69478762356,-0.049845322047,0.400367084106,-0.42459973491,0.0985323777665,0,0,0,0,0,0,0.707,-0.707,0,0.664,0.664,0.342,-0.242,-0.242,0.94,0,-0.05,-0.4
72.800098301,2026-09-29T06:42:26.135+00:00,-1,idle,1,1.49799864369,0.756896936712,1.9268434942,0.28009043836,1.74520707895,0.73062973147,-0.0411025038845,-0.000383972435439,-0.000680678408278,-0.00296705972839,0.114371425883,-0.0230557994188,-0.125549833615,0.114689125273,0.671269380245,-1.81046799202,0.74743213591,-0.0578225463008,0.642068291736,-0.764642440773,-0.0489484566222,0.0259671929719,0.755043177295,-0.650274165556,-0.0822170115324,-0.273855329714,-0.426852331527,0.862220417606,-0.595165572599,-0.627892981869,-0.500380169948,-3.44350185559,-2.73777525394,-0.0484754120907,0.400307684636,-0.409096198279,0.0986409353502,0,0,0,0,0,0,0.707,-0.707,0,0.664,0.664,0.342,-0.242,-0.242,0.94,0,-0.05,-0.4
73.000130848,2026-09-29T06:42:26.335+00:00,-1,idle,1,1.48944653036,0.756862030127,1.92666896128,0.279479573122,1.76829778495,0.726091875415,-0.0464955712731,-0.000383972435439,-0.000785398163397,-0.00363028484415,0.119747039979,-0.0242426233102,-0.127003771954,0.115671760406,0.671293767463,-1.81048206114,0.747012037914,-0.0427241355987,0.64184716923,-0.764260013205,-0.0547632584275,0.030656632134,0.759233233709,-0.643627716682,-0.0949603239986,-0.262528210628,-0.436535732635,0.860892718987,-0.594939354435,-0.628083526652,-0.500410095084,-3.42989611944,-2.73363570287,-0.0356474955886,0.400365536635,-0.415971121933,0.0985284555062,0,0,0,0,0,0,0.707,-0.707,0,0.664,0.664,0.342,-0.242,-0.242,0.94,0,-0.05,-0.4
73.200125854,2026-09-29T06:42:26.535+00:00,-1,idle,1,1.47963777996,0.75687948342,1.92651188164,0.278694174958,1.79297674057,0.721170046924,-0.0524122374374,-0.000296705972839,-0.000907571211037,-0.00448549617763,0.125681159436,-0.0256039801268,-0.128429190505,0.116776375713,0.671321113542,-1.81050986914,0.746594035961,-0.0276129543331,0.641610628147,-0.76380044726,-0.0607339734965,0.0354409802009,0.763376631416,-0.636639817463,-0.107974171537,-0.250812994603,-0.446306825013,0.859372149366,-0.59469148333,-0.628338253466,-0.500384938998,-3.43061415005,-2.75220284185,-0.051008639383,0.400353322138,-0.425795061079,0.0986804212546,0,0,0,0,0,0,0.707,-0.707,0,0.664,0.664,0.342,-0.242,-0.242,0.94,0,-0.05,-0.4
73.400124191,2026-09-29T06:42:26.735+00:00,-1,idle,1,1.46869456555,0.756862030127,1.92605809604,0.277751697162,1.81842364107,0.715951512461,-0.058643062867,-0.000174532925199,-0.0010471975512,-0.00549778714378,0.131911984866,-0.027087509991,-0.129820112725,0.118009247715,0.671351516633,-1.81055184922,0.746178772748,-0.0124863653361,0.641222701414,-0.76340759225,-0.06658874224,0.0401028015697,0.767298413414,-0.629613975515,-0.120646678334,-0.239474287108,-0.455955362891,0.857537320482,-0.594318273812,-0.628490213835,-0.500637716306,-3.42552301426,-2.72936059572,-0.0419149803863,0.400407396154,-0.430548099374,0.0985570797263,0,0,0,0,0,0,0.707,-0.707,0,0.664,0.664,0.342,-0.242,-0.242,0.94,0,-0.05,-0.4
73.600129285,2026-09-29T06:42:26.935+00:00,-1,idle,1,1.45666924701,0.756827123542,1.92586610982,0.276599779856,1.84538897801,0.710383912147,-0.0652055008545,0,-0.00118682389136,-0.00666715774262,0.138491876146,-0.0287455727803,-0.131169613701,0.11937673532,0.671385065832,-1.81060843205,0.745766974444,0.00265837674471,0.640884168129,-0.7628741118,-0.0726271407402,0.0448984522631,0.771162611084,-0.622219649638,-0.133683838701,-0.227567888624,-0.465629134258,0.855576754789,-0.59399501962,-0.628761653518,-0.500680584739,-3.40930044189,-2.71125489474,-0.0485108072185,0.400368268625,-0.425112948904,0.0987376928279,0,0,0,0,0,0,0.707,-0.707,0,0.664,0.664,0.342,-0.242,-0.242,0.94,0,-0.05,-0.4
73.800097438,2026-09-29T06:42:27.135+00:00,-1,idle,1,1.44296841238,0.75673985708,1.92572648348,0.275081343407,1.87352368555,0.704414886105,-0.0720820981074,0.000174532925199,-0.00136135681656,-0.00802851455917,0.145403379984,-0.0305956217875,-0.132470082393,0.120885599187,0.671421847884,-1.81068004336,0.745359339085,0.0178286262126,0.640470863942,-0.762352802507,-0.0785041336662,0.0495214897598,0.774783376662,-0.614852620122,-0.146259568727,-0.216031913123,-0.474977500206,0.853423204198,-0.593590710643,-0.629016398696,-0.500840267044,-3.44458057263,-2.72329871168,-0.0356234278001,0.400356963254,-0.418218089627,0.0986357159696,0,0,0,0,0,0,0.707,-0.707,0,0.664,0.664,0.342,-0.242,-0.242,0.94,0,-0.05,-0.4
74.000106944,2026-09-29T06:42:27.335+00:00,-1,idle,1,1.42801094069,0.756722403787,1.92549959068,0.27330110757,1.90322918942,0.698131700798,-0.0792030414555,0.000401425727959,-0.00153588974176,-0.00961676417849,0.152524323332,-0.0326202037198,-0.133712264472,0.12254196139,0.671461923396,-1.81076700556,0.744956814715,0.0330268497885,0.640012756089,-0.761775029287,-0.0844704760635,0.0542882627464,0.778237387625,-0.607249367989,-0.159137149258,-0.204189470472,-0.484423569627,0.851022850625,-0.593264046316,-0.629198704915,-0.50099847848,-3.46145837131,-2.75897723923,-0.0391606079149,0.400361182002,-0.443938991443,0.0986679538824,0,0,0,0,0,0,0.707,-0.707,0,0.664,0.664,0.342,-0.242,-0.242,0.94,0,-0.05,-0.4
74.200118953,2026-09-29T06:42:27.535+00:00,-1,idle,1,1.4116572056,0.75673985708,1.9252028847,0.2713637921,1.93394698426,0.691412183178,-0.086638144069,0.000680678408278,-0.00174532925199,-0.0114493598931,0.160029239115,-0.0348891317474,-0.134885851529,0.12435192119,0.671505338159,-1.81086957535,0.744560381401,0.048258628078,0.639566214445,-0.761133654895,-0.0903413554821,0.0588986945213,0.781507574474,-0.599601041423,-0.171637941842,-0.192489278791,-0.493477450999,0.848541087172,-0.592876706061,-0.629497892355,-0.501081271154,-3.44176036074,-2.77769902253,-0.0313727444541,0.400351903242,-0.422953737333,0.0984697987275,0,0,0,0,0,0,0.707,-0.707,0,0.664,0.664,0.342,-0.242,-0.242,0.94,0,-0.05,-0.4
74.400118663,2026-09-29T06:42:27.735+00:00,-1,idle,1,1.39387230052,0.75673985708,1.92483636556,0.2687981581,1.96635774847,0.684361052999,-0.0942477796077,0.000994837673637,-0.00197222205475,-0.0135786615805,0.167638874654,-0.0374198591628,-0.135979155868,0.126321210635,0.67155211352,-1.81098790625,0.74417112121,0.0635304478523,0.638945162508,-0.76054708744,-0.0962261831134,0.0637003043852,0.784513895122,-0.591825043212,-0.184450287427,-0.180744060685,-0.502812380926,0.845635413944,-0.592603183325,-0.629469481241,-0.501440762356,-3.42191851003,-2.75182504813,-0.028241300939,0.400460405261,-0.426045306746,0.0984749275895,0,0,0,0,0,0,0.707,-0.707,0,0.664,0.664,0.342,-0.242,-0.242,0.94,0,-0.05,-0.4
74.600073776,2026-09-29T06:42:27.935+00:00,-1,idle,1,1.37453405241,0.757036563053,1.92443493983,0.265970724711,2.00067092156,0.676751417461,-0.102223934289,0.00136135681656,-0.00223402144255,-0.0160744824109,0.175737202383,-0.0403345590136,-0.136978864563,0.128454679562,0.671602236049,-1.81112195491,0.743790292943,0.0788475965077,0.638438296116,-0.759757013895,-0.102278301774,0.06859279026,0.787421365053,-0.583689690644,-0.197537563034,-0.168383653954,-0.511982603339,0.842675735635,-0.592387996957,-0.629673851224,-0.501438446633,-3.44193943504,-2.70192565393,-0.0598698954747,0.40042076368,-0.414576416685,0.0986345275731,0,0,0,0,0,0,0.707,-0.707,0,0.664,0.664,0.342,-0.242,-0.242,0.94,0,-0.05,-0.4
74.800111275,2026-09-29T06:42:28.135+00:00,-1,idle,1,1.35372972772,0.757455442073,1.92394624764,0.2624975195,2.03599638562,0.668391290344,-0.110165182386,0.00176278254451,-0.00253072741539,-0.0189542756767,0.183626090602,-0.0435285115447,-0.137870394365,0.130757116622,0.671655667943,-1.81127159713,0.743419128556,0.0942212829061,0.637855572674,-0.758979781222,-0.108257188562,0.0732826120553,0.790215752306,-0.575453840517,-0.210156081467,-0.156323743454,-0.520877659523,0.839538169001,-0.591972087214,-0.629958999653,-0.501571614241,-3.47111528468,-2.74382320314,0.00654513453962,0.400387234814,-0.40426181762,0.0985407266164,0,0,0,0,0,0,0.707,-0.707,0,0.664,0.664,0.342,-0.242,-0.242,0.94,0,-0.05,-0.4
75.000071140,2026-09-29T06:42:28.335+00:00,-1,idle,1,1.33084846123,0.757874321093,1.92345755545,0.258570528683,2.07311953881,0.659455204574,-0.118403136455,0.00225147473507,-0.00287979326579,-0.022357667718,0.191933857842,-0.0472460628515,-0.138637079016,0.133231182817,0.671712306276,-1.81143635885,0.743059172112,0.109656622508,0.637288315463,-0.758135976229,-0.114109383502,0.0779262030293,0.792728131513,-0.56727560738,-0.222577865804,-0.144353391025,-0.529447488923,0.836310712135,-0.591652945575,-0.630232291893,-0.501604910685,-3.46755873756,-2.76710039929,-0.0361933698024,0.400441003725,-0.437641939554,0.0982009554482,0,0,0,0,0,0,0.707,-0.707,0,0.664,0.664,0.342,-0.242,-0.242,0.94,0,-0.05,-0.4
75.200122899,2026-09-29T06:42:28.535+00:00,-1,idle,1,1.30658838463,0.758397919869,1.92284669021,0.253858139703,2.11172622187,0.649786080517,-0.125785879191,0.00279252680319,-0.00324631240871,-0.0261450321949,0.19884536168,-0.0511381470834,-0.139260022316,0.135874442905,0.671771930809,-1.81161500211,0.742712596321,0.125140019323,0.636624956908,-0.757283559473,-0.120001979724,0.0826426019437,0.795060286305,-0.558900496579,-0.235110643719,-0.132296583397,-0.538080277636,0.832783273291,-0.591342333308,-0.630403719645,-0.501755921676,-3.42928070201,-2.7209795613,-0.0529459745054,0.40049160109,-0.442654696278,0.0979854693987,0,0,0,0,0,0,0.707,-0.707,0,0.664,0.664,0.342,-0.242,-0.242,0.94,0,-0.05,-0.4
75.400109095,2026-09-29T06:42:28.735+00:00,-1,idle,1,1.28105421767,0.758973878522,1.92216601181,0.248342899266,2.15213059405,0.639226838543,-0.129189271233,0.00331612557879,-0.00357792496659,-0.0296007841138,0.199770386183,-0.0539655804717,-0.139712538644,0.138623977708,0.671833138097,-1.81179988825,0.742388771288,0.140351985242,0.635893779696,-0.756353392322,-0.126101399656,0.0875618859533,0.797256540879,-0.550091325781,-0.248107011898,-0.119737127113,-0.546927115018,0.828906757226,-0.591061780541,-0.63053886808,-0.501916824258,-3.46192878922,-2.74331621854,-0.0521857841781,0.40040898871,-0.431599700688,0.0982840696405,0,0,0,0,0,0,0.707,-0.707,0,0.664,0.664,0.342,-0.242,-0.242,0.94,0,-0.05,-0.4
75.600067236,2026-09-29T06:42:28.935+00:00,-1,idle,1,1.25520589145,0.759706916808,1.92141552023,0.242007354082,2.19208118063,0.628231264255,-0.131894531573,0.00383972435439,-0.00394444410951,-0.0333706952981,0.200084545449,-0.0570548132477,-0.139983941358,0.141431260321,0.671894627484,-1.81198763644,0.742091457236,0.155113322602,0.635112911981,-0.75546098953,-0.131890613013,0.0922775624568,0.799135872534,-0.541589849026,-0.260472181821,-0.107801868562,-0.555318401699,0.824951335796,-0.590821135678,-0.630563960409,-0.502168832232,-3.47799141935,-2.80214191358,-0.0557574734355,0.400403366204,-0.423826715572,0.0984480754706,0,0,0,0,0,0,0.707,-0.707,0,0.664,0.664,0.342,-0.242,-0.242,0.94,0,-0.05,-0.4
75.800105458,2026-09-29T06:42:29.135+00:00,-1,idle,1,1.22838018085,0.760527221557,1.92056030889,0.235113303536,2.23190959416,0.616746997777,-0.133954020091,0.00441568300755,-0.00434586983747,-0.0374896723328,0.199910012523,-0.0605280184592,-0.140074111485,0.144285436441,0.671955978791,-1.81217721207,0.741819321701,0.169468656997,0.634390359627,-0.754563278691,-0.137246853588,0.0966769426696,0.800679383142,-0.533618725038,-0.271946196546,-0.0966348004657,-0.562950383972,0.821148713254,-0.590663390393,-0.63059251619,-0.502318680626,-3.41421447059,-2.77711257546,-0.0379637751771,0.400509968358,-0.430860429189,0.0982040715286,0,0,0,0,0,0,0.707,-0.707,0,0.664,0.664,0.342,-0.242,-0.242,0.94,0,-0.05,-0.4
76.000106241,2026-09-29T06:42:29.335+00:00,-1,idle,1,1.20144975049,0.761469699353,1.91965273768,0.227433854827,2.27182527415,0.604110813993,-0.13596114873,0.00500909495322,-0.00483456202802,-0.0421671547282,0.200067092156,-0.0646644487864,-0.139983022944,0.147181342031,0.672016958748,-1.81236719802,0.741570872761,0.183486949359,0.633696378793,-0.753560612632,-0.142776656927,0.100946167986,0.802304380931,-0.525228663332,-0.283269476057,-0.0852041894566,-0.570376113144,0.817275936651,-0.590217694107,-0.630963501932,-0.502376798136,-3.46623298325,-2.74820679954,-0.0928769784405,0.400365442905,-0.435582780088,0.0981316178445,0,0,0,0,0,0,0.707,-0.707,0,0.664,0.664,0.342,-0.242,-0.242,0.94,0,-0.05,-0.4
76.200069260,2026-09-29T06:42:29.535+00:00,-1,idle,1,1.17415280099,0.762551803489,1.91864044672,0.218602488812,2.3116013278,0.590898671555,-0.137497038472,0.00565486677646,-0.00541052068118,-0.0473856891916,0.199997278986,-0.0694291976443,-0.139709578084,0.150115367208,0.672077373532,-1.81255608182,0.741344784958,0.197237211415,0.632917167858,-0.752624067091,-0.148008059199,0.105197370112,0.803548138544,-0.517204578687,-0.294307485827,-0.0742918715268,-0.577607006995,0.813247353152,-0.590000090565,-0.631013921603,-0.502569245356,-3.45104783467,-2.7546071274,-0.0602753913645,0.400361901577,-0.442862655649,0.0980258977551,0,0,0,0,0,0,0.707,-0.707,0,0.664,0.664,0.342,-0.242,-0.242,0.94,0,-0.05,-0.4
76.400071086,2026-09-29T06:42:29.735+00:00,-1,idle,1,1.14678603832,0.76373862738,1.917523436,0.208671565368,2.35170899401,0.576639331566,-0.138788582119,0.00633554518474,-0.00610865238198,-0.0533547152335,0.199979825694,-0.0750491578358,-0.139251009857,0.153087398621,0.672137081157,-1.81274258564,0.741139690885,0.2107978708,0.632106371806,-0.751611386882,-0.153345292615,0.109576818098,0.804625512118,-0.508918673934,-0.305606240664,-0.0630619705669,-0.584885302544,0.808977183092,-0.589838938285,-0.631046722667,-0.502717358865,-3.43391242451,-2.75340100379,-0.0818111848111,0.400333189547,-0.418761166769,0.0983325884593,0,0,0,0,0,0,0.707,-0.707,0,0.664,0.664,0.342,-0.242,-0.242,0.94,0,-0.05,-0.4
76.600070356,2026-09-29T06:42:29.935+00:00,-1,idle,1,1.11873859724,0.765047624319,1.91624934564,0.197798164129,2.39197373986,0.561210620979,-0.1397659665,0.00705113017806,-0.00696386371546,-0.0601789526088,0.199997278986,-0.0816988622859,-0.138602659846,0.156098529454,0.672195946398,-1.81292530548,0.740954444574,0.224247108197,0.631386163092,-0.750512731684,-0.158545062892,0.113778801488,0.805549199527,-0.50075447282,-0.316479942836,-0.0520010159328,-0.591663870153,0.804818615488,-0.589657003251,-0.631258918912,-0.502664343222,-3.39873820868,-2.82146499556,-0.0377011667001,0.400307370372,-0.437711793318,0.0983064454477,0,0,0,0,0,0,0.707,-0.707,0,0.664,0.664,0.342,-0.242,-0.242,0.94,0,-0.05,-0.4
76.800064236,2026-09-29T06:42:30.135+00:00,-1,idle,1,1.09079587591,0.766496247598,1.91478326907,0.185127073759,2.4317847001,0.544158754187,-0.14039428503,0.00778416846389,-0.00802851455917,-0.0680678408278,0.199979825694,-0.0896226570899,-0.137757210272,0.159153315548,0.672253858384,-1.81310298844,0.740787913207,0.237674072677,0.630521101555,-0.749497195738,-0.163694755022,0.117903016301,0.806386203947,-0.49252241401,-0.327101918033,-0.0412447588652,-0.598443052424,0.800411878459,-0.589363351381,-0.631345059934,-0.502900745715,-3.50413968196,-2.73740706486,-0.0297999090546,0.400271755265,-0.425687632705,0.0982192184689,0,0,0,0,0,0,0.707,-0.707,0,0.664,0.664,0.342,-0.242,-0.242,0.94,0,-0.05,-0.4
77.000072563,2026-09-29T06:42:30.335+00:00,-1,idle,1,1.06266116837,0.768119403803,1.9130902997,0.170553574505,2.47182255314,0.525797890456,-0.140603724541,0.00851720674973,-0.00935496479069,-0.0772482726933,0.200014732279,-0.0991696080983,-0.136703601178,0.162260878757,0.672310736908,-1.81327444214,0.740639003262,0.251184609376,0.629552353987,-0.748500445354,-0.168696256192,0.12228037472,0.806771870716,-0.484462056305,-0.338019945051,-0.030562211902,-0.605356381073,0.795672416506,-0.589486301643,-0.630990624253,-0.503201671658,-3.4774514697,-2.75835177139,-0.0569250216486,0.400429320633,-0.432489777881,0.0982549152159,0,0,0,0,0,0,0.707,-0.707,0,0.664,0.664,0.342,-0.242,-0.242,0.94,0,-0.05,-0.4
77.200070366,2026-09-29T06:42:30.535+00:00,-1,idle,0,1.0343519279,0.769864733055,1.91110062435,0.154339465754,2.51163351337,0.504923752602,-0.127478848566,0.00834267382453,-0.00996583002889,-0.0795521073059,0.181723681718,-0.100164445772,-0.135430690053,0.165424540582,0.672366494732,-1.81343536852,0.740507953657,0.264859507661,0.628662222121,-0.747389443106,-0.173855046146,0.126361599154,0.807354474538,-0.476012199927,-0.34848527365,-0.0197326642549,-0.611848529109,0.791029552459,-0.589150553258,-0.631159855304,-0.50338281773,-3.48392410869,-2.76111132683,-0.0603496085847,0.400388786269,-0.419966606702,0.0980294789035,0,0,0,0,0,0,0.707,-0.707,0,0.664,0.664,0.342,-0.242,-0.242,0.94,0,-0.05,-0.4
77.400124683,2026-09-29T06:42:30.735+00:00,-1,idle,0,1.021052519,0.770737397681,1.91007088009,0.146014245222,2.53105902795,0.49452159026,-0.0116238928183,0.000750491578358,-0.000907571211037,-0.00724311639578,0.0165631746014,-0.00912807198793,-0.13496565431,0.166472978925,0.672393254018,-1.81335168614,0.740511519537,0.269490555407,0.62825630003,-0.746737857033,-0.176440420305,0.128628816481,0.807377913499,-0.471792677688,-0.354130479437,-0.0139995786919,-0.615137939532,0.788593833636,-0.589282543938,-0.631130719128,-0.503264710748,-3.46464207614,-2.75683826892,-0.0315436351318,0.400084965774,-0.428005999107,0.0994513528972,0,0,0,0,0,0,0.707,-0.707,0,0.664,0.664,0.342,-0.242,-0.242,0.94,0,-0.05,-0.4
77.600109414,2026-09-29T06:42:30.935+00:00,-1,idle,1,1.0161655971,0.771138823409,1.90961709448,0.14247122684,2.53894791617,0.490262986885,-0.104283422807,0.00719075651822,-0.00933751149817,-0.072204271155,0.149312917508,-0.0898670031852,-0.134515088237,0.167441233364,0.672408359671,-1.81341441991,0.74047091657,0.273655199014,0.628053054752,-0.74642975482,-0.177640871666,0.129752465298,0.80731597082,-0.469831505394,-0.356871886699,-0.0112846743456,-0.616725155082,0.787395248181,-0.589425635161,-0.631044720783,-0.503204908189,-3.49104169769,-2.73162148442,-0.0997738773229,0.400275648423,-0.437369723601,0.0990169219576,0,0,0,0,0,0,0.707,-0.707,0,0.664,0.664,0.342,-0.242,-0.242,0.94,0,-0.05,-0.4
77.800066965,2026-09-29T06:42:31.135+00:00,-1,idle,1,0.992080053419,0.772831792783,1.90731325987,0.12494812115,2.57331344914,0.468603450868,-0.135158297274,0.00975639051865,-0.014398966329,-0.106465084372,0.195441969638,-0.131301119628,-0.132979728725,0.170481072456,0.672451565759,-1.81364372742,0.74034268277,0.286721573595,0.627144555816,-0.745403920104,-0.182275940275,0.133559663075,0.807509465096,-0.462085213637,-0.366432347209,-0.00147990890466,-0.622594725341,0.782836650358,-0.589266725389,-0.631000842563,-0.503446237224,-3.46566048571,-2.81581728362,-0.0957846306585,0.400449002312,-0.43550523615,0.0984794726785,0,0,0,0,0,0,0.707,-0.707,0,0.664,0.664,0.342,-0.242,-0.242,0.94,0,-0.05,-0.4
78.000071876,2026-09-29T06:42:31.335+00:00,-1,idle,1,0.964992543428,0.774804014838,1.9042240271,0.102223934289,2.6126008106,0.440468743326,-0.135385190077,0.0100530964915,-0.0180117978806,-0.125209920538,0.199491133503,-0.153711147223,-0.131014609216,0.173941216118,0.6725026255,-1.81380842529,0.740240753863,0.301735808048,0.626071928493,-0.744080112148,-0.187927590739,0.138065012577,0.807684055488,-0.452532904389,-0.377806849071,0.0104676519642,-0.629429030886,0.777276179585,-0.588936239989,-0.63114345875,-0.503654371017,-3.51733498804,-2.75185446793,-0.0742308160223,0.400396512624,-0.409218248825,0.0983376276395,0,0,0,0,0,0,0.707,-0.707,0,0.664,0.664,0.342,-0.242,-0.242,0.94,0,-0.05,-0.4
78.200118631,2026-09-29T06:42:31.535+00:00,-1,idle,1,0.937835220267,0.776793690185,1.90033194286,0.0755727566114,2.65246413072,0.408075432409,-0.129677963423,0.00947713783833,-0.0223402144255,-0.144181649507,0.197169845598,-0.177360358588,-0.128668848158,0.177643066122,0.672554414156,-1.81394052952,0.740158071924,0.317956357333,0.62487139618,-0.742662380051,-0.193728940064,0.143029455968,0.807383426199,-0.442625583651,-0.390005023528,0.0229953627412,-0.636636235546,0.771104614975,-0.588992543578,-0.630940485536,-0.503842985847,-3.46693706246,-2.80033463762,-0.0746531152842,0.400561706765,-0.432934351786,0.0979941599211,0,0,0,0,0,0,0.707,-0.707,0,0.664,0.664,0.342,-0.242,-0.242,0.94,0,-0.05,-0.4
78.400071651,2026-09-29T06:42:31.735+00:00,-1,idle,1,0.913034091596,0.778539019437,1.89554974071,0.0462512251778,2.69094864072,0.371458424702,-0.113341681625,0.00750491578358,-0.0260054058547,-0.154164932829,0.180728844044,-0.191375352481,-0.126014895835,0.181456104112,0.672604363396,-1.81402114731,0.740099540975,0.334861986367,0.623674274907,-0.740935978643,-0.20015870814,0.148259117514,0.807011332995,-0.431527459086,-0.403012437579,0.036910172257,-0.643987913507,0.764422075891,-0.588794826406,-0.631167663392,-0.503789504701,-3.4754012717,-2.80934637194,-0.0501797580209,0.400452321428,-0.435593008087,0.0980365058706,0,0,0,0,0,0,0.707,-0.707,0,0.664,0.664,0.342,-0.242,-0.242,0.94,0,-0.05,-0.4
78.600128569,2026-09-29T06:42:31.935+00:00,-1,idle,0,0.898460592342,0.779498950526,1.89216380196,0.0261799387799,2.71398698685,0.346290776888,-0.0147654854719,0.000942477796077,-0.00354301838155,-0.0207694180987,0.0237539311196,-0.0258308729295,-0.124596460687,0.183371030749,0.672637181489,-1.81382922547,0.740132261,0.343568664756,0.622909718984,-0.739799615128,-0.20424983502,0.151532228735,0.806694418808,-0.424390508808,-0.411153733542,0.0457562257524,-0.648503202571,0.76010892974,-0.588608089028,-0.631383633213,-0.503737056731,-3.47180087872,-2.84674347468,-0.0148480142662,0.400025013313,-0.422045105866,0.0992866420145,0,0,0,0,0,0,0.707,-0.707,0,0.664,0.664,0.342,-0.242,-0.242,0.94,0,-0.05,-0.4
78.800066385,2026-09-29T06:42:32.135+00:00,-1,idle,1,0.903172981322,0.779219697845,1.89317609293,0.0330390827403,2.70749436203,0.355104689611,0.0916995988998,-0.0059515727493,0.0218340689424,0.128194433559,-0.147305788868,0.159331107415,-0.125665406338,0.181928526029,0.672620995352,-1.81380108177,0.740151881332,0.337123462873,0.623196735353,-0.740016779318,-0.203023259811,0.150938899391,0.806403150059,-0.426602035024,-0.409430634895,0.0435691577742,-0.647326084108,0.761241383795,-0.5891728847,-0.631101136544,-0.50343034355,-3.45290925482,-2.84545756684,0.0368752181975,0.399663345142,-0.424313551758,0.101411848284,0,0,1.02516557976,0,0,0,0.707,-0.707,0,0.664,0.664,0.342,-0.242,-0.242,0.94,0,-0.05,-0.4
79.000072118,2026-09-29T06:42:32.335+00:00,-1,idle,1,0.924413638319,0.777805981151,1.89783612203,0.0612086968674,2.67417602661,0.38987164831,0.12473868164,-0.00890117918517,0.0229685329562,0.145351020106,-0.191672058454,0.179158047717,-0.128193688572,0.178344208971,0.672574317415,-1.81375822571,0.740197740753,0.321188896413,0.624434295009,-0.741472824526,-0.197319377451,0.146167455298,0.806913070831,-0.436558920264,-0.397749373481,0.03132041055,-0.640552797933,0.767555189479,-0.589253195159,-0.631203154459,-0.503208174615,-3.47118348279,-2.7689049987,-0.0974932300744,0.399561864699,-0.418278071226,0.10177036206,0,0,0,0,0,0,0.707,-0.707,0,0.664,0.664,0.342,-0.242,-0.242,0.94,0,-0.05,-0.4
79.200063948,2026-09-29T06:42:32.535+00:00,-1,idle,1,0.950611030391,0.775868665682,1.90228671163,0.0897797367226,2.6347664921,0.42435935433,0.134058739846,-0.00977384381117,0.0190589954318,0.129939762811,-0.199229334115,0.15971507985,-0.13059899604,0.174616772702,0.672526522299,-1.81356138165,0.74029627395,0.304878753903,0.625750741648,-0.742942973175,-0.191387854476,0.140863185738,0.807537305692,-0.446760591142,-0.384932290316,0.0183733029172,-0.633015504036,0.774206931753,-0.588943903658,-0.63166869944,-0.502985843436,-3.54677200213,-2.76377825871,-0.0426167333452,0.399275980783,-0.432307868169,0.101833308275,0,0,0,0,0,0,0.707,-0.707,0,0.664,0.664,0.342,-0.242,-0.242,0.94,0,-0.05,-0.4
79.400064992,2026-09-29T06:42:32.735+00:00,-1,idle,1,0.977576367335,0.773878990334,1.9058471833,0.114336519298,2.59495553187,0.454640816852,0.137392318717,-0.00968657734857,0.0154461638801,0.112434110413,-0.199962372401,0.138788582119,-0.13265360528,0.171070464655,0.672478937853,-1.81331737593,0.740419711012,0.289534090694,0.626878073396,-0.74438295691,-0.185511255413,0.136027455587,0.80761138464,-0.456736809549,-0.372864930346,0.00577248346732,-0.625901038993,0.780172264734,-0.589100610961,-0.631623603257,-0.502858808273,-3.51291121255,-2.75672701545,-0.0844112145677,0.399336750717,-0.427109428862,0.101672116995,0,0,0,0,0,0,0.707,-0.707,0,0.664,0.664,0.342,-0.242,-0.242,0.94,0,-0.05,-0.4
79.600125357,2026-09-29T06:42:32.935+00:00,-1,idle,1,1.00520492939,0.771889314987,1.90869206998,0.135873882268,2.55467333273,0.48094292868,0.139050381506,-0.00912807198793,0.0127059969545,0.0975115453089,-0.200084545449,0.121789075204,-0.134389681726,0.16768286423,0.672430111686,-1.81307114055,0.740556274257,0.274969559616,0.627946642128,-0.745704931352,-0.17993952548,0.131259046038,0.807652739742,-0.466058183507,-0.361038574634,-0.00627641862091,-0.618836684117,0.785790657582,-0.589038758111,-0.631775219502,-0.502740678763,-3.46685794113,-2.78819149371,-0.0831831497307,0.399261195005,-0.42728770821,0.10153747142,0,0,0,0,0,0,0.707,-0.707,0,0.664,0.664,0.342,-0.242,-0.242,0.94,0,-0.05,-0.4
79.800060054,2026-09-29T06:42:33.135+00:00,-1,idle,1,1.03307783755,0.77010907915,1.91117043752,0.154653625019,2.51500199883,0.504504873581,0.139608886867,-0.00825540736193,0.0106116018521,0.084857908232,-0.200049638864,0.108070787283,-0.135852957828,0.164402224168,0.672379547754,-1.81282815502,0.740705336027,0.260895032356,0.62900955352,-0.746816298342,-0.174629468121,0.126952538277,0.807288557319,-0.474891580823,-0.350164944429,-0.017383463358,-0.612028415818,0.790945225611,-0.589314856781,-0.631829252801,-0.50234864564,-3.44043020855,-2.77560744465,-0.0596720680955,0.399246457581,-0.42841981179,0.10160373133,0,0,0,0,0,0,0.707,-0.707,0,0.664,0.664,0.342,-0.242,-0.242,0.94,0,-0.05,-0.4
80.000116730,2026-09-29T06:42:33.335+00:00,-1,idle,1,1.06138707802,0.768573189408,1.91316011287,0.170483761335,2.47510377213,0.525623357531,0.139312180894,-0.00712094334814,0.00898844564777,0.073984506992,-0.199997278986,0.0969006800707,-0.137075365997,0.161188776939,0.672327088483,-1.81258684367,0.740868663732,0.247077700598,0.629817883011,-0.748022530184,-0.169325588785,0.122965741409,0.806568508812,-0.483588482771,-0.339753886931,-0.0284848023156,-0.605694812105,0.795491570311,-0.589868507915,-0.631335864592,-0.502319079749,-3.43231490584,-2.72927359768,-0.0732801374075,0.399427087208,-0.417716273479,0.101972523245,0,0,0,0,0,0,0.707,-0.707,0,0.664,0.664,0.342,-0.242,-0.242,0.94,0,-0.05,-0.4
80.200105587,2026-09-29T06:42:33.535+00:00,-1,idle,1,1.08915526641,0.767229285884,1.91483562895,0.184551115106,2.43506591909,0.544490366745,0.13817771688,-0.00565486677646,0.00769690200129,0.0643851961061,-0.199979825694,0.0877377014978,-0.138078459577,0.158008666979,0.672272539551,-1.81234525648,0.741048625793,0.233309634771,0.630692550761,-0.749170544505,-0.163955726199,0.118696762835,0.80585913982,-0.492276564283,-0.32876874299,-0.0397913574383,-0.598864233866,0.800170031752,-0.590183610957,-0.631137396811,-0.502198201828,-3.47090509732,-2.78072151278,-0.0635288371708,0.399519323361,-0.43140650822,0.101931179827,0,0,0,0,0,0,0.707,-0.707,0,0.664,0.664,0.342,-0.242,-0.242,0.94,0,-0.05,-0.4
80.400106607,2026-09-29T06:42:33.735+00:00,-1,idle,1,1.11657438896,0.766251901503,1.91630170552,0.196419354019,2.39502806605,0.561489873659,0.135996055315,-0.00361283155163,0.00663225115758,0.0555189235059,-0.200049638864,0.0801629725441,-0.13887595646,0.154824903102,0.672215512421,-1.81210105053,0.741248569492,0.219365380008,0.63147517459,-0.75035400941,-0.158506612869,0.114383644436,0.804984898208,-0.500962978362,-0.317585230228,-0.0513294535987,-0.59194832783,0.804652312128,-0.59048590233,-0.630826657244,-0.502233290542,-3.48418893435,-2.76014438591,-0.131430443417,0.399639494698,-0.431648977151,0.101950260953,0,0,0,0,0,0,0.707,-0.707,0,0.664,0.664,0.342,-0.242,-0.242,0.94,0,-0.05,-0.4
80.600133781,2026-09-29T06:42:33.935+00:00,-1,idle,1,1.14360953908,0.765780662605,1.91755834258,0.206856422946,2.35493785313,0.577023304002,0.131929438158,-0.000279252680319,0.00572467994654,0.0464432113956,-0.200154358619,0.0738623339444,-0.139474019929,0.151582753689,0.672155158,-1.81185039018,0.741474107027,0.204931999482,0.63235005667,-0.751430084665,-0.153016588532,0.109873369493,0.804042179259,-0.509602751866,-0.306001802819,-0.0629007881221,-0.584552818312,0.809230266536,-0.590651051659,-0.630802693316,-0.502068991667,-3.52872151027,-2.74458220844,-0.0384777879993,0.399658217303,-0.43339156546,0.101996237938,0,0,0,0,0,0,0.707,-0.707,0,0.664,0.664,0.342,-0.242,-0.242,0.94,0,-0.05,-0.4
80.800120417,2026-09-29T06:42:34.135+00:00,-1,idle,1,1.16905643957,0.76609482187,1.91864044672,0.215565615914,2.31512689289,0.591282643991,0.118106430482,0.00616101225954,0.00462512251778,0.0335801348084,-0.191776778209,0.0658512726777,-0.13986615665,0.148195805367,0.672090070286,-1.81158445567,0.741735823445,0.18953789782,0.63332652175,-0.752493954705,-0.147092029817,0.104949034031,0.802866331286,-0.518798436551,-0.293360201018,-0.0752994605566,-0.576287776653,0.814091126651,-0.590800004508,-0.630911705956,-0.501756345219,-3.44603983101,-2.73186581106,-0.130752206311,0.399555479627,-0.450747881813,0.101997078574,0,0,0,0,0,0,0.707,-0.707,0,0.664,0.664,0.342,-0.242,-0.242,0.94,0,-0.05,-0.4
81.000118062,2026-09-29T06:42:34.335+00:00,-1,idle,1,1.19024473669,0.76810195051,1.91947820476,0.220819056962,2.27933018993,0.603517402047,0.0764977811149,0.0182735972684,0.00270526034059,0.0111701072128,-0.151826191631,0.0495848040492,-0.140024668428,0.144797038667,0.672024061217,-1.81130118569,0.742030754603,0.173737749479,0.634225094619,-0.753556525726,-0.141024600449,0.100115702858,0.80131368721,-0.528097744923,-0.280724765829,-0.0878451141273,-0.567943076711,0.818691197316,-0.591175617405,-0.630763373559,-0.50150007905,-3.47788970438,-2.75733957614,-0.0789194201173,0.39958017334,-0.425364334209,0.102068465018,0,0,0,0,0,0,0.707,-0.707,0,0.664,0.664,0.342,-0.242,-0.242,0.94,0,-0.05,-0.4
81.200105017,2026-09-29T06:42:34.535+00:00,-1,idle,1,1.20061199245,0.773250671804,1.91974000415,0.22108085635,2.25348186371,0.611877529164,-0.00342084533391,0.0416959158301,-0.000575958653158,-0.0256214334193,-0.0738623339444,0.0244869694055,-0.139985780224,0.141481161759,0.67195955441,-1.81101690036,0.74234422519,0.157973739922,0.635190850408,-0.754534986468,-0.134847522064,0.0950035975432,0.799658573334,-0.537392853901,-0.267475604749,-0.100616147999,-0.559013990118,0.823359382727,-0.591381058926,-0.630889276679,-0.501098920114,-3.49593494088,-2.73062654911,-0.0427200288893,0.399508613655,-0.428835205707,0.10186429167,0,0,0,0,0,0,0.707,-0.707,0,0.664,0.664,0.342,-0.242,-0.242,0.94,0,-0.05,-0.4
81.400128425,2026-09-29T06:42:34.735+00:00,-1,idle,1,1.19089050851,0.784350965846,1.91947820476,0.211778251437,2.24712886524,0.613937017682,-0.143012278908,0.0841074166536,-0.00724311639578,-0.087039569797,0.0625526003915,-0.0162490153361,-0.139926716634,0.138248416993,0.671898822004,-1.81075124572,0.742655763388,0.142219165724,0.636048313079,-0.75551858476,-0.128706088527,0.0898273582367,0.797896158281,-0.546438291564,-0.254059487939,-0.113452397412,-0.550023148376,0.827739723855,-0.591438309651,-0.631021972489,-0.500863979679,-3.48959810545,-2.71846088963,-0.0602863614198,0.399424288734,-0.412844665605,0.101621335794,0,0,0,0,0,0,0.707,-0.707,0,0.664,0.664,0.342,-0.242,-0.242,0.94,0,-0.05,-0.4
81.600125384,2026-09-29T06:42:34.935+00:00,-1,idle,1,1.15696130785,0.801961337999,1.91757579587,0.192719256005,2.26632748701,0.608509043708,-0.19490091757,0.0896226570899,-0.0113970000155,-0.104161249759,0.135804069098,-0.0402996524285,-0.14021758914,0.135658872327,0.671848976444,-1.81056609016,0.742885474091,0.128977632431,0.636751088226,-0.756354467548,-0.123257018531,0.0853444693368,0.796084152736,-0.554353801097,-0.242309413305,-0.124729296097,-0.542054938118,0.831370284685,-0.591609351226,-0.631012921636,-0.500673144842,-3.53038848876,-2.70303651804,-0.145000446953,0.399513268524,-0.428795635142,0.101122684069,0,0,0,0,0,0,0.707,-0.707,0,0.664,0.664,0.342,-0.242,-0.242,0.94,0,-0.05,-0.4
81.800109054,2026-09-29T06:42:35.135+00:00,-1,idle,1,1.11722016079,0.819833509539,1.91502761517,0.171251706206,2.2952824993,0.599642771108,-0.199386413748,0.0874060889399,-0.0138230076758,-0.105243353895,0.150482288107,-0.0475951287019,-0.140902662854,0.133918131401,0.671814763974,-1.81043892454,0.743026397436,0.119276238641,0.637082175362,-0.757039056359,-0.119370869026,0.0822725021606,0.794636262254,-0.55992435586,-0.23410461386,-0.132859676705,-0.536649306978,0.833617481839,-0.591785870917,-0.630714861911,-0.500840217777,-3.47245441461,-2.78807926076,-0.0560140049339,0.399679834281,-0.436624793214,0.100999292765,0,0,0,0,0,0,0.707,-0.707,0,0.664,0.664,0.342,-0.242,-0.242,0.94,0,-0.05,-0.4
82.000102719,2026-09-29T06:42:35.335+00:00,-1,idle,1,1.07739174726,0.837461334984,1.91204310214,0.149819062991,2.32565122828,0.589851474004,-0.199962372401,0.0885056463686,-0.0163711883837,-0.107547188508,0.153013015522,-0.0515046662264,-0.141928387414,0.13253678431,0.671790629085,-1.81033249113,0.743127333372,0.110719024489,0.637407663191,-0.75756723752,-0.116034289049,0.0796203196858,0.793328458941,-0.564667662898,-0.227031543508,-0.139753399465,-0.531867979675,0.835554793697,-0.591952653151,-0.630536186649,-0.500868111365,-3.48054963606,-2.72908046595,-0.165420694283,0.39972654125,-0.433595980563,0.101026347592,0,0,0,0,0,0,0.707,-0.707,0,0.664,0.664,0.342,-0.242,-0.242,0.94,0,-0.05,-0.4
82.200122337,2026-09-29T06:42:35.535+00:00,-1,idle,1,1.04539986207,0.851581048633,1.90930293522,0.132487943519,2.3501032911,0.581491346887,-0.0431619924018,0.0193033415271,-0.00373500459927,-0.0234397718543,0.0329692695702,-0.011344640138,-0.142805301773,0.131705958933,0.67177259523,-1.81023325822,0.743195840627,0.105067178325,0.637653116782,-0.757977857214,-0.113400349599,0.0775140718994,0.792264545784,-0.56837655047,-0.22141532931,-0.145201221995,-0.528061641118,0.837040639529,-0.592066292425,-0.630403045722,-0.500901407188,-3.51335676292,-2.71201712533,-0.136124098035,0.399931041147,-0.444112383676,0.100449784812,0,0,0,0,0,0,0.707,-0.707,0,0.664,0.664,0.342,-0.242,-0.242,0.94,0,-0.05,-0.4
82.400072236,2026-09-29T06:42:35.735+00:00,-1,idle,1,1.02286766142,0.86187849122,1.90712127365,0.119851759734,2.36722497106,0.57541760109,-0.183940249868,0.0855734932253,-0.0188495559215,-0.103271131841,0.138299889928,-0.0509287075732,-0.143857919733,0.130894919253,0.671763112412,-1.81018486205,0.74323920603,0.0991381178175,0.637799363841,-0.758288727904,-0.111483512004,0.076036854023,0.791433314919,-0.571068305604,-0.217420907981,-0.149148823616,-0.525365999496,0.838043475688,-0.592196704187,-0.630222624878,-0.500974332306,-3.46702181127,-2.77611241331,-0.0692532195223,0.3998620461,-0.421858605215,0.101006815677,0,0,0,0,0,0,0.707,-0.707,0,0.664,0.664,0.342,-0.242,-0.242,0.94,0,-0.05,-0.4
82.600143508,2026-09-29T06:42:35.935+00:00,-1,idle,1,0.985203456166,0.880152088488,1.90308956308,0.098454023105,2.39597054385,0.564648919605,-0.198653375462,0.0967785070231,-0.0235444916094,-0.115191730632,0.145525553031,-0.0569850000776,-0.145660409965,0.129767723374,0.671750922231,-1.81011643241,0.743294008404,0.0901464475909,0.638313938301,-0.758543029909,-0.108562784179,0.0733615010705,0.790371174196,-0.575078321487,-0.210599625799,-0.155097777931,-0.520410933226,0.840055313135,-0.592087059715,-0.6306872321,-0.500518599541,-3.47001917466,-2.73250932269,-0.0829998029974,0.399468493091,-0.464649530604,0.101714370818,0,0,0,0,0,0,0.707,-0.707,0,0.664,0.664,0.342,-0.242,-0.242,0.94,0,-0.05,-0.4
82.800065381,2026-09-29T06:42:36.135+00:00,-1,idle,1,0.945497215683,0.899944122206,1.89806301484,0.0747000919854,2.42475102321,0.553077386664,-0.199840199353,0.102887159405,-0.0275762021815,-0.119904119612,0.141057510146,-0.059044488595,-0.147910484765,0.128622062566,0.671737875404,-1.81003558214,0.743347584189,0.080021729005,0.638580460987,-0.75914874662,-0.104709924073,0.070313634185,0.788638890919,-0.580372789186,-0.202399917065,-0.163080640826,-0.514859295343,0.841964674575,-0.592251977048,-0.630393790873,-0.500693279704,-3.45827356294,-2.70199954609,-0.0691576903741,0.399573646337,-0.440670745547,0.101815571068,0,0,0,0,0,0,0.707,-0.707,0,0.664,0.664,0.342,-0.242,-0.242,0.94,0,-0.05,-0.4
83.000071579,2026-09-29T06:42:36.335+00:00,-1,idle,1,0.90551172252,0.921080059447,1.89221616184,0.050719268063,2.45250175832,0.540982254948,-0.199979825694,0.109449597393,-0.0321140582367,-0.123953283477,0.134564885329,-0.0603011256564,-0.150614856403,0.127464152478,0.671725192504,-1.80995352885,0.74339627268,0.0687043973068,0.639097437319,-0.759604370238,-0.100602159225,0.0665948337801,0.786982788248,-0.58585378738,-0.192816620276,-0.171629044163,-0.508100036878,0.844371218889,-0.592039324878,-0.630807967877,-0.500422816884,-3.51801232281,-2.71924472869,-0.0839126047602,0.399326240551,-0.446859063407,0.101950967385,0,0,0,0,0,0,0.707,-0.707,0,0.664,0.664,0.342,-0.242,-0.242,0.94,0,-0.05,-0.4
83.200071425,2026-09-29T06:42:36.535+00:00,-1,idle,1,0.865613495819,0.943594806798,1.88539192447,0.0255516202492,2.47903076295,0.529026749572,-0.200067092156,0.116867246714,-0.0373151394076,-0.127566115028,0.126867983327,-0.060859631017,-0.153823342228,0.126284240592,0.671712685817,-1.80987189049,0.743440441613,0.055959241429,0.639515020803,-0.76019676685,-0.0958340445543,0.0627475078524,0.784654875756,-0.592237765912,-0.182513261745,-0.181313637835,-0.500823070483,0.846694459098,-0.592242425606,-0.63066606116,-0.500361271702,-3.4925574119,-2.75639757721,-0.122729649887,0.399367341887,-0.439976130799,0.102164553429,0,0,0,0,0,0,0.707,-0.707,0,0.664,0.664,0.342,-0.242,-0.242,0.94,0,-0.05,-0.4
83.400072120,2026-09-29T06:42:36.735+00:00,-1,idle,1,0.825278936806,0.967348737918,1.87750303625,-1.74532925199e-05,2.50343046589,0.516966524441,-0.199979825694,0.125035387613,-0.0432841654495,-0.130376095124,0.117844631095,-0.0604756585816,-0.157596099462,0.125079122227,0.671699885968,-1.80979046642,0.74348085727,0.0415393286588,0.639945359926,-0.760904368172,-0.0901500593931,0.0580296958295,0.781818882933,-0.599674731002,-0.169952321393,-0.192992789793,-0.492001213221,0.849284432037,-0.592302302358,-0.630582288989,-0.500396005132,-3.51775674404,-2.66924429478,-0.0456150855946,0.399462870539,-0.44012111935,0.101982398874,0,0,0,0,0,0,0.707,-0.707,0,0.664,0.664,0.342,-0.242,-0.242,0.94,0,-0.05,-0.4
83.600071053,2026-09-29T06:42:36.935+00:00,-1,idle,1,0.784612765234,0.993005077922,1.86847968402,-0.0263893782902,2.52639899885,0.504731766384,-0.196017928291,0.131353479505,-0.0490786585661,-0.12952088379,0.105627326331,-0.0578227581186,-0.161984634973,0.123857790398,0.671686073008,-1.80970882988,0.743518135199,0.0252497876258,0.640438438715,-0.761597203208,-0.0838778510147,0.0526575007994,0.77858992594,-0.607672183896,-0.155758563517,-0.205885262409,-0.481912271249,0.852040603572,-0.592214476307,-0.630717115463,-0.500329970876,-3.50696446792,-2.73072815094,-0.0690387251018,0.399469577679,-0.434113749138,0.101792694219,0,0,0,0,0,0,0.707,-0.707,0,0.664,0.664,0.342,-0.242,-0.242,0.94,0,-0.05,-0.4
83.800063693,2026-09-29T06:42:37.135+00:00,-1,idle,1,0.746861293513,1.01902793707,1.85853130728,-0.0512079602535,2.54620848586,0.493788551974,-0.177465078343,0.127007609668,-0.0508065345256,-0.117582831707,0.0862890782186,-0.0500211363622,-0.166726567657,0.122711145652,0.671669202889,-1.80962788119,0.743551949142,0.00804363740672,0.640962045907,-0.762197650622,-0.0774432859444,0.0471692119318,0.775036974232,-0.615710086792,-0.141215386134,-0.218920518706,-0.471349962655,0.854698822184,-0.592199708766,-0.630903559769,-0.500112125505,-3.48375465603,-2.68364811314,-0.0996657606159,0.399307946528,-0.443869239174,0.101978357987,0,0,0,0,0,0,0.707,-0.707,0,0.664,0.664,0.342,-0.242,-0.242,0.94,0,-0.05,-0.4
84.000072275,2026-09-29T06:42:37.335+00:00,-1,idle,1,0.713124079072,1.04414322501,1.84837349103,-0.0738099740668,2.56212588864,0.484346320721,-0.160116505578,0.121666902157,-0.0517315590291,-0.105260807188,0.0694117443518,-0.0422369678983,-0.171580499812,0.121687941963,0.671651255539,-1.80955614088,0.743580110996,-0.00928519744889,0.641395317645,-0.762779438673,-0.0710189231919,0.0416639771207,0.771294056936,-0.623533306545,-0.126608557118,-0.231955024084,-0.460725671782,0.857053593999,-0.592124433323,-0.631068198367,-0.499993410234,-3.55396878701,-2.68783034674,-0.0832975606865,0.399175882317,-0.435211633261,0.102092957829,0,0,0,0,0,0,0.707,-0.707,0,0.664,0.664,0.342,-0.242,-0.242,0.94,0,-0.05,-0.4
84.200067368,2026-09-29T06:42:37.535+00:00,-1,idle,1,0.682004858509,1.06808914234,1.83779679576,-0.0938812604648,2.57516349815,0.476492339087,-0.145839712297,0.116971966469,-0.0524995039,-0.0941954197301,0.0556934564311,-0.0352905574753,-0.176500014795,0.12078369664,0.671633388659,-1.80949474538,0.743603088694,-0.026642428066,0.641757077935,-0.763350385691,-0.0643242598864,0.0361445870948,0.76703898795,-0.631565262445,-0.111758844768,-0.24531554063,-0.449774265373,0.85915080772,-0.592267234017,-0.630981322609,-0.499933845834,-3.55360501036,-2.74664522807,-0.10113273034,0.399237617535,-0.434115518366,0.102142315581,0,0,0,0,0,0,0.707,-0.707,0,0.664,0.664,0.342,-0.242,-0.242,0.94,0,-0.05,-0.4
84.400072170,2026-09-29T06:42:37.735+00:00,-1,idle,1,0.653241832436,1.09114494176,1.82704556757,-0.112434110413,2.5853038611,0.469825181344,-0.134076193138,0.112922802604,-0.0532325421858,-0.0843692160414,0.0444535360483,-0.0290946386307,-0.181468371382,0.119992463525,0.671615659808,-1.80944179331,0.743622063962,-0.0440146592521,0.641915505748,-0.764021588717,-0.0572929643752,0.0305452400229,0.762226605257,-0.639851973597,-0.0964859248726,-0.259335715618,-0.438575839927,0.860823273285,-0.592507036957,-0.6305154118,-0.50023770197,-3.53033470235,-2.76814300704,-0.0695433322598,0.399524597583,-0.439440595333,0.101885978916,0,0,0,0,0,0,0.707,-0.707,0,0.664,0.664,0.342,-0.242,-0.242,0.94,0,-0.05,-0.4
84.600072558,2026-09-29T06:42:37.935+00:00,-1,idle,1,0.626869907439,1.11338043643,1.81631179267,-0.128648219165,2.593472002,0.464519380418,-0.12431980262,0.109414690808,-0.0539481271791,-0.0755902099039,0.0351509311352,-0.0236143047795,-0.186475281613,0.119309833483,0.671597966363,-1.80939548358,0.743637986532,-0.0613980208375,0.642148504066,-0.764512291807,-0.050445603002,0.0249298122605,0.757382579479,-0.647663253073,-0.0813016797824,-0.272846220043,-0.427184108544,0.862376141943,-0.592651304318,-0.630361045772,-0.500261358364,-3.5275945297,-2.71293740949,-0.0534712971998,0.399674491284,-0.447115839175,0.101681186485,0,0,0,0,0,0,0.707,-0.707,0,0.664,0.664,0.342,-0.242,-0.242,0.94,0,-0.05,-0.4
84.800070544,2026-09-29T06:42:38.135+00:00,-1,idle,1,0.602871630224,1.13509233233,1.80557801777,-0.143169358541,2.59985990706,0.460068790826,-0.11608184855,0.106360364617,-0.0546637121725,-0.0677013216849,0.0273144027937,-0.0187273828739,-0.191513075229,0.118732556135,0.67158021125,-1.8093544455,0.7436515449,-0.0787900499082,0.642382345204,-0.76487973502,-0.0439424089101,0.0193126441798,0.752713761284,-0.654770771264,-0.0663354777691,-0.285762428251,-0.415897824806,0.86371042919,-0.592512302128,-0.630565806574,-0.500167870717,-3.49841384757,-2.68546973272,-0.0378576512645,0.399540646507,-0.42621588644,0.101778604777,0,0,0,0,0,0,0.707,-0.707,0,0.664,0.664,0.342,-0.242,-0.242,0.94,0,-0.05,-0.4
85.000072226,2026-09-29T06:42:38.335+00:00,-1,idle,1,0.585784856847,1.15057340279,1.79753204992,-0.15278612272,2.6037519913,0.457380983778,-0.0203156324932,0.0188146493365,-0.00977384381117,-0.0116937059884,0.00452040276267,-0.00310668606855,-0.194591056148,0.118442404057,0.671558588805,-1.80932902656,0.743659645331,-0.0893473271192,0.642523883086,-0.765122422461,-0.0390170515339,0.0151131731089,0.749003641632,-0.660045270423,-0.0550923958676,-0.295441810216,-0.407327093138,0.86453888703,-0.592466608003,-0.630661462425,-0.500101330463,-3.57894443374,-2.64055994233,-0.0824326464678,0.399849427586,-0.434590520015,0.100438699359,0,0,0,0,0,0,0.707,-0.707,0,0.664,0.664,0.342,-0.242,-0.242,0.94,0,-0.05,-0.4
85.200071546,2026-09-29T06:42:38.535+00:00,-1,idle,1,0.574562389757,1.16135953757,1.79177246339,-0.159243840952,2.60598601274,0.455932360498,-0.0970403064109,0.0932005820565,-0.0503702022126,-0.0530580092606,0.0170693200845,-0.0119031454986,-0.197785456103,0.118166270863,0.671551639512,-1.80930804221,0.743666215377,-0.10031984393,0.642569450722,-0.76530231885,-0.0355619451164,0.0123373344446,0.746240801157,-0.663752313781,-0.0475174605013,-0.302102224803,-0.401487288513,0.864969307216,-0.59259422243,-0.630515521706,-0.500134170519,-3.49756880932,-2.72730052321,-0.0941681379113,0.399625886125,-0.43415182139,0.101616852491,0,0,0,0,0,0,0.707,-0.707,0,0.664,0.664,0.342,-0.242,-0.242,0.94,0,-0.05,-0.4
85.400072394,2026-09-29T06:42:38.735+00:00,-1,idle,1,0.554351477018,1.18080250544,1.78117831483,-0.170099788899,2.60914505868,0.453645979178,-0.100932390643,0.0998851930916,-0.0557981761863,-0.0523249709748,0.0137008346282,-0.00961676417849,-0.202694481009,0.117822031337,0.671539348871,-1.80927766471,0.743675438237,-0.117132456443,0.642638381512,-0.76558513481,-0.0291069042448,0.00693542284961,0.741031275414,-0.67043678235,-0.0329543949896,-0.314648147247,-0.390271079098,0.865630553787,-0.592602895953,-0.630485531708,-0.500161726045,-3.52430627707,-2.70672221298,-0.139097678935,0.399637888766,-0.431633830231,0.101652232824,0,0,0,0,0,0,0.707,-0.707,0,0.664,0.664,0.342,-0.242,-0.242,0.94,0,-0.05,-0.4
85.600070497,2026-09-29T06:42:38.935+00:00,-1,idle,1,0.534262737328,1.20057708586,1.77002566091,-0.180135432098,2.61160597293,0.451918103219,-0.096743600438,0.0986285560302,-0.0570024533701,-0.0470889832188,0.00911061869541,-0.00637045176978,-0.207778622054,0.117567703763,0.671522033428,-1.80924796327,0.743684140833,-0.134487326314,0.642696178486,-0.765791543799,-0.022433189474,0.0012983126756,0.735451209896,-0.677120837867,-0.0177946958632,-0.327515788537,-0.378458157129,0.866103438102,-0.592582421374,-0.630544046224,-0.500112170725,-3.54228063959,-2.68676087849,-0.0767625811243,0.399615159077,-0.433525274533,0.101578609241,0,0,0,0,0,0,0.707,-0.707,0,0.664,0.664,0.342,-0.242,-0.242,0.94,0,-0.05,-0.4
85.800065597,2026-09-29T06:42:39.135+00:00,-1,idle,1,0.515395728114,1.22045638604,1.75873338065,-0.189036611284,2.6130720495,0.450923265545,-0.0923802773081,0.0968134136081,-0.0578227581186,-0.0418704487553,0.00493928178314,-0.00338593874887,-0.212889213462,0.117411126231,0.671503508708,-1.80922026194,0.743691979751,-0.151894762664,0.642793573559,-0.765860519,-0.015947932597,-0.00444417317412,0.729940412215,-0.683284469101,-0.00256523492717,-0.340026130031,-0.366488308542,0.866430392729,-0.592349749313,-0.630965651988,-0.499855773324,-3.49694168566,-2.73197790831,-0.0559621981332,0.399378092274,-0.430133955536,0.101568374935,0,0,0,0,0,0,0.707,-0.707,0,0.664,0.664,0.342,-0.242,-0.242,0.94,0,-0.05,-0.4
86.000071836,2026-09-29T06:42:39.335+00:00,-1,idle,1,0.49701741109,1.23962010123,1.74709203454,-0.197100032428,2.61375272791,0.450382213477,-0.0884532864911,0.0951204442337,-0.058643062867,-0.0370533400198,0.00123918376892,-0.000715584993318,-0.218009423633,0.117351440615,0.671484538479,-1.80919441874,0.743699050399,-0.169309184677,0.642708894203,-0.765989061213,-0.00917319811792,-0.0100939511633,0.72379489166,-0.689679000189,0.0126955855526,-0.352884615769,-0.354409182719,0.86631375073,-0.592370156878,-0.630908874484,-0.499903298053,-3.53419118545,-2.69498545867,-0.0368266742395,0.399443680483,-0.43722642815,0.101476558991,0,0,0,0,0,0,0.707,-0.707,0,0.664,0.664,0.342,-0.242,-0.242,0.94,0,-0.05,-0.4
86.200072805,2026-09-29T06:42:39.535+00:00,-1,idle,1,0.479651385033,1.25843475057,1.73517143575,-0.204290788946,2.61375272791,0.450504386525,-0.0850149878646,0.093619461077,-0.059515727493,-0.0326376570123,-0.00200712863979,0.00165806278939,-0.223136070456,0.117387727759,0.671465210911,-1.80917014649,0.743705479992,-0.186729119495,0.642545852648,-0.766086030104,-0.00239154519298,-0.0155339059917,0.717322877551,-0.695978545014,0.0275639754881,-0.365495062159,-0.342449357847,0.865894887027,-0.592596193777,-0.630595989672,-0.500030270959,-3.53182321375,-2.73247742597,-0.0485608929576,0.399625793204,-0.419881454819,0.101490963805,0,0,0,0,0,0,0.707,-0.707,0,0.664,0.664,0.342,-0.242,-0.242,0.94,0,-0.05,-0.4
86.400069656,2026-09-29T06:42:39.735+00:00,-1,idle,1,0.462983490677,1.27719704002,1.72298903757,-0.21041689462,2.61336875547,0.450905812253,-0.0818559419185,0.0921359312128,-0.0603185789489,-0.0285361332701,-0.00492182849062,0.00375245789179,-0.228264149678,0.117519184661,0.671445514375,-1.80914720255,0.74371137392,-0.204145956556,0.642427710301,-0.766045884026,0.004136272165,-0.0210530723812,0.711010634482,-0.701687522289,0.0423994134908,-0.37764709524,-0.330437449217,0.865346644053,-0.592583790793,-0.630677979018,-0.499941471936,-3.58708774149,-2.66426079039,-0.0962016215979,0.399511844422,-0.432504206003,0.101726429413,0,0,0,0,0,0,0.707,-0.707,0,0.664,0.664,0.342,-0.242,-0.242,0.94,0,-0.05,-0.4
86.600070667,2026-09-29T06:42:39.935+00:00,-1,idle,1,0.44652503583,1.29547063729,1.71089390585,-0.215827415302,2.61218193158,0.451778476879,-0.0791157749929,0.0908967474439,-0.06122615016,-0.0247836753783,-0.0075223690761,0.00561996019142,-0.233393165835,0.117745135102,0.671425446603,-1.80912536489,0.743716823849,-0.221565899472,0.642220018642,-0.765975605078,0.0109214465187,-0.0267496184225,0.704212290158,-0.707426838656,0.0577351182022,-0.390183023862,-0.317942606472,0.864464546903,-0.59258017034,-0.630689120676,-0.49993169861,-3.53599674785,-2.7031418656,-0.028303903389,0.399575344401,-0.414757297373,0.101507940766,0,0,0,0,0,0,0.707,-0.707,0,0.664,0.664,0.342,-0.242,-0.242,0.94,0,-0.05,-0.4
86.800071194,2026-09-29T06:42:40.135+00:00,-1,idle,1,0.43093924561,1.31353479505,1.69857188133,-0.220539804282,2.61040169575,0.453052567233,-0.0766374074551,0.089727376845,-0.062133721371,-0.0212930168743,-0.00986111027377,0.0072605696883,-0.238520537193,0.118064975209,0.671404978805,-1.80910445519,0.743721903636,-0.238987559736,0.641947985316,-0.765862946907,0.0176340761393,-0.0323383682739,0.697249178343,-0.712913987227,0.072805322382,-0.402452196129,-0.305551240261,0.863306159588,-0.592608482163,-0.630635462364,-0.499965858684,-3.54858733247,-2.68556907442,-0.0936142319946,0.399596153402,-0.416619738417,0.101517527893,0,0,0,0,0,0,0.707,-0.707,0,0.664,0.664,0.342,-0.242,-0.242,0.94,0,-0.05,-0.4
87.000071902,2026-09-29T06:42:40.335+00:00,-1,idle,1,0.415824694288,1.33156404622,1.68595315084,-0.224746047779,2.60820258089,0.454675723437,-0.07438593272,0.0886452727088,-0.0630761991671,-0.0180467044656,-0.0119904119612,0.00870919296745,-0.243644067297,0.1184781406,0.671384100022,-1.80908432149,0.743726675256,-0.256410544971,0.641616314542,-0.765702235348,0.0243790412342,-0.037871546652,0.690004841387,-0.718258301293,0.0877760292316,-0.414601090098,-0.293092991657,0.861873725244,-0.592712624256,-0.63048434625,-0.500033049334,-3.57587589701,-2.65713719292,-0.0630364422788,0.399676969356,-0.448004617661,0.101557763961,0,0,0,0,0,0,0.707,-0.707,0,0.664,0.664,0.342,-0.242,-0.242,0.94,0,-0.05,-0.4
87.200070352,2026-09-29T06:42:40.535+00:00,-1,idle,1,0.400989395646,1.34910460521,1.6732122473,-0.228114533236,2.60561949359,0.456473412567,-0.0723613507877,0.0876504350352,-0.0640186769632,-0.0150272848597,-0.0139102741384,0.00998328332141,-0.248761462732,0.118984080717,0.671362799801,-1.80906483496,0.743731190756,-0.273833846227,0.641232910255,-0.765480917799,0.0311372522274,-0.0434717243217,0.68255312851,-0.723360716533,0.10286057291,-0.426701521627,-0.280464304793,0.860166212035,-0.592752931838,-0.63039515188,-0.500097780652,-3.5434740252,-2.65515315245,-0.0808765029922,0.399746320049,-0.426457814438,0.101465350748,0,0,0,0,0,0,0.707,-0.707,0,0.664,0.664,0.342,-0.242,-0.242,0.94,0,-0.05,-0.4
87.400070549,2026-09-29T06:42:40.735+00:00,-1,idle,1,0.386782415534,1.36650553785,1.66055861022,-0.230819793576,2.60268734045,0.458567807669,-0.0705113017806,0.0867428638241,-0.0649786080517,-0.0121998514714,-0.0156556033904,0.0111002940427,-0.253871023644,0.1195823197,0.671341065637,-1.80904588324,0.743735494735,-0.291258240453,0.640875901656,-0.76514386144,0.0377004984619,-0.0491082721468,0.675187203788,-0.727973213675,0.117860305979,-0.438403538649,-0.267822500627,0.858306391078,-0.592649624264,-0.630583149418,-0.499983087023,-3.57018714859,-2.608840643,-0.0758183999937,0.399659651896,-0.453725745425,0.101543847693,0,0,0,0,0,0,0.707,-0.707,0,0.664,0.664,0.342,-0.242,-0.242,0.94,0,-0.05,-0.4
87.600072698,2026-09-29T06:42:40.935+00:00,-1,idle,1,0.372837234811,1.38387156391,1.64746864084,-0.232984001849,2.59938866817,0.460906548867,-0.0688183324061,0.0859051057832,-0.0659734457254,-0.00954695100841,-0.0172613063022,0.0120602251313,-0.258970815314,0.120272376484,0.671318887547,-1.8090273706,0.743739624979,-0.308683514809,0.640446637548,-0.764764944007,0.0443493719594,-0.0547340668899,0.667486379037,-0.732479148146,0.132870735717,-0.450088888877,-0.255038634869,0.856146698416,-0.592613639659,-0.630665198228,-0.499922192328,-3.54092053277,-2.65278701282,-0.0920752145971,0.399594609235,-0.442206294048,0.101508335904,0,0,0,0,0,0,0.707,-0.707,0,0.664,0.664,0.342,-0.242,-0.242,0.94,0,-0.05,-0.4
87.800064843,2026-09-29T06:42:41.135+00:00,-1,idle,1,0.359310933108,1.40097579058,1.63413432535,-0.234799144271,2.59596782283,0.463437276282,-0.0672824426644,0.0851022543272,-0.066968283399,-0.00705113017806,-0.0187273828739,0.0129154364648,-0.264058671187,0.121053733383,0.671296256569,-1.80900921501,0.743743613732,-0.326108496617,0.63994925855,-0.764360352049,0.0509930959309,-0.060149005518,0.659517148547,-0.736897785537,0.147452400991,-0.461490978742,-0.242407480923,0.85373973327,-0.592766570678,-0.630499220351,-0.499950254804,-3.55347832089,-2.65072922326,-0.0667339785487,0.399657695891,-0.447665684187,0.10166630972,0,0,0,0,0,0,0.707,-0.707,0,0.664,0.664,0.342,-0.242,-0.242,0.94,0,-0.05,-0.4
88.000073354,2026-09-29T06:42:41.335+00:00,-1,idle,1,0.34574972482,1.4179578442,1.62066038352,-0.23596851487,2.59205828531,0.466037816868,-0.0658687259703,0.0843866693339,-0.0679805743652,-0.00471238898038,-0.0200712863979,0.0136484747506,-0.26913311879,0.12192597166,0.671273164144,-1.80899134334,0.743747489153,-0.343534254223,0.639400650731,-0.763870827944,0.0577168152564,-0.0658554120576,0.651318258545,-0.740996167835,0.162598835526,-0.473082424911,-0.229319614353,0.85100332012,-0.592694310185,-0.630591939154,-0.499918961262,-3.5743083495,-2.65467475083,-0.080015559708,0.399658375436,-0.436721324214,0.101516728066,0,0,0,0,0,0,0.707,-0.707,0,0.664,0.664,0.342,-0.242,-0.242,0.94,0,-0.05,-0.4
88.200063220,2026-09-29T06:42:41.535+00:00,-1,idle,1,0.332816835063,1.43488753794,1.60709917524,-0.236736459741,2.58785204181,0.468743077208,-0.0645597290313,0.0837059909256,-0.0690277719164,-0.00249582083035,-0.0213104701669,0.0142767932813,-0.274193312856,0.122888815489,0.671249599683,-1.80897368991,0.743751275974,-0.360963914253,0.638830791375,-0.763316110222,0.0642554723123,-0.0715190194601,0.643179266211,-0.744679448758,0.177505847857,-0.484298880548,-0.216386069296,0.848072316488,-0.592523439043,-0.630823737356,-0.499828990739,-3.58074854952,-2.69132328814,-0.106758054197,0.39948944382,-0.445679825808,0.101510236596,0,0,0,0,0,0,0.707,-0.707,0,0.664,0.664,0.342,-0.242,-0.242,0.94,0,-0.05,-0.4
88.400072843,2026-09-29T06:42:41.735+00:00,-1,idle,1,0.325032666599,1.44473119492,1.59873904812,-0.236980805836,2.58540858086,0.47048840646,0.0201934594456,-0.0263544717051,0.0220086018676,0.000401425727959,0.00694641042294,-0.00460766922527,-0.276231208741,0.123306159926,0.671231704074,-1.80896469283,0.743753377913,-0.367986834774,0.638435138752,-0.762986916841,0.0683012898071,-0.0747427063068,0.637961582,-0.747047067588,0.186185342505,-0.490968413015,-0.208645325244,0.846172666492,-0.592675322005,-0.630632069484,-0.499890824798,-3.60524810414,-2.65178754868,-0.065195213558,0.400088239538,-0.441939405618,0.0996675402012,0,0,0,0,0,0,0.707,-0.707,0,0.664,0.664,0.342,-0.242,-0.242,0.94,0,-0.05,-0.4
88.600106834,2026-09-29T06:42:41.935+00:00,-1,idle,1,0.333078634451,1.434294126,1.60743078779,-0.236945899251,2.58788694839,0.468795437086,0.0609468974796,-0.0787318025575,0.0644550092762,0.00298451302091,0.0196524073775,-0.0132295957301,-0.27242998516,0.122545718714,0.671250420951,-1.80897827071,0.74375044447,-0.354872045339,0.638774119722,-0.763385642537,0.064301302262,-0.0712413311859,0.643021438833,-0.744932724317,0.177013772736,-0.484194065651,-0.216682772217,0.84805640404,-0.592780343795,-0.630422725213,-0.500030458901,-3.58006078049,-2.67183172417,-0.0579462505792,0.400552178302,-0.439691722053,0.0982092689919,0,0,0,0,0,0,0.707,-0.707,0,0.664,0.664,0.342,-0.242,-0.242,0.94,0,-0.05,-0.4
88.800067722,2026-09-29T06:42:42.135+00:00,-1,idle,1,0.345802084698,1.41757387176,1.62088727633,-0.23631758072,2.59211064518,0.466107630038,0.0658512726777,-0.0841074166536,0.067369709127,0.00527089434102,0.0196349540849,-0.0134041286553,-0.26748044267,0.121635635545,0.671271295179,-1.80899527972,0.743746812003,-0.337838447299,0.639333098502,-0.763937197013,0.0578536386563,-0.0656209164408,0.651034732668,-0.741322164278,0.162247690323,-0.473108842752,-0.229476160898,0.850946378078,-0.592984653907,-0.630151680415,-0.500129931739,-3.53935219673,-2.71376913739,-0.0752216042596,0.400734414424,-0.449112578022,0.0982539607579,0,0,0,0,0,0,0.707,-0.707,0,0.664,0.664,0.342,-0.242,-0.242,0.94,0,-0.05,-0.4
89.000113290,2026-09-29T06:42:42.335+00:00,-1,idle,1,0.359433106156,1.40057436485,1.63441357803,-0.234956223903,2.596037636,0.463350009819,0.0676489618073,-0.0853116938375,0.0667413905963,0.00766199541626,0.0183783170235,-0.012723450247,-0.262413889002,0.12079689815,0.671289817751,-1.80901241825,0.743743149966,-0.32044857287,0.639916238568,-0.764399890163,0.0509718889466,-0.0600156818986,0.659501330425,-0.736965025638,0.147186592308,-0.461410393581,-0.242613927902,0.853724638105,-0.59284689749,-0.630341203615,-0.500054346383,-3.55586682636,-2.64113142109,-0.0762103492717,0.400534848338,-0.441753905938,0.0984901180681,0,0,0,0,0,0,0.707,-0.707,0,0.664,0.664,0.342,-0.242,-0.242,0.94,0,-0.05,-0.4
89.200068054,2026-09-29T06:42:42.535+00:00,-1,idle,1,0.373029221029,1.38357485793,1.64790497315,-0.233088721604,2.59952829451,0.460801829112,0.0691673982565,-0.0860447321233,0.0656941930451,0.0101578162466,0.0168773338668,-0.011850785621,-0.257325246524,0.120047808896,0.671307409638,-1.80902990382,0.743739356112,-0.303026663466,0.640474556153,-0.764755915057,0.0441822581865,-0.0546686506937,0.66770971666,-0.732317889547,0.132636939799,-0.449836046774,-0.255262511511,0.856212937792,-0.592554018888,-0.630761887614,-0.499870830674,-3.5320459499,-2.65556673862,-0.102514779713,0.400335736413,-0.432230037686,0.0983991970147,0,0,0,0,0,0,0.707,-0.707,0,0.664,0.664,0.342,-0.242,-0.242,0.94,0,-0.05,-0.4
89.400132041,2026-09-29T06:42:42.735+00:00,-1,idle,1,0.386991855045,1.36606920554,1.66082040961,-0.230837246869,2.60287932667,0.458445634621,0.0709476340936,-0.0869697566269,0.064751715249,0.0128630765872,0.0152541776624,-0.0108384946549,-0.252224420665,0.119390189348,0.671324404356,-1.8090478765,0.74373537922,-0.285601174713,0.640873981626,-0.765162380514,0.0375690531221,-0.0489452486743,0.675318305127,-0.727915297744,0.117465788534,-0.438141974484,-0.268139122877,0.858341140867,-0.592693678856,-0.630515447941,-0.500016274155,-3.5831743265,-2.62404802984,-0.101423845961,0.400433483335,-0.44629244483,0.0984721431955,0,0,0,0,0,0,0.707,-0.707,0,0.664,0.664,0.342,-0.242,-0.242,0.94,0,-0.05,-0.4
89.600103710,2026-09-29T06:42:42.935+00:00,-1,idle,1,0.401390821374,1.34875553936,1.67375329937,-0.228009813481,2.60579402652,0.456438505982,0.0727976831007,-0.0878598745454,0.0637743308679,0.0157254165605,0.0134739418254,-0.00968657734857,-0.247115450676,0.118824807183,0.671340822058,-1.80906642557,0.743731184302,-0.268179635114,0.6413135789,-0.765430108459,0.0308310043153,-0.0433946051526,0.68296529363,-0.723021165144,0.10251092287,-0.42621236874,-0.280772490108,0.860308328829,-0.592630090723,-0.630647447907,-0.499925084428,-3.58004631298,-2.64266451379,-0.0618138854588,0.400363703737,-0.45661545778,0.0984251163071,0,0,0,0,0,0,0.707,-0.707,0,0.664,0.664,0.342,-0.242,-0.242,0.94,0,-0.05,-0.4
89.800149543,2026-09-29T06:42:43.135+00:00,-1,idle,1,0.416156306846,1.33119752708,1.68652910949,-0.224554061562,2.60832475394,0.454588456974,0.074857171618,-0.088854712219,0.0627969464868,0.0187797427515,0.0115017197706,-0.00837758040957,-0.241997743461,0.118351872697,0.671356734047,-1.80908566405,0.743726728846,-0.250753652568,0.641704076302,-0.765637772925,0.0240661219688,-0.0378880047033,0.690454441002,-0.717848046427,0.0875960915295,-0.414168342354,-0.293302961973,0.86201049457,-0.592491560355,-0.630853829932,-0.499828802691,-3.54451299979,-2.65451178342,-0.0602292842177,0.400266187021,-0.44558548615,0.098466082227,0,0,0,0,0,0,0.707,-0.707,0,0.664,0.664,0.342,-0.242,-0.242,0.94,0,-0.05,-0.4
90.000105629,2026-09-29T06:42:43.335+00:00,-1,idle,1,0.43128831146,1.31309846274,1.69916529328,-0.220435084527,2.61045405562,0.452982754063,0.0772133661082,-0.0900240828179,0.0619242818608,0.0220958683302,0.00933751149817,-0.00689405054538,-0.2368754528,0.117972159858,0.67137209497,-1.8091056891,0.743721971857,-0.233330622429,0.642003447227,-0.76582297027,0.017382938108,-0.0323200466743,0.697591375714,-0.71260000976,0.072600452234,-0.402094485046,-0.30576761659,0.863396324144,-0.592448561164,-0.630885402221,-0.49983993617,-3.54021585826,-2.68748930827,-0.0720645187476,0.400242308221,-0.44735362367,0.0984479963966,0,0,0,0,0,0,0.707,-0.707,0,0.664,0.664,0.342,-0.242,-0.242,0.94,0,-0.05,-0.4
90.200072076,2026-09-29T06:42:43.535+00:00,-1,idle,1,0.446909008266,1.29508666486,1.7112429717,-0.215932135057,2.61218193158,0.451708663709,0.0796917336461,-0.0911236402466,0.0609643507722,0.0256214334193,0.00694641042294,-0.00520108117094,-0.231750404499,0.117686179597,0.671386917756,-1.80912662395,0.743716862497,-0.215909832154,0.642200423356,-0.765999116315,0.0107872798933,-0.0266008390592,0.704332850792,-0.707336961917,0.0573640679586,-0.389942073453,-0.318263254659,0.864455271881,-0.592595489897,-0.630628197149,-0.499990446533,-3.53974100977,-2.69820621667,-0.0813813551122,0.400360150322,-0.424364185166,0.0984821486365,0,0,0,0,0,0,0.707,-0.707,0,0.664,0.664,0.342,-0.242,-0.242,0.94,0,-0.05,-0.4
90.400116203,2026-09-29T06:42:43.735+00:00,-1,idle,1,0.463280196649,1.27676070771,1.72349518305,-0.210539067668,2.61333384889,0.450835999083,0.0826064334969,-0.0925199036482,0.0601440460237,0.0294960643587,0.00427605666739,-0.00329867228627,-0.226624395803,0.117494509027,0.671401204145,-1.80914860627,0.74371134224,-0.198490141715,0.642416583282,-0.766057971255,0.00402139844727,-0.0209749029894,0.711131002561,-0.701579095167,0.042174137607,-0.377472581149,-0.330654334575,0.865339935444,-0.592550544407,-0.630684932634,-0.499972137467,-3.572765364,-2.69005825778,-0.0549693949744,0.400321471605,-0.449926688664,0.0985659771741,0,0,0,0,0,0,0.707,-0.707,0,0.664,0.664,0.342,-0.242,-0.242,0.94,0,-0.05,-0.4
90.600103672,2026-09-29T06:42:43.935+00:00,-1,idle,1,0.479703744911,1.25805077813,1.73548559501,-0.204360602116,2.61394471413,0.450294947015,0.085765479443,-0.0939510736349,0.0592888346902,0.0336499479785,0.00129154364648,-0.0011344640138,-0.221499774967,0.117397816217,0.671414957317,-1.80917178914,0.743705343503,-0.181071900003,0.642544053389,-0.766088503468,-0.00251127222513,-0.0154673145547,0.717451825756,-0.695853774942,0.0273569750259,-0.365308030286,-0.342642814425,0.865897285484,-0.592555415745,-0.630628595627,-0.500037485504,-3.51225085841,-2.72146581932,-0.070522901476,0.40038980977,-0.407574075242,0.0984429234559,0,0,0,0,0,0,0.707,-0.707,0,0.664,0.664,0.342,-0.242,-0.242,0.94,0,-0.05,-0.4
90.800058415,2026-09-29T06:42:44.135+00:00,-1,idle,1,0.49701741109,1.23939320843,1.74721420759,-0.19725711206,2.61397962071,0.450277493722,0.089291044532,-0.0954869633766,0.0584336233568,0.0381354441561,-0.00204203522483,0.00129154364648,-0.216379218985,0.117396844914,0.671428178054,-1.80919634429,0.743698787439,-0.163656082079,0.64268920094,-0.766006951581,-0.00920921516937,-0.00995647931102,0.723779110535,-0.689700703966,0.0124131894333,-0.352750726572,-0.354604200899,0.866288449091,-0.592469175618,-0.630775554103,-0.499954233605,-3.55243735682,-2.66395703438,-0.0686456067152,0.400339126375,-0.434379872274,0.0983271510672,0,0,0,0,0,0,0.707,-0.707,0,0.664,0.664,0.342,-0.242,-0.242,0.94,0,-0.05,-0.4
91.000110243,2026-09-29T06:42:44.335+00:00,-1,idle,1,0.515430634699,1.22010732019,1.75871592736,-0.189368223841,2.61357819498,0.450696372742,0.0934100215667,-0.0973195590912,0.0576831317784,0.0430921792317,-0.00584685299418,0.00403171057211,-0.211264476829,0.117492450295,0.67144087999,-1.8092224722,0.743691579321,-0.146239906271,0.642726055159,-0.765917929725,-0.0160077087813,-0.00408609899933,0.729848707745,-0.683379409605,-0.0032762413713,-0.339737164762,-0.36698310339,0.86633421067,-0.592628486222,-0.630575121896,-0.50001830133,-3.53218032513,-2.6994481114,-0.0462606718265,0.400344084607,-0.419388749651,0.0986725680478,0,0,0,0,0,0,0.707,-0.707,0,0.664,0.664,0.342,-0.242,-0.242,0.94,0,-0.05,-0.4
91.200073446,2026-09-29T06:42:44.535+00:00,-1,idle,1,0.534175470865,1.20043745952,1.76993839445,-0.180467044656,2.61209466512,0.451656303831,0.0978780644518,-0.0991347015133,0.0568279204449,0.0484154334503,-0.0101403629541,0.00712094334814,-0.206160176951,0.117685584533,0.671453047888,-1.80925038667,0.743683610335,-0.128829555529,0.642649009278,-0.765828883671,-0.0224936232765,0.00155200536959,0.73540483629,-0.677157488235,-0.0183103132401,-0.327286956722,-0.378823470361,0.866030153864,-0.592766374486,-0.63028526433,-0.500220456426,-3.52434331641,-2.69557866816,-0.065569582538,0.400519716258,-0.410146191662,0.0986034236181,0,0,0,0,0,0,0.707,-0.707,0,0.664,0.664,0.342,-0.242,-0.242,0.94,0,-0.05,-0.4
91.400117425,2026-09-29T06:42:44.735+00:00,-1,idle,1,0.554264210556,1.18052325276,1.78142266093,-0.170187055362,2.60954648441,0.453366726498,0.103253678548,-0.101421082833,0.0561472420367,0.0543670061996,-0.0151145513223,0.0105941485596,-0.201068295088,0.117977416004,0.671464710175,-1.80928035063,0.743674744043,-0.111421222458,0.642661073987,-0.765559294674,-0.0292682886498,0.00700554060025,0.741196007573,-0.670242643643,-0.0331981387282,-0.31435816372,-0.390456246334,0.865652426361,-0.592550776947,-0.630577289744,-0.50010774871,-3.55883692503,-2.70593664061,-0.0651123515039,0.400394045353,-0.429061706411,0.0985226275248,0,0,0,0,0,0,0.707,-0.707,0,0.664,0.664,0.342,-0.242,-0.242,0.94,0,-0.05,-0.4
91.600068155,2026-09-29T06:42:44.935+00:00,-1,idle,1,0.575155801702,1.15998072746,1.79261022143,-0.158685335591,2.60603837262,0.455792734158,0.109309971052,-0.103829637201,0.0554142037508,0.0608421777245,-0.0208217779763,0.0144862327916,-0.195993223183,0.118369292067,0.671475867746,-1.8093126561,0.743664817199,-0.0940179207848,0.64257560001,-0.7652805217,-0.0358630169372,0.0124966153287,0.746526335313,-0.663394779829,-0.0480232281571,-0.30158458281,-0.401908698417,0.864954214745,-0.592498244804,-0.630623314057,-0.500111963416,-3.5404602777,-2.64706675403,-0.0850299884084,0.400386891128,-0.423724596529,0.0984067829847,0,0,0,0,0,0,0.707,-0.707,0,0.664,0.664,0.342,-0.242,-0.242,0.94,0,-0.05,-0.4
91.800118440,2026-09-29T06:42:45.135+00:00,-1,idle,1,0.597356389788,1.13931602912,1.80374542206,-0.14627604461,2.60136089022,0.459004139982,0.116186568305,-0.106412724494,0.0546288055874,0.0678933079026,-0.0274540291339,0.018832102629,-0.190938434067,0.118862963713,0.671486543666,-1.80934765751,0.743653622839,-0.0766176955305,0.642454896604,-0.764932654176,-0.0424991037818,0.0179879566037,0.751688122034,-0.6562889721,-0.0628675545063,-0.288647591076,-0.413264550918,0.864015339667,-0.592415846647,-0.630718793167,-0.500089155461,-3.51856446534,-2.69500244375,-0.0731823641376,0.400361209535,-0.41716514555,0.0982723377102,0,0,0,0,0,0,0.707,-0.707,0,0.664,0.664,0.342,-0.242,-0.242,0.94,0,-0.05,-0.4
92.000166906,2026-09-29T06:42:45.335+00:00,-1,idle,1,0.62098814786,1.11770885298,1.81449665025,-0.132086517791,2.59547913064,0.463210383479,0.124407069082,-0.109467050685,0.0538957673016,0.0757996494141,-0.0352731041828,0.0237364778271,-0.185909646122,0.119460495148,0.671496755283,-1.80938576744,0.743640901329,-0.0592237094572,0.642242981104,-0.76456369973,-0.0490537268593,0.0236650408702,0.756433362614,-0.649177934543,-0.0779866459241,-0.275613079412,-0.42465830957,0.862744148647,-0.592583326109,-0.630509579162,-0.500154593135,-3.51716881564,-2.68749722191,-0.0763445072656,0.400480216578,-0.426584792251,0.0982911527767,0,0,0,0,0,0,0.707,-0.707,0,0.664,0.664,0.342,-0.242,-0.242,0.94,0,-0.05,-0.4
92.200065694,2026-09-29T06:42:45.535+00:00,-1,idle,1,0.646819020789,1.09557807806,1.82543986466,-0.11629128806,2.58759024242,0.468254385018,0.134198366186,-0.112992615774,0.0531976356008,0.0845961088442,-0.0445931623885,0.0292342649709,-0.18091361874,0.120164496858,0.671506537436,-1.80942749207,0.743626313903,-0.0418391129792,0.642030119371,-0.764085953622,-0.0558538244093,0.0291604457592,0.761339210281,-0.641433682608,-0.0929195552311,-0.262279494984,-0.435915887229,0.861282919896,-0.592352153199,-0.630752859745,-0.500121673346,-3.46846671334,-2.79344949304,-0.0857679755864,0.400339018626,-0.409926514093,0.0983263821674,0,0,0,0,0,0,0.707,-0.707,0,0.664,0.664,0.342,-0.242,-0.242,0.94,0,-0.05,-0.4
92.400119757,2026-09-29T06:42:45.735+00:00,-1,idle,1,0.674726835528,1.07255718523,1.83613873298,-0.0985238362751,2.57799093154,0.474589930202,0.146136418269,-0.117181405979,0.052534410485,0.0945619388731,-0.0559028959414,0.035482543693,-0.175957405635,0.12097860248,0.671515956581,-1.80947349093,0.743609398335,-0.0244627217735,0.641769822692,-0.763540360058,-0.0626428098584,0.0348352065794,0.765896428466,-0.633574401279,-0.108160355759,-0.248695816679,-0.447183232866,0.859531931018,-0.592336096848,-0.630808714499,-0.500070192075,-3.53483553216,-2.73094158128,-0.0628494489567,0.400243302975,-0.420100467058,0.0984981917293,0,0,0,0,0,0,0.707,-0.707,0,0.664,0.664,0.342,-0.242,-0.242,0.94,0,-0.05,-0.4
92.600112691,2026-09-29T06:42:45.935+00:00,-1,idle,1,0.70486867171,1.04873344094,1.84643617556,-0.0791332282854,2.5657038136,0.482164659156,0.160273585211,-0.121771621912,0.0517141057366,0.105557513161,-0.069586277277,0.042428954116,-0.171052522499,0.121907416776,0.671525077935,-1.8095245882,0.743589525224,-0.00710063433737,0.641303819467,-0.763096611727,-0.0690898685114,0.0404915099272,0.769862504704,-0.626001609611,-0.123087936451,-0.2357308106,-0.458265012234,0.857343026193,-0.592496167738,-0.630415865383,-0.500376153847,-3.53542559766,-2.6885475133,-0.074405374493,0.400470423953,-0.44147068707,0.0983674248665,0,0,0,0,0,0,0.707,-0.707,0,0.664,0.664,0.342,-0.242,-0.242,0.94,0,-0.05,-0.4
92.800067803,2026-09-29T06:42:46.135+00:00,-1,idle,1,0.737750674818,1.02389740568,1.85664635169,-0.0571944395879,2.55064162216,0.491275277851,0.177883957363,-0.127286862348,0.0508414411106,0.11808897719,-0.086603237484,0.0503003890425,-0.166212234015,0.122957812545,0.671534057865,-1.80958197514,0.74356575971,0.0102479175088,0.64086933758,-0.762539768941,-0.0755026666887,0.0460319482101,0.773632918022,-0.618253273163,-0.137756293912,-0.222722010812,-0.468967990287,0.855027390704,-0.592617932611,-0.630191172827,-0.500515099306,-3.5204875981,-2.69932193823,-0.0800640702505,0.400652465543,-0.436681601506,0.0981125037194,0,0,0,0,0,0,0.707,-0.707,0,0.664,0.664,0.342,-0.242,-0.242,0.94,0,-0.05,-0.4
93.000172285,2026-09-29T06:42:46.335+00:00,-1,idle,1,0.77468184179,0.99797926629,1.86654236855,-0.0326202037198,2.53196659916,0.501904332996,0.196454260604,-0.13152801243,0.049008845396,0.130044482566,-0.106116018521,0.0581369173839,-0.161474459848,0.1241354941,0.671542837566,-1.80964656222,0.743536977925,0.0275175491124,0.64037829523,-0.761916160157,-0.082058400715,0.0516316062233,0.777302772092,-0.61011571371,-0.152599085621,-0.209408081456,-0.479723540493,0.852417670085,-0.592669938431,-0.630026301499,-0.500661197613,-3.49100194494,-2.77363494611,-0.0934932233145,0.400791412354,-0.44813736843,0.0981840908295,0,0,0,0,0,0,0.707,-0.707,0,0.664,0.664,0.342,-0.242,-0.242,0.94,0,-0.05,-0.4
93.200073592,2026-09-29T06:42:46.535+00:00,-1,idle,1,0.814632428368,0.972130940068,1.87596714651,-0.00619591884458,2.50974855778,0.513947104835,0.199543493381,-0.12473868164,0.0430921792317,0.130306281954,-0.117722458047,0.0604931118741,-0.157152890398,0.125371283924,0.67154878087,-1.80970901525,0.743505827586,0.0436474048027,0.639980636183,-0.761159471317,-0.0884462434862,0.0569061204781,0.780759270282,-0.601960095774,-0.166709239184,-0.196340024134,-0.489718189576,0.849837277024,-0.592599828545,-0.630181829232,-0.500548331484,-3.55687851867,-2.70458294227,-0.112424481509,0.400574746709,-0.431336167581,0.098472089499,0,0,0,0,0,0,0.707,-0.707,0,0.664,0.664,0.342,-0.242,-0.242,0.94,0,-0.05,-0.4
93.400097266,2026-09-29T06:42:46.735+00:00,-1,idle,1,0.854670281409,0.947853410173,1.88430982033,0.0197920337176,2.48569792069,0.525885156918,0.200224171789,-0.116954513176,0.0372627795301,0.127897727586,-0.127077422838,0.0610516172348,-0.153431094019,0.126594103363,0.671553748704,-1.80976738164,0.743472921794,0.0579736398816,0.639628271929,-0.760397363552,-0.0942773810185,0.0615085252617,0.783861054484,-0.59430387776,-0.179173544357,-0.184478921103,-0.498474203621,0.847397428001,-0.592316110647,-0.630583356269,-0.500378296911,-3.49566245563,-2.72874671361,-0.0790002538116,0.400315084235,-0.42429185802,0.0987469499517,0,0,0,0,0,0,0.707,-0.707,0,0.664,0.664,0.342,-0.242,-0.242,0.94,0,-0.05,-0.4
93.600100786,2026-09-29T06:42:46.935+00:00,-1,idle,1,0.893800563239,0.924902330509,1.89136095051,0.0450644012865,2.45944816874,0.53801519522,0.200101998741,-0.109519410563,0.0320442450666,0.124249989449,-0.134774324839,0.0604756585816,-0.150268570993,0.127791149954,0.671559472611,-1.80982427848,0.74343696136,0.0706464762894,0.639171392352,-0.759895434968,-0.0987743418003,0.0652877363333,0.786005937843,-0.588348728583,-0.189165269614,-0.175323038958,-0.505600138584,0.845113544199,-0.592254588573,-0.630494467413,-0.500563280899,-3.52690664947,-2.73385584128,-0.0431503044587,0.400422011064,-0.43666385165,0.0982038918949,0,0,0,0,0,0,0.707,-0.707,0,0.664,0.664,0.342,-0.242,-0.242,0.94,0,-0.05,-0.4
93.800069176,2026-09-29T06:42:47.135+00:00,-1,idle,1,0.933873322865,0.903522047172,1.89736488314,0.0694466509369,2.43199413961,0.550249953276,0.199927465816,-0.102939519283,0.0275063890114,0.120165919,-0.141232043071,0.0591841149351,-0.147606526667,0.12896571071,0.671566500758,-1.80988135739,0.743396673955,0.0819083439218,0.638699948163,-0.759387721712,-0.103048071844,0.0690923962423,0.787801420393,-0.582668124884,-0.199034359834,-0.166411833735,-0.512510251874,0.842746659093,-0.592439890301,-0.630190525133,-0.500726863862,-3.47522673336,-2.74673417624,-0.0692579947653,0.400568768096,-0.423259834314,0.0984167159461,0,0,0,0,0,0,0.707,-0.707,0,0.664,0.664,0.342,-0.242,-0.242,0.94,0,-0.05,-0.4
94.000105121,2026-09-29T06:42:47.335+00:00,-1,idle,1,0.97352720347,0.883328587727,1.90265323077,0.0935321946144,2.40337073987,0.561838939509,0.200154358619,-0.0974766387239,0.023596851487,0.116204021598,-0.146747283508,0.0574736922682,-0.145392639519,0.130129725886,0.671575213125,-1.80994031536,0.743350395855,0.0920080601099,0.638448604184,-0.758771898807,-0.106990228805,0.072122647882,0.789665298055,-0.577252502441,-0.207268863925,-0.158316241582,-0.51811641172,0.840873883248,-0.592177072081,-0.630590146079,-0.500534444887,-3.50292744197,-2.70515718914,-0.0571899541236,0.400394117615,-0.442570164745,0.0982567536482,0,0,0,0,0,0,0.707,-0.707,0,0.664,0.664,0.342,-0.242,-0.242,0.94,0,-0.05,-0.4
94.200066779,2026-09-29T06:42:47.535+00:00,-1,idle,1,1.01344288346,0.86416487254,1.9070165539,0.116238928183,2.37364778271,0.573148673062,0.199875105938,-0.092746796451,0.0201585528605,0.112119951148,-0.150534647985,0.0551698576555,-0.143583062325,0.131304949262,0.671586094388,-1.81000326681,0.743295705579,0.101209278747,0.637982712745,-0.758379462126,-0.110436861767,0.0751155724625,0.791031892358,-0.572520406394,-0.215046944248,-0.151249169143,-0.523627439351,0.838755699541,-0.592200332748,-0.630352035787,-0.500807036949,-3.45449952971,-2.77447578501,-0.0420832477934,0.40049742757,-0.425862936099,0.0983154524524,0,0,0,0,0,0,0.707,-0.707,0,0.664,0.664,0.342,-0.242,-0.242,0.94,0,-0.05,-0.4
94.400133792,2026-09-29T06:42:47.735+00:00,-1,idle,0,1.05248589883,0.846606860265,1.91082137167,0.137950824078,2.34441351774,0.583638101867,0.0928864227911,-0.0419577152179,0.00839503370209,0.0509636141582,-0.0707731011684,0.0248185819634,-0.142279086159,0.132397123077,0.671595789766,-1.81004837654,0.743243322852,0.108937558264,0.637779702665,-0.757762897874,-0.113926007742,0.0778029963088,0.792538098022,-0.567638157488,-0.222329841001,-0.143969361147,-0.52843616935,0.837016966271,-0.592001001887,-0.630754418999,-0.500535752944,-3.53212329665,-2.69233980458,-0.063426070706,0.40019326413,-0.427614473395,0.0988259767286,0,0,0,0,0,0,0.707,-0.707,0,0.664,0.664,0.342,-0.242,-0.242,0.94,0,-0.05,-0.4
94.600109801,2026-09-29T06:42:47.935+00:00,-1,idle,1,1.05934504279,0.84484407772,1.90961709448,0.140499004786,2.33985820839,0.579117699104,-0.0546637121725,0.0359712358836,-0.031922072019,-0.0414864763199,0.039810960238,-0.105382980235,-0.142198458223,0.132503163651,0.672184111434,-1.81111229642,0.735859256572,0.109731556453,0.637470795417,-0.757681488419,-0.116770895754,0.0769045187367,0.795977537056,-0.562735778152,-0.222505151342,-0.141235236365,-0.530083909551,0.836439918382,-0.588031775086,-0.633757440053,-0.501421699334,-3.4258685483,-2.74554514344,-0.0240559794279,0.400794646691,-0.430090857677,0.100069234666,0,0,0,0,0,0,0.707,-0.707,0,0.664,0.664,0.342,-0.242,-0.242,0.94,0,-0.05,-0.4
94.800133548,2026-09-29T06:42:48.135+00:00,-1,idle,1,1.04641215303,0.853274018008,1.90253105772,0.130271375369,2.34973677196,0.555520847617,-0.0751538775909,0.0473158760216,-0.0388161225644,-0.0552571241181,0.0548033385126,-0.127967540756,-0.142508091798,0.132276905796,0.673477468717,-1.81345877549,0.719565105908,0.108456950027,0.636394077189,-0.758302559823,-0.122118633965,0.071181778028,0.805306581385,-0.552190526442,-0.215227255554,-0.140725960311,-0.530714328383,0.836125577684,-0.575314274178,-0.642446047662,-0.505109143463,-3.53370450128,-2.6589972543,-0.0112837385929,0.401020653011,-0.45024688191,0.100465518684,0,0,0,0,0,0,0.707,-0.707,0,0.664,0.664,0.342,-0.242,-0.242,0.94,0,-0.05,-0.4
95.000109466,2026-09-29T06:42:48.335+00:00,-1,idle,1,1.03066928318,0.862995501941,1.89457235633,0.118525309503,2.36090687917,0.529306002252,-0.0783652834145,0.0491659250287,-0.0399854931632,-0.0579100245812,0.0567755605674,-0.131772358526,-0.142904748447,0.132022561718,0.674828666276,-1.8158655964,0.702354707106,0.107056260077,0.635213550557,-0.758989710594,-0.127544034737,0.0645823784409,0.815114300474,-0.541086004997,-0.206311703034,-0.141024258113,-0.530802441439,0.836019284508,-0.561257370362,-0.651754327457,-0.508990409657,-3.6352180395,-2.6196687267,0.00201600032981,0.401087588713,-0.445477338663,0.100304009864,0,0,0,0,0,0,0.707,-0.707,0,0.664,0.664,0.342,-0.242,-0.242,0.94,0,-0.05,-0.4
95.200060691,2026-09-29T06:42:48.535+00:00,-1,idle,1,1.01503113308,0.873083505018,1.88645657531,0.106849056807,2.37249586541,0.502724637744,-0.0793601210882,0.049916416607,-0.0405265452313,-0.0592190215202,0.0569500934926,-0.133482781193,-0.143357225234,0.131770192856,0.676170183089,-1.81821561288,0.685059196731,0.105704658178,0.634135349376,-0.759428783639,-0.133290543848,0.0580853869204,0.824878268097,-0.529337016519,-0.197792381352,-0.140503578608,-0.530933505041,0.836023703065,-0.546940204428,-0.661226841687,-0.512353922395,-3.73183809527,-2.52904282492,0.057087214352,0.401065436626,-0.479405727392,0.100462942168,0,0,1.02262341871,0,0,0,0.707,-0.707,0,0.664,0.664,0.342,-0.242,-0.242,0.94,0,-0.05,-0.4
95.400104510,2026-09-29T06:42:48.735+00:00,-1,idle,0,1.00206333674,0.881094566284,1.87996395049,0.0977209848192,2.38167629727,0.481344354408,-0.0171914931321,0.0108384946549,-0.00879645943005,-0.0128805298797,0.012287117934,-0.0289724655831,-0.143690894256,0.131603574123,0.677062420205,-1.81975115899,0.673439710254,0.104840896817,0.633328751973,-0.759702193117,-0.13773307376,0.0526960158852,0.832481163556,-0.520017557739,-0.190512201849,-0.140352788346,-0.5306451254,0.836232308334,-0.535336536328,-0.668809756606,-0.514766575687,-3.8765526223,-2.48641233462,0.0297191757685,0.400060501392,-0.497154090001,0.100161925607,0,0,1.01980429085,0,0,0,0.707,-0.707,0,0.664,0.664,0.342,-0.242,-0.242,0.94,0,-0.05,-0.4
95.600067061,2026-09-29T06:42:48.935+00:00,-1,idle,0,1.00023074103,0.882159217128,1.87903892599,0.0962898148325,2.38286312116,0.478499467727,-0.00155334303427,0.000977384381117,-0.000785398163397,-0.00116937059884,0.00111701072128,-0.00263544717051,-0.14373132711,0.131584462199,0.677165484717,-1.81992433233,0.672093398541,0.104746573629,0.633143553384,-0.759815869143,-0.138217651493,0.0520092936208,0.833380375949,-0.518943529388,-0.189504729725,-0.140572847333,-0.530693507247,0.836164580555,-0.53387772343,-0.669605118464,-0.51524824273,-3.87517537027,-2.47419866734,0.0512226346878,0.399933813201,-0.500020698523,0.100035483941,0,0,1.06573993303,0,0,0,0.707,-0.707,0,0.664,0.664,0.342,-0.242,-0.242,0.94,0,-0.05,-0.4
95.800065922,2026-09-29T06:42:49.135+00:00,-1,settling,0,1.00012602127,0.882194123713,1.8790214727,0.096237454955,2.38286312116,0.478359841387,-0.00013962634016,8.72664625997e-05,-6.98131700798e-05,-0.00010471975512,8.72664625997e-05,-0.000226892802759,-0.143735031958,0.131582722358,0.677174876642,-1.81994005969,0.671970677817,0.104738046994,0.633140046105,-0.759822266394,-0.138224180566,0.0519411341479,0.833430017311,-0.518908820708,-0.189381211442,-0.1406344278,-0.53064906103,0.836182455633,-0.533784004971,-0.669667238126,-0.515264648161,-3.87945471837,-2.46344662317,0.062102287776,0.399943189184,-0.500048715174,0.0999860345746,0,0,1.05419050006,0,0,0,0.707,-0.707,0,0.664,0.664,0.342,-0.242,-0.242,0.94,0,-0.05,-0.4
96.000116826,2026-09-29T06:42:49.335+00:00,-1,settling,0,1.00012602127,0.882176670421,1.8790040194,0.0962200016624,2.38286312116,0.478359841387,0,0,0,0,0,-1.74532925199e-05,-0.143735369969,0.131582563718,0.677175733082,-1.81994149341,0.671959486731,0.104737270028,0.633125260712,-0.759835480541,-0.138214082194,0.0519549251071,0.83341491922,-0.518927761344,-0.189395786108,-0.140657948085,-0.53067856776,0.836159750857,-0.533801380724,-0.669629178147,-0.51529613549,-3.84693610592,-2.45807349607,0.0601290502172,0.399964956695,-0.50003078978,0.0999860466604,0,0,1.05001165653,0,0,0,0.707,-0.707,0,0.664,0.664,0.342,-0.242,-0.242,0.94,0,-0.05,-0.4
96.200116166,2026-09-29T06:42:49.535+00:00,-1,settling,0,1.00012602127,0.882176670421,1.87896911282,0.0962200016624,2.38286312116,0.478359841387,0,0,0,0,0,0,-0.143735400796,0.131582549251,0.677175811185,-1.81994162415,0.67195846616,0.104737199178,0.633115403542,-0.759844289683,-0.138207349893,0.0519641190601,0.833404853553,-0.518940387837,-0.189405503047,-0.1406736287,-0.530698237982,0.836144613569,-0.533812963746,-0.669603803808,-0.515317126258,-3.85242066341,-2.43922043303,0.0685379365955,0.399976649318,-0.500014499232,0.100020730389,0,0,1.05298577604,0,0,0,0.707,-0.707,0,0.664,0.664,0.342,-0.242,-0.242,0.94,0,-0.05,-0.4
96.400069153,2026-09-29T06:42:49.735+00:00,-1,settling,0,1.00014347456,0.882176670421,1.87893420623,0.0961676417849,2.38286312116,0.478342388094,0,0,0,0,0,0,-0.143735403607,0.131582547932,0.677175818308,-1.81994163607,0.671958373089,0.104737192717,0.633090759774,-0.75986389953,-0.138203781105,0.0519871038735,0.833391448521,-0.518949825618,-0.189438681163,-0.140693112885,-0.530755247785,0.836105107941,-0.533828756736,-0.669551301574,-0.515369027546,-3.87350340758,-2.47556870608,0.0593486281193,0.399995073195,-0.500002753289,0.100005770578,0,0,1.06155227097,0,0,0,0.707,-0.707,0,0.664,0.664,0.342,-0.242,-0.242,0.94,0,-0.05,-0.4
96.600092409,2026-09-29T06:42:49.935+00:00,-1,rejected,0,1.00014347456,0.882176670421,1.87893420623,0.0961676417849,2.38286312116,0.478342388094,0,0,0,0,0,0,-0.143735403863,0.131582547811,0.677175818958,-1.81994163716,0.671958364601,0.104737192128,0.633090759774,-0.75986389953,-0.138203781105,0.0519871038735,0.833391448521,-0.518949825618,-0.189438681163,-0.140693112885,-0.530755247785,0.836105107941,-0.533828756736,-0.669551301574,-0.515369027546,-3.8722757447,-2.4786256313,0.0548293556945,0.400008863957,-0.499992835686,0.100000195222,0,0,1.06170028073,0,0,0,0.707,-0.707,0,0.664,0.664,0.342,-0.242,-0.242,0.94,0,-0.05,-0.4
96.800062872,2026-09-29T06:42:50.135+00:00,-1,idle,0,1.00012602127,0.882176670421,1.87893420623,0.0961676417849,2.38286312116,0.478324934802,-5.23598775598e-05,-3.49065850399e-05,-3.49065850399e-05,0,5.23598775598e-05,1.74532925199e-05,-0.143731723958,0.131589351344,0.67717749357,-1.81995727764,0.671978746297,0.104726816543,0.633091667023,-0.75986389953,-0.138203781105,0.0519760543473,0.833398297008,-0.518946225778,-0.189418379584,-0.140702484877,-0.530744970275,0.83611006065,-0.53381559484,-0.66956223854,-0.515368454559,-3.86579622361,-2.47916295244,0.0431327888755,0.399981239684,-0.500011605921,0.100016837932,0,0,1.05260775601,0,0,0,0.707,-0.707,0,0.664,0.664,0.342,-0.242,-0.242,0.94,0,-0.05,-0.4
97.000188773,2026-09-29T06:42:50.335+00:00,-1,idle,0,1.00014347456,0.882176670421,1.87893420623,0.0961676417849,2.38286312116,0.478342388094,0,0,0,0,0,0,-0.143730372056,0.131591850686,0.67717810873,-1.81996302335,0.671986233988,0.104723004857,0.633090759774,-0.75986389953,-0.138203781105,0.0519871038735,0.833391448521,-0.518949825618,-0.189438681163,-0.140693112885,-0.530755247785,0.836105107941,-0.533828756736,-0.669551301574,-0.515369027546,-3.86806197303,-2.47690376129,0.0452364146187,0.3999861831,-0.500007073816,0.100019725493,0,0,1.0474862325,0,0,0,0.707,-0.707,0,0.664,0.664,0.342,-0.242,-0.242,0.94,0,-0.05,-0.4
97.200156298,2026-09-29T06:42:50.535+00:00,-1,idle,0,1.00016092786,0.882176670421,1.87891675294,0.0961676417849,2.38286312116,0.478324934802,0,0,0,0,0,0,-0.143730248767,0.131592078614,0.677178164829,-1.81996354733,0.671986916831,0.104722657246,0.633085830875,-0.759865891615,-0.138213677146,0.0519917008242,0.833398175277,-0.518934011299,-0.189452424053,-0.140681234353,-0.530772919033,0.836095878393,-0.533821385621,-0.669549550323,-0.515378949079,-3.87651999457,-2.48071814527,0.035836199235,0.399986238275,-0.500011832929,0.0999957106427,0,0,1.03948090228,0,0,0,0.707,-0.707,0,0.664,0.664,0.342,-0.242,-0.242,0.94,0,-0.05,-0.4
97.400177269,2026-09-29T06:42:50.735+00:00,-1,idle,0,1.00014347456,0.882176670421,1.87893420623,0.0961676417849,2.38286312116,0.478324934802,0,0,0,0,0,0,-0.143730237524,0.131592099399,0.677178169945,-1.81996359512,0.671986979104,0.104722625546,0.633091213423,-0.759862693445,-0.138210412164,0.0519815791124,0.833400752602,-0.518936962452,-0.189432972429,-0.140687939312,-0.530754027514,0.836106754549,-0.53381559484,-0.66956223854,-0.515368454559,-3.87779871658,-2.46754353403,0.0360363170379,0.400005112988,-0.499995022342,0.100004266122,0,0,1.03687010701,0,0,0,0.707,-0.707,0,0.664,0.664,0.342,-0.242,-0.242,0.94,0,-0.05,-0.4
