sequence,elapsed_s,dt_s,admittance_updated,max_discrete_residual,reference_tracking_error_mm,reference_tracking_error_deg,fault,command_sent
1,6.680002115899697e-07,0.008,True,0.0,0.023407608701678,0.0027756726951486703,,True
2,0.008070346000295103,0.008069678000083513,True,0.0,0.007718459242507603,0.0014142161596971468,,True
3,0.01607495400003245,0.008004607999737345,True,0.0,0.009118399354695647,0.001000000000004231,,True
4,0.02407044500023403,0.007995491000201582,True,0.0,0.017920316440563057,0.003055033920206021,,True
5,0.032065513000361534,0.007995068000127503,True,0.0,0.015567410825029153,0.0021692413225263846,,True
6,0.04007063400013067,0.008005120999769133,True,0.0,0.009449744176711005,0.0006112592214194319,,True
7,0.04807241400021667,0.008001780000086,True,0.0,0.0053302954379311285,0.002828432319351582,,True
8,0.05609145100015667,0.008019036999939999,True,0.0,0.007907335330786143,3.527127637782153e-05,,True
9,0.06406851400015512,0.007977062999998452,True,0.0,0.017514769988721084,0.0014150856220021886,,True
10,0.07207284700007222,0.008004332999917096,True,0.0,0.012112706047019863,0.0027688670687082166,,True
11,0.08006776100000934,0.007994913999937125,True,0.0,0.013438758272817776,0.002151190739045167,,True
12,0.0880681270000423,0.008000366000032955,True,0.0,0.011648812400230617,0.001999688960089796,,True
13,0.0960676740000963,0.007999547000054008,True,0.0,0.015520719650764705,0.0014142109649878283,,True
14,0.10406934100001308,0.008001666999916779,True,0.0,0.009449744176711005,0.001154727193996488,,True
15,0.11206913400019403,0.007999793000180944,True,0.0,0.006218706612963544,0.002227053505155783,,True
16,0.12006513300002553,0.0079959989998315,True,0.0,0.005501818742589672,0.0020719922657358456,,True
17,0.1280659240001114,0.008000791000085883,True,0.0,0.008879454462459213,0.002160236051917898,,True
18,0.13606160500012265,0.007995681000011245,True,0.0,0.007129669994275798,0.001000000000008841,,True
19,0.14406603300039933,0.008004428000276675,True,0.0,0.010008208180803238,0.0011547271939995759,,True
20,0.15206384900011471,0.007997815999715385,True,0.0,0.009118399354695647,0.001000000000004231,,True
21,0.16006307700035904,0.00799922800024433,True,0.0,0.008879454462459213,0.002160236051917898,,True
22,0.16806158600002163,0.00799850899966259,True,0.0,0.0016858762829410562,0.0014142161596846833,,True
23,0.17606747000036194,0.008005884000340302,True,0.0,0.006218706612963544,0.002227053505155783,,True
24,0.18406545500010907,0.007997984999747132,True,0.0,0.0025565121824721424,0.0014142161597130703,,True
25,0.1920689250000578,0.00800346999994872,True,0.0,0.006218559926480584,0.00141421615970788,,True
26,0.2000669930002914,0.007998068000233616,True,0.0,0.01642226170206461,0.00224449182076586,,True
27,0.20807167000020854,0.008004676999917137,True,0.0,0.005060684316997216,0.0005773952235895428,,True
28,0.216072990000157,0.008001319999948464,True,0.0,0.014576067866935166,0.001000000000004231,,True
29,0.2240713340002003,0.00799834400004329,True,0.0,0.010605135499337616,0.0022360712628924995,,True
30,0.23206984500029648,0.007998511000096187,True,0.0,0.009118399354695647,0.001427933981566028,,True
31,0.2400726180003403,0.008002773000043817,True,0.0,0.01642226170206461,0.00224449182076586,,True
32,0.2480702390002989,0.007997620999958599,True,0.0,0.002531822352283947,0.001137711515520487,,True
33,0.25607417800029,0.008003938999991078,True,0.0,0.009118399354695647,0.001000000000004231,,True
34,0.26406885400001556,0.007994675999725587,True,0.0,0.008008155266333274,0.0011377115154943098,,True
35,0.2720650410001326,0.007996187000117061,True,0.0,0.011648812400230617,0.001999688960089796,,True
36,0.28006311000035566,0.00799806900022304,True,0.0,0.009118399354695647,0.001000000000004231,,True
37,0.2880650100000821,0.008001899999726447,True,0.0,0.014576067866935166,0.001000000000004231,,True
38,0.2960652960000516,0.008000285999969492,True,0.0,0.006218706612963544,0.0010199251825106352,,True
39,0.3040745970001808,0.008009301000129199,True,0.0,0.005060684316997216,0.0005773952235895428,,True
40,0.31207150600039313,0.007996909000212327,True,0.0,0.010008208180803238,0.0006112592214199097,,True
41,0.32006317900004433,0.0079916729996512,True,0.0,0.005060684316997216,0.0005773952235895428,,True
42,0.32806146500024624,0.007998286000201915,True,0.0,0.035314742211460484,0.0022281643189260856,,True
43,0.3360649660003219,0.00800350100007563,True,0.0,0.005060684316997216,0.0011377115155128538,,True
44,0.34406287800038626,0.007997912000064389,True,0.0,0.011648812400230617,0.001000000000006968,,True
45,0.3520675590002611,0.008004680999874836,True,0.0,0.006218706612963544,0.0010199251825106352,,True
46,0.3600641150001138,0.007996555999852717,True,0.0,0.0,0.0,,True
47,0.3680663620002633,0.00800224700014951,True,0.0,0.009118399354695647,0.001427933981566028,,True
48,0.37606226100024287,0.007995898999979545,True,0.0,0.009449744176711005,0.001154727193996488,,True
49,0.38406605100044544,0.00800379000020257,True,0.0,0.015567410825029153,0.0021692413225263846,,True
50,0.39206431800039354,0.0079982669999481,True,0.0,0.003513711620253455,0.002768867068711628,,True
51,0.40006986100024733,0.008005542999853787,True,0.0,0.009449744176711005,0.001154727193996488,,True
52,0.4080696600003648,0.007999799000117491,True,0.0,0.006982839979580166,0.00223607126287806,,True
53,0.41606655000032333,0.007996889999958512,True,0.0,0.017514769988721084,0.0031618828720284984,,True
54,0.4240659960000812,0.007999445999757882,True,0.0,0.009118399354695647,0.001427933981566028,,True
55,0.43206877800002985,0.008002781999948638,True,0.0,0.009118399354695647,0.001000000000004231,,True
56,0.4400662610000836,0.007997483000053762,True,0.0,0.009118399354695647,0.001427933981566028,,True
57,0.44810127100026875,0.008035010000185139,True,0.0,0.015567410825029153,0.0021692413225263846,,True
58,0.45606588600003306,0.007964614999764308,True,0.0,0.004617075467371411,0.002227053505138494,,True
59,0.4640678300002037,0.008001944000170624,True,0.0,0.01642226170206461,0.0014142109650271118,,True
60,0.47207146000027933,0.008003630000075646,True,0.0,0.002531822352283947,0.000577395223589438,,True
61,0.48006788300017433,0.007996422999895003,True,0.0,0.006218706612963544,0.0010199251825106352,,True
62,0.48806884200030254,0.008000959000128205,True,0.0,0.021504822855298318,0.0019148406606427505,,True
63,0.4960659690000284,0.007997126999725879,True,0.0,0.007129669993903218,0.0009999999999628472,,True
64,0.504100440000002,0.008034470999973564,True,0.0,0.009449744176711005,0.0006112592214194319,,True
65,0.5120655130003797,0.007965073000377743,True,0.0,0.01642226170206461,0.0014142109650271118,,True
66,0.5200740220002444,0.008008508999864716,True,0.0,0.008008155266333274,0.000577395223561536,,True
67,0.528069735000372,0.00799571300012758,True,0.0,0.01642226170206461,0.00224449182076586,,True
68,0.5360736150000776,0.008003879999705532,True,0.0,0.007129669993903218,0.0009999999999628472,,True
69,0.544071152000015,0.007997536999937438,True,0.0,0.014576067866935166,0.001000000000004231,,True
70,0.5520673810001426,0.007996229000127641,True,0.0,0.006982839979580166,0.00223607126287806,,True
71,0.5600681820001228,0.008000800999980129,True,0.0,0.014576067866935166,0.001000000000004231,,True
72,0.5680694200000289,0.008001237999906152,True,0.0,0.01642226170206461,0.0014142109650271118,,True
73,0.5760680610001145,0.007998641000085627,True,0.0,0.005060684316997216,0.0011377115155128538,,True
74,0.5840733160002856,0.008005255000171019,True,0.0,0.015370914016770097,0.0010000000000018455,,True
75,0.5920679030000429,0.007994586999757303,True,0.0,0.01042499505474637,0.0029995852836751384,,True
76,0.6000715100003617,0.00800360700031888,True,0.0,0.0,0.0,,True
77,0.6080720330000986,0.008000522999736859,True,0.0,0.006218559926480584,0.0022270537354239007,,True
78,0.6160695710000255,0.007997537999926863,True,0.0,0.008428250397240556,0.0010000000000086754,,True
79,0.6240687130002698,0.00799914200024432,True,0.0,0.005060684316997216,0.0011377115155128538,,True
80,0.6320698389999961,0.008001125999726355,True,0.0,0.01042499505474637,0.0029995852836751384,,True
81,0.6400688250000712,0.007998986000075092,True,0.0,0.008008155266333274,0.000577395223561536,,True
82,0.6480598630000713,0.007991038000000117,True,0.0,0.006532456255660723,0.001400358719844675,,True
83,0.6560662650003906,0.008006402000319213,True,0.0,0.008428250397240556,0.0010000000000086754,,True
84,0.6640664160004235,0.008000151000032929,True,0.0,0.0,0.0,,True
85,0.6720663920000334,0.007999975999609887,True,0.0,0.0019967965003005687,0.001999688960060641,,True
86,0.6800688140001512,0.008002422000117804,True,0.0,0.008008155266333274,0.000577395223561536,,True
87,0.6880677780000042,0.007998963999853004,True,0.0,0.008008155266333274,0.0011377115154943098,,True
88,0.6960667740004283,0.007998996000424086,True,0.0,0.010709351353882516,0.0009809387075456434,,True
89,0.7040633999999955,0.007996625999567186,True,0.0,0.007129669994275798,0.001000000000008841,,True
90,0.712063868000314,0.008000468000318506,True,0.0,0.015567410825029153,0.0019148406606441031,,True
91,0.7200648420002835,0.008000973999969574,True,0.0,0.009118399354695647,0.0014003587198399,,True
92,0.7280722680002327,0.008007425999949191,True,0.0,0.010008208180803238,0.0011547271939995759,,True
93,0.7360731450003186,0.008000877000085893,True,0.0,0.005060684316997216,0.0005773952235895428,,True
94,0.744072418000087,0.007999272999768436,True,0.0,0.009118399354695647,0.001000000000004231,,True
95,0.7525558820002516,0.008483464000164531,False,,,,focus_lost,True
96,0.7600750450001215,0.007519162999869877,False,,,,focus_lost,True
97,0.7680733140000484,0.00799826899992695,False,,,,focus_lost,True
98,0.7760754960004306,0.008002182000382163,False,,,,focus_lost,True
99,0.7840713450000294,0.00799584899959882,False,,,,focus_lost,True
100,0.7920735440002318,0.008002199000202381,False,,,,focus_lost,True
101,0.800075272000413,0.008001728000181174,False,,,,focus_lost,True
102,0.808075478000319,0.00800020599990603,False,,,,focus_lost,True
103,0.8160734520001824,0.007997973999863461,False,,,,focus_lost,True
104,0.8240733600000567,0.007999907999874267,False,,,,focus_lost,True
105,0.8320693890000257,0.007996028999968985,False,,,,focus_lost,True
106,0.840076830000271,0.008007441000245308,False,,,,focus_lost,True
107,0.8480727940000179,0.007995963999746891,False,,,,focus_lost,True
108,0.8560743060002096,0.008001512000191724,False,,,,focus_lost,True
109,0.8640748290004012,0.008000523000191606,False,,,,focus_lost,True
110,0.8720753560000958,0.008000526999694557,False,,,,focus_lost,True
111,0.8800767720003932,0.008001416000297468,False,,,,focus_lost,True
112,0.8880737630001931,0.007996990999799891,False,,,,focus_lost,True
113,0.896072868000374,0.007999105000180862,False,,,,focus_lost,True
114,0.9040727680003329,0.00799989999995887,False,,,,focus_lost,True
115,0.9120716140000695,0.007998845999736659,False,,,,focus_lost,True
116,0.9200710930003879,0.007999479000318388,False,,,,focus_lost,True
117,0.9280698420002409,0.007998748999852978,False,,,,focus_lost,True
118,0.9360718770003587,0.008002035000117758,False,,,,focus_lost,True
119,0.9440706500004126,0.007998773000053916,False,,,,focus_lost,True
120,0.9520740240000123,0.008003373999599717,False,,,,focus_lost,True
121,0.9600762390000455,0.008002215000033175,False,,,,focus_lost,True
122,0.9680728590001308,0.007996620000085386,False,,,,focus_lost,True
123,0.9760719490000156,0.007999089999884745,False,,,,focus_lost,True
124,0.9840725810004187,0.00800063200040313,False,,,,focus_lost,True
125,0.9920675150001443,0.007994933999725617,False,,,,focus_lost,True
126,1.000071718000072,0.008004202999927656,False,,,,focus_lost,True
127,1.0080718070003059,0.008000089000233856,False,,,,focus_lost,True
128,1.0160725930004446,0.00800078600013876,False,,,,focus_lost,True
129,1.0240730880000228,0.008000494999578223,False,,,,focus_lost,True
130,1.0320748770000137,0.008001788999990822,False,,,,focus_lost,True
131,1.0400680140000986,0.007993137000084971,False,,,,focus_lost,True
132,1.048070800000005,0.008002785999906337,False,,,,focus_lost,True
133,1.0560648360001323,0.00799403600012738,False,,,,focus_lost,True
134,1.0640684870004407,0.00800365100030831,False,,,,focus_lost,True
135,1.072070387000167,0.008001899999726447,False,,,,focus_lost,True
136,1.0800685430003796,0.007998156000212475,False,,,,focus_lost,True
137,1.0881024000000252,0.00803385699964565,False,,,,focus_lost,True
138,1.096067234000202,0.00796483400017678,False,,,,focus_lost,True
139,1.1040680630003408,0.008000829000138765,False,,,,focus_lost,True
140,1.112098246000187,0.008030182999846147,False,,,,focus_lost,True
141,1.120066486000269,0.007968240000082005,False,,,,focus_lost,True
142,1.1280692340001224,0.008002747999853455,False,,,,focus_lost,True
143,1.1361075570002868,0.008038323000164382,False,,,,focus_lost,True
144,1.1440625030004412,0.00795494600015445,False,,,,focus_lost,True
145,1.1520782910001799,0.008015787999738677,False,,,,focus_lost,True
146,1.160062382000433,0.007984091000253102,False,,,,focus_lost,True
147,1.168067369000255,0.008004986999821995,False,,,,focus_lost,True
148,1.1760660070003723,0.007998638000117353,False,,,,focus_lost,True
149,1.184067724000215,0.008001716999842756,False,,,,focus_lost,True
150,1.1920633760000783,0.007995651999863185,False,,,,focus_lost,True
151,1.200084120000156,0.008020744000077684,False,,,,focus_lost,True
152,1.20806308300007,0.007978962999914074,False,,,,focus_lost,True
153,1.2160821500001475,0.008019067000077484,False,,,,focus_lost,True
154,1.2240638910002417,0.007981741000094189,False,,,,focus_lost,True
155,1.2320688200002223,0.00800492899998062,False,,,,focus_lost,True
156,1.2400668010000118,0.007997980999789434,False,,,,focus_lost,True
157,1.248065943000256,0.00799914200024432,False,,,,focus_lost,True
158,1.2560628310002357,0.007996887999979663,False,,,,focus_lost,True
159,1.2640685300002588,0.008005699000023014,False,,,,focus_lost,True
160,1.2721025880000525,0.008034057999793731,False,,,,focus_lost,True
161,1.2800658700002714,0.007963282000218896,False,,,,focus_lost,True
162,1.2880667540002833,0.008000884000011865,False,,,,focus_lost,True
163,1.2960665580003479,0.007999804000064614,False,,,,focus_lost,True
164,1.3040668240000741,0.008000265999726253,False,,,,focus_lost,True
165,1.3120656790001703,0.007998855000096228,False,,,,focus_lost,True
166,1.3200601240000651,0.007994444999894768,False,,,,focus_lost,True
167,1.3280652480002573,0.008005124000192154,False,,,,focus_lost,True
168,1.3360673730003327,0.008002125000075466,False,,,,focus_lost,True
169,1.3440688050000063,0.008001431999673514,False,,,,focus_lost,True
170,1.3520687620002718,0.007999957000265567,False,,,,focus_lost,True
171,1.3600697290003154,0.008000967000043602,False,,,,focus_lost,True
172,1.3680684170003587,0.00799868800004333,False,,,,focus_lost,True
173,1.3760660120001376,0.007997594999778812,False,,,,focus_lost,True
174,1.3840675070000543,0.008001494999916758,False,,,,focus_lost,True
175,1.3920629270000973,0.007995420000042941,False,,,,focus_lost,True
176,1.4000673900000038,0.008004462999906536,False,,,,focus_lost,True
177,1.4080637140000363,0.007996324000032473,False,,,,focus_lost,True
178,1.416067564000059,0.008003850000022794,False,,,,focus_lost,True
179,1.4240848920003373,0.008017328000278212,False,,,,focus_lost,True
180,1.4320674900000085,0.00798259799967127,False,,,,focus_lost,True
181,1.4400681640004223,0.00800067400041371,False,,,,focus_lost,True
182,1.4480700120002439,0.00800184799982162,False,,,,focus_lost,True
183,1.456097735000185,0.008027722999941034,False,,,,focus_lost,True
184,1.4640712010000243,0.00797346599983939,False,,,,focus_lost,True
185,1.4720665810000355,0.00799538000001121,False,,,,focus_lost,True
186,1.4800629390001632,0.007996358000127657,False,,,,focus_lost,True
187,1.488063816000249,0.008000877000085893,False,,,,focus_lost,True
188,1.4960650570001235,0.008001240999874426,False,,,,focus_lost,True
189,1.504063607000262,0.007998550000138493,False,,,,focus_lost,True
190,1.5120692290001898,0.008005621999927826,False,,,,focus_lost,True
191,1.5200782450001498,0.008009015999959956,False,,,,focus_lost,True
192,1.528087231000427,0.008008986000277218,False,,,,focus_lost,True
193,1.5360694190003414,0.007982187999914458,False,,,,focus_lost,True
194,1.544068143000004,0.007998723999662616,False,,,,focus_lost,True
195,1.5520713280002383,0.008003185000234225,False,,,,focus_lost,True
196,1.5600672670002496,0.007995939000011276,False,,,,focus_lost,True
197,1.5680734510001457,0.008006183999896166,False,,,,focus_lost,True
198,1.5760733540000729,0.007999902999927144,False,,,,focus_lost,True
199,1.5840648740004326,0.007991520000359742,False,,,,focus_lost,True
200,1.5920655040004021,0.008000629999969533,False,,,,focus_lost,True
201,1.6000684050000018,0.00800290099959966,False,,,,focus_lost,True
202,1.6080657940001402,0.007997389000138355,False,,,,focus_lost,True
203,1.6160676200001944,0.00800182600005428,False,,,,focus_lost,True
204,1.624062650000269,0.007995030000074621,False,,,,focus_lost,True
205,1.63206441300008,0.008001762999811035,False,,,,focus_lost,True
206,1.640062362000208,0.007997949000127846,False,,,,focus_lost,True
207,1.64806432100022,0.008001959000011993,False,,,,focus_lost,True
208,1.6560620800000834,0.007997758999863436,False,,,,focus_lost,True
209,1.6640663530001802,0.008004273000096873,False,,,,focus_lost,True
210,1.6720669140004247,0.008000561000244488,False,,,,focus_lost,True
211,1.6800648080002247,0.007997893999799999,False,,,,focus_lost,True
212,1.6880719090004277,0.008007101000202965,False,,,,focus_lost,True
213,1.6960656190003647,0.007993709999936982,False,,,,focus_lost,True
214,1.704065575000186,0.007999955999821395,False,,,,focus_lost,True
215,1.7120696220003992,0.008004047000213177,False,,,,focus_lost,True
216,1.7200659120003365,0.00799628999993729,False,,,,focus_lost,True
217,1.7280659530001685,0.008000040999831981,False,,,,focus_lost,True
218,1.7360960380001416,0.008030084999973042,False,,,,focus_lost,True
219,1.7440703900001608,0.00797435200001928,False,,,,focus_lost,True
220,1.7520670410003731,0.007996651000212296,False,,,,focus_lost,True
221,1.7600661390001733,0.007999097999800142,False,,,,focus_lost,True
222,1.7680657910000264,0.007999651999853086,False,,,,focus_lost,True
223,1.7760684820000279,0.008002691000001505,False,,,,focus_lost,True
224,1.7840658490003989,0.007997367000371014,False,,,,focus_lost,True
225,1.7921205590000682,0.008054709999669285,False,,,,focus_lost,True
226,1.8000691360002747,0.00794857700020657,False,,,,focus_lost,True
227,1.8080648780000956,0.007995741999820893,False,,,,focus_lost,True
228,1.8160684750000655,0.008003596999969886,False,,,,focus_lost,True
229,1.8240669930000877,0.007998518000022159,False,,,,focus_lost,True
230,1.8320694130002266,0.008002420000138954,False,,,,focus_lost,True
231,1.8400667079999948,0.0079972949997682,False,,,,focus_lost,True
232,1.848074588000145,0.00800788000015018,False,,,,focus_lost,True
233,1.8560674490004203,0.007992861000275298,False,,,,focus_lost,True
234,1.8640835060000427,0.008016056999622378,False,,,,focus_lost,True
235,1.8720668240002851,0.007983318000242434,False,,,,focus_lost,True
236,1.8800707010000224,0.008003876999737258,False,,,,focus_lost,True
237,1.888084966000406,0.008014265000383602,False,,,,focus_lost,True
238,1.8960682260003523,0.007983259999946313,False,,,,focus_lost,True
239,1.9040660760001629,0.007997849999810569,False,,,,focus_lost,True
240,1.9120673870002065,0.008001311000043643,False,,,,focus_lost,True
241,1.920067069000197,0.007999681999990571,False,,,,focus_lost,True
242,1.9280676600001243,0.008000590999927226,False,,,,focus_lost,True
243,1.9360727570001472,0.008005097000022943,False,,,,focus_lost,True
244,1.9440916610001295,0.008018903999982285,False,,,,focus_lost,True
245,1.9520708940003715,0.007979233000241948,False,,,,focus_lost,True
246,1.9600648000000547,0.007993905999683193,False,,,,focus_lost,True
247,1.968074209000406,0.008009409000351297,False,,,,focus_lost,True
248,1.9760705570001846,0.007996347999778664,False,,,,focus_lost,True
249,1.984077687000081,0.008007129999896279,False,,,,focus_lost,True
250,1.9920692570003666,0.00799157000028572,False,,,,focus_lost,True
251,2.0000749380001253,0.008005680999758624,False,,,,focus_lost,True
252,2.008071814000232,0.007996876000106568,False,,,,focus_lost,True
253,2.01607459700017,0.008002782999938063,False,,,,focus_lost,True
254,2.024065690000043,0.007991092999873217,False,,,,focus_lost,True
255,2.0320683890004148,0.00800269900037165,False,,,,focus_lost,True
256,2.0400744160001523,0.008006026999737514,False,,,,focus_lost,True
257,2.0480674860000363,0.007993069999884028,False,,,,focus_lost,True
258,2.056059037000068,0.007991551000031905,False,,,,focus_lost,True
259,2.0640691880003033,0.008010151000235055,False,,,,focus_lost,True
260,2.072065916000156,0.007996727999852737,False,,,,focus_lost,True
261,2.080076492000444,0.008010576000287983,False,,,,focus_lost,True
262,2.088067947000127,0.007991454999682901,False,,,,focus_lost,True
263,2.096067261000371,0.00799931400024434,False,,,,focus_lost,True
264,2.1040641940003297,0.007996932999958517,False,,,,focus_lost,True
265,2.112069801000416,0.008005607000086457,False,,,,focus_lost,True
266,2.1200652570000784,0.007995455999662227,False,,,,focus_lost,True
267,2.1280679070000588,0.008002649999980349,False,,,,focus_lost,True
268,2.1360655460002818,0.007997639000222989,False,,,,focus_lost,True
269,2.144078097000147,0.008012550999865198,False,,,,focus_lost,True
270,2.152081377000286,0.008003280000139057,False,,,,focus_lost,True
271,2.1600712080003177,0.0079898310000317,False,,,,focus_lost,True
272,2.1681041770002594,0.008032968999941659,False,,,,focus_lost,True
273,2.176063279000118,0.00795910199985883,False,,,,focus_lost,True
274,2.18409642800043,0.008033149000311823,False,,,,focus_lost,True
275,2.1920676920003643,0.007971263999934308,False,,,,focus_lost,True
276,2.2000673960001222,0.007999703999757912,False,,,,focus_lost,True
277,2.20807611500004,0.008008718999917619,False,,,,focus_lost,True
278,2.21606685200004,0.007990737000000081,False,,,,focus_lost,True
279,2.2241273410004396,0.008060489000399684,False,,,,focus_lost,True
280,2.232068532000085,0.007941190999645187,False,,,,focus_lost,True
281,2.2401079140004185,0.008039382000333717,False,,,,focus_lost,True
282,2.2480924220003544,0.007984507999935886,False,,,,focus_lost,True
283,2.256066581000141,0.007974158999786596,False,,,,focus_lost,True
284,2.2640661450000152,0.007999563999874226,False,,,,focus_lost,True
285,2.2720709440000064,0.00800479899999118,False,,,,focus_lost,True
286,2.2800667210003667,0.007995777000360249,False,,,,focus_lost,True
287,2.288114257000416,0.00804753600004915,False,,,,focus_lost,True
288,2.2960678950003057,0.007953637999889906,False,,,,focus_lost,True
289,2.3040739970001596,0.008006101999853854,False,,,,focus_lost,True
290,2.312067484000181,0.00799348700002156,False,,,,focus_lost,True
291,2.320118038000146,0.008050553999964905,False,,,,focus_lost,True
292,2.328067062000173,0.007949024000026839,False,,,,focus_lost,True
293,2.336071505000291,0.008004443000118044,False,,,,focus_lost,True
294,2.34407275500007,0.008001249999779247,False,,,,focus_lost,True
295,2.35210504700035,0.008032292000279995,False,,,,focus_lost,True
296,2.3600715390002733,0.007966491999923164,False,,,,focus_lost,True
297,2.3680973690002247,0.008025829999951384,False,,,,focus_lost,True
298,2.376072058000318,0.007974689000093349,False,,,,focus_lost,True
299,2.384066382000128,0.007994323999810149,False,,,,focus_lost,True
300,2.3920725860002676,0.008006204000139405,False,,,,focus_lost,True
301,2.4000646760000564,0.007992089999788732,False,,,,focus_lost,True
302,2.408070876000238,0.008006200000181707,True,0.0,0.008428250397338745,0.0010000000000016252,,True
303,2.4160715300004085,0.00800065400017047,True,0.0,0.018236798708535406,0.001999999999999895,,True
304,2.4240651820000494,0.00799365199964086,True,0.0,0.008428250397338745,0.0010000000000016252,,True
305,2.432069889000104,0.008004707000054623,True,0.0,0.008491294125885352,0.0014142161596967073,,True
306,2.4400667550003163,0.007996866000212322,True,0.0,0.007862798043143217,0.0014142161597020361,,True
307,2.4480657620001693,0.007999006999853009,True,0.0,0.02393791577225316,0.002236064692027199,,True
308,2.4561522300000433,0.008086467999874003,True,0.0,0.015370914016838528,0.0009999999999991626,,True
309,2.4640675500004363,0.007915320000392967,True,0.0,0.007129669994280153,0.0009999999999959041,,True
310,2.472076140000354,0.008008589999917604,True,0.0,0.0051566024588850885,0.001414216159670052,,True
311,2.4800687340002696,0.007992593999915698,True,0.0,0.006218559926536178,0.001414216159705275,,True
312,2.488067121000313,0.007998387000043294,True,0.0,0.008428250397338745,3.52712763611876e-05,,True
313,2.496071707000283,0.008004585999970004,True,0.0,0.013137576938601465,0.00201971499017606,,True
314,2.5040699110004425,0.007998204000159603,True,0.0,0.015520719650816217,0.001414210964989587,,True
315,2.512070722000317,0.008000810999874375,True,0.0,0.03155250081085234,0.0021517665827931348,,True
316,2.5200659180000002,0.007995195999683347,True,0.0,0.00461707546728734,0.0014142161597023174,,True
317,2.5280670510001073,0.008001133000107075,True,0.0,0.002556512182578402,0.0014142161597181745,,True
318,2.5360680820003836,0.00800103100027627,True,0.0,0.015520719650816217,0.001414210964989587,,True
319,2.5440724100003536,0.008004327999969973,True,0.0,0.008428250397338745,0.0010000000000016252,,True
320,2.5520669770003224,0.00799456699996881,True,0.0,0.021942354020655946,0.0014142109649834867,,True
321,2.5600663140003235,0.007999337000001105,True,0.0,0.007129669994280153,0.0009999999999959041,,True
322,2.5681644940000297,0.00809817999970619,True,0.0,0.0,3.598482992747221e-15,,True
323,2.576075010000295,0.007910516000265488,True,0.0,0.024460350155258544,0.0014012419501838304,,True
324,2.5840686730002744,0.007993662999979279,True,0.0,0.006218559926536178,0.001414216159705275,,True
325,2.5920689150002545,0.008000241999980062,True,0.0,0.008428250397338745,0.0010000000000016252,,True
326,2.600090439000269,0.008021524000014324,True,0.0,0.008491294125885352,0.0014142161596967073,,True
327,2.6080719680003313,0.007981529000062437,True,0.0,0.008428250397338745,0.0010000000000016252,,True
328,2.6160657190002894,0.007993750999958138,True,0.0,0.013527507444487982,0.0009999999999692106,,True
329,2.624067488000037,0.008001768999747583,True,0.0,0.0,3.598482992747221e-15,,True
330,2.6320603850003863,0.00799289700034933,True,0.0,0.008428250397338745,0.0019996889600832355,,True
331,2.6401239820002047,0.008063596999818401,True,0.0,0.00461707546728734,0.0022270535051486964,,True
332,2.648066948000178,0.00794296599997324,True,0.0,0.00750491578354417,8.191210994404957e-15,,True
333,2.656073755000307,0.008006807000128902,True,0.0,0.008428250397338745,0.0010000000000016252,,True
334,2.664068518000022,0.007994762999715022,True,0.0,0.005060684316973802,0.0005773952235912949,,True
335,2.6721505980003712,0.008082080000349379,True,0.0,0.007622036516386847,0.0010000000000060581,,True
336,2.6800741140000355,0.007923515999664232,True,0.0,0.008428250397338745,3.52712763611876e-05,,True
337,2.688069813000311,0.007995699000275636,True,0.0,0.02393791577225316,0.002236064692027199,,True
338,2.6960721899999953,0.008002376999684202,True,0.0,0.0016859812571757638,0.001000629487496523,,True
339,2.704067512000165,0.007995322000169836,True,0.0,0.01685650079359628,0.0019999999999872615,,True
340,2.712066649999997,0.007999137999831873,True,0.0,0.02393791577225316,0.002236064692027199,,True
341,2.7200660580001568,0.007999408000159747,True,0.0,0.02393791577225316,0.002236064692027199,,True
342,2.7280686450003486,0.008002587000191852,True,0.0,0.01685650079359628,0.0019999999999872615,,True
343,2.736079553000309,0.008010907999960182,True,0.0,0.02413496830453689,0.0020000000000045663,,True
344,2.744067912000446,0.00798835900013728,True,0.0,0.01685650079359628,0.0019999999999872615,,True
345,2.7520816380001634,0.00801372599971728,True,0.0,0.0011833665691179133,0.0009999999999921116,,True
346,2.7600686210003005,0.007986983000137116,True,0.0,0.02393791577225316,0.002236064692027199,,True
347,2.76807598600044,0.008007365000139544,True,0.0,0.008428250397338745,0.0010000000000016252,,True
348,2.776068984000176,0.007992997999735962,True,0.0,0.008428250397338745,0.0010000000000016252,,True
349,2.7840642620003564,0.007995278000180406,True,0.0,0.008428250397338745,0.0010000000000016252,,True
350,2.7920694210001784,0.008005158999822015,True,0.0,0.008428250397338745,0.0010000000000016252,,True
351,2.8000661550004224,0.007996734000244032,True,0.0,0.008428250397338745,0.0010000000000016252,,True
352,2.8080638990004445,0.007997744000022067,True,0.0,0.01685650079359628,0.0019999999999872615,,True
353,2.8160655380002027,0.008001638999758143,True,0.0,0.008428250397338745,0.0019996889600832355,,True
354,2.8240594190001502,0.007993880999947578,True,0.0,0.007062118538131489,0.0027615905718873165,,True
355,2.832068444000015,0.008009024999864778,True,0.0,0.008428250397338745,0.0010000000000016252,,True
356,2.840076818000398,0.0080083740003829,True,0.0,0.00790733533084837,0.0009999999999867372,,True
357,2.848131707000448,0.008054889000050025,True,0.0,0.01000798264671451,0.002071992807420763,,True
358,2.856058229000155,0.007926521999706893,True,0.0,0.02393791577225316,0.002236064692027199,,True
359,2.864066575000379,0.008008346000224265,True,0.0,0.008428250397338745,0.0010000000000016252,,True
360,2.872068589000264,0.008002013999885094,True,0.0,0.015520719650816217,0.001414210964989587,,True
361,2.88006963800035,0.008001049000085914,True,0.0,0.0016859812571757638,0.001414216159702865,,True
362,2.888128338000115,0.00805869999976494,True,0.0,0.009118399354695647,0.0009999999999991626,,True
363,2.896070494000014,0.007942155999899114,True,0.0,0.006431538297014566,0.0009999999999835993,,True
364,2.904067839000163,0.007997345000148925,True,0.0,0.0,3.598482992747221e-15,,True
365,2.9120703739999954,0.008002534999832278,True,0.0,0.01685650079359628,0.0010012432900413373,,True
366,2.9200665180001124,0.007996144000117056,True,0.0,0.01685650079359628,0.0019999999999872615,,True
367,2.928066938000029,0.00800041999991663,True,0.0,0.01685650079359628,0.0019999999999872615,,True
368,2.9360646730001463,0.007997735000117245,True,0.0,0.008428250397338745,0.0010000000000016252,,True
369,2.9440634440002214,0.007998771000075067,True,0.0,0.01685650079359628,0.0019999999999872615,,True
370,2.952081668000119,0.0080182239998976,True,0.0,0.015520719650816217,0.001414210964989587,,True
371,2.96006812800033,0.007986460000211082,True,0.0,0.01685650079359628,0.0019999999999872615,,True
372,2.968068979000236,0.008000850999906106,True,0.0,0.01685650079359628,0.0019999999999872615,,True
373,2.976064506000057,0.007995526999820868,True,0.0,0.008428250397338745,0.0010000000000016252,,True
374,2.98406384000009,0.007999334000032832,True,0.0,0.006218559926536178,0.001414216159705275,,True
375,2.992073363000145,0.008009523000055196,True,0.0,0.01685650079359628,0.0019999999999872615,,True
376,3.000066464000156,0.007993101000010938,True,0.0,0.015567409831502104,0.0021692457675903795,,True
377,3.008067726000263,0.00800126200010709,True,0.0,0.009844996777368673,0.0022360712628752815,,True
378,3.0160709280003175,0.008003202000054443,True,0.0,0.02393791577225316,0.002236064692027199,,True
379,3.024069810000128,0.007998881999810692,True,0.0,0.007129669994280153,0.001414216159723076,,True
380,3.0320690190001187,0.007999208999990515,True,0.0,0.008428250397338745,0.0010000000000016252,,True
381,3.0400659820002147,0.007996963000096002,True,0.0,0.017398899120171413,0.0020816738331032925,,True
382,3.0480691460002163,0.008003164000001561,True,0.0,0.015520719650816217,0.001414210964989587,,True
383,3.0560643040003015,0.007995158000085212,True,0.0,0.008491294125885352,0.0014142161596967073,,True
384,3.0640679030002502,0.008003598999948736,True,0.0,0.008428250397338745,0.0010000000000016252,,True
385,3.0720638280004096,0.007995925000159332,True,0.0,0.006218559926536178,0.001414216159705275,,True
386,3.0800597880001988,0.007995959999789193,True,0.0,0.01685650079359628,0.0019999999999872615,,True
387,3.0880716000001485,0.008011811999949714,True,0.0,0.015567409831502104,0.0019148406606700123,,True
388,3.0960684550000224,0.007996854999873904,True,0.0,0.015520719650816217,0.0010006141886679564,,True
389,3.1040649360002135,0.007996481000191125,True,0.0,0.011673251886394457,0.00223607126287463,,True
390,3.1120651280002676,0.008000192000054085,True,0.0,0.005060686673985782,0.0005773952235907254,,True
391,3.1200643400002264,0.007999211999958789,True,0.0,0.01685650079359628,0.0019999999999872615,,True
392,3.1281230190002134,0.008058678999987023,True,0.0,0.006431538297014566,2.1606732513276864e-14,,True
393,3.1360677790003137,0.00794476000010036,True,0.0,0.009844996777368673,0.0022360712628752815,,True
394,3.1440694430002623,0.008001663999948505,True,0.0,0.0,3.598482992747221e-15,,True
395,3.1520737770001688,0.008004333999906521,True,0.0,0.016422261701961937,0.001414210965020614,,True
396,3.160066628000095,0.007992850999926304,True,0.0,0.0016859812571757638,0.001414216159702865,,True
397,3.1680810900002143,0.008014462000119238,True,0.0,0.00461707546728734,0.0010199251825027866,,True
398,3.176067819000309,0.007986729000094783,True,0.0,0.006218559926536178,0.001414216159705275,,True
399,3.184066107000035,0.007998287999726017,True,0.0,0.008428250397338745,0.0019996889600832355,,True
400,3.1920621940003002,0.007996087000265106,True,0.0,0.013527507444487982,0.0009999999999692106,,True
401,3.2000675250001223,0.008005330999822036,True,0.0,0.01685650079359628,0.0019999999999872615,,True
402,3.2080666280003243,0.007999103000202012,True,0.0,0.01685650079359628,0.0019999999999872615,,True
403,3.216100559000097,0.008033930999772565,True,0.0,0.016422261701961937,0.001414210965020614,,True
404,3.2240623880002204,0.007961829000123544,True,0.0,0.008428250397338745,0.0010000000000016252,,True
405,3.2320667500002855,0.008004362000065157,True,0.0,0.00750491578354417,8.191210994404957e-15,,True
406,3.2400635860003604,0.007996836000074836,True,0.0,0.007129669993902997,0.0009999999999704043,,True
407,3.2480687900001612,0.00800520399980087,True,0.0,0.006431538297014566,2.1606732513276864e-14,,True
408,3.2560636970001724,0.007994907000011153,True,0.0,0.008428250397338745,3.52712763611876e-05,,True
409,3.2640979430002517,0.008034246000079293,True,0.0,0.015567409831502104,0.0019148406606700123,,True
410,3.2720688930003234,0.007970950000071753,True,0.0,0.02393791577225316,0.002236064692027199,,True
411,3.280068322000261,0.007999428999937663,True,0.0,0.02393791577225316,0.0031618832613379707,,True
412,3.288081037000211,0.008012714999949822,True,0.0,0.00750491578354417,8.191210994404957e-15,,True
413,3.2960700130001896,0.00798897599997872,True,0.0,0.0011833665691179133,0.0009999999999921116,,True
414,3.3040667510003914,0.00799673800020173,True,0.0,0.008428250397338745,0.0010000000000016252,,True
415,3.312070249000044,0.008003497999652609,True,0.0,0.010424994602329539,0.0020000000000126774,,True
416,3.320064504000129,0.007994255000085104,True,0.0,0.014576067866843333,0.0010000000000076105,,True
417,3.328067820000342,0.00800331600021309,True,0.0,0.0016859812571757638,0.001414216159702865,,True
418,3.336067854000248,0.008000033999906009,True,0.0,0.0,3.598482992747221e-15,,True
419,3.344071312000324,0.008003458000075625,True,0.0,0.006431538297014566,0.0009999999999835993,,True
420,3.352076586000294,0.008005273999970086,True,0.0,0.009118399354695647,0.0009999999999991626,,True
421,3.3600641689999975,0.00798758299970359,True,0.0,0.008428250397338745,0.0010000000000016252,,True
422,3.3680682770000203,0.008004108000022825,True,0.0,0.00911307931892137,0.0014142109650103808,,True
423,3.376075334000234,0.008007057000213536,True,0.0,0.022526017807569024,0.001414210965020614,,True
424,3.3840668630000437,0.007991528999809816,True,0.0,0.0016859812571757638,0.001414216159702865,,True
425,3.392110342000251,0.008043479000207299,True,0.0,0.01685650079359628,0.0019999999999872615,,True
426,3.4000674540002365,0.0079571119999855,True,0.0,0.024460350155258544,0.0022360646920516706,,True
427,3.408076390000133,0.008008935999896494,True,0.0,0.008428250397338745,0.0010000000000016252,,True
428,3.4160700030001863,0.007993613000053301,True,0.0,0.013438758272692702,0.0019148406606282744,,True
429,3.4240645830000176,0.00799457999983133,True,0.0,0.008428250397338745,3.52712763611876e-05,,True
430,3.4320672370004104,0.008002654000392795,True,0.0,0.008428250397338745,0.0010000000000016252,,True
431,3.4400691790001474,0.008001941999737028,True,0.0,0.011832107830334018,0.002236909345686021,,True
432,3.4480653890000212,0.007996209999873827,True,0.0,0.007129669994280153,0.0009999999999959041,,True
433,3.456080617000225,0.008015228000203933,True,0.0,0.023407608701576644,0.0027756726951447424,,True
434,3.464063993000309,0.007983376000083808,True,0.0,0.00790733533084837,0.0009999999999867372,,True
435,3.4720771820002483,0.008013188999939302,True,0.0,0.008428250397338745,0.0010000000000016252,,True
436,3.480066303000058,0.00798912099980953,True,0.0,0.0016859812571757638,0.001414216159702865,,True
437,3.4880642330003866,0.007997930000328779,True,0.0,0.008428250397338745,0.0010000000000016252,,True
438,3.496070107000378,0.008005873999991309,True,0.0,0.01685650079359628,0.0019999999999872615,,True
439,3.504069343000083,0.007999235999704979,True,0.0,0.008428250397338745,0.0010000000000016252,,True
440,3.51207000300019,0.008000660000107018,True,0.0,0.008428250397338745,0.0010000000000016252,,True
441,3.520073113000308,0.008003110000117886,True,0.0,0.0,3.598482992747221e-15,,True
442,3.528070458000002,0.007997344999694178,True,0.0,0.008428250397338745,0.0010000000000016252,,True
443,3.5360728960004053,0.008002438000403345,True,0.0,0.024460350155258544,0.0022360646920516706,,True
444,3.5440759010002694,0.00800300499986406,True,0.0,0.0016859812571757638,0.001414216159702865,,True
445,3.5520683150002696,0.00799241400000028,True,0.0,0.007862798043143217,0.0014142161597020361,,True
446,3.5600674170000275,0.00799910199975784,True,0.0,0.008428250397338745,0.0010000000000016252,,True
447,3.5680665600002612,0.007999143000233744,True,0.0,0.007129669994280153,0.0009999999999959041,,True
448,3.5760713640001995,0.008004803999938304,True,0.0,0.0016859812571757638,0.0022357896415962065,,True
449,3.584070263000285,0.007998899000085657,True,0.0,0.01287894332247859,0.00099999999999787,,True
450,3.592069754000022,0.007999490999736736,True,0.0,0.016422261701961937,0.001414210965020614,,True
451,3.600065829000414,0.007996075000392011,True,0.0,0.008428250397185671,0.0010000000000090336,,True
452,3.608066969000447,0.008001140000033047,True,0.0,0.01685650079359628,0.0019999999999872615,,True
453,3.6160658030003106,0.007998833999863564,True,0.0,0.011332597931289932,0.0014142109650094711,,True
454,3.624069533000238,0.0080037299999276,True,0.0,0.010909688256570021,0.0009999999999886875,,True
455,3.6320687610000277,0.007999227999789582,True,0.0,0.007129669993902997,0.0009999999999704043,,True
456,3.6400677480000923,0.007998987000064517,True,0.0,0.021942354020655946,0.002235789916868556,,True
457,3.6480665170001885,0.007998769000096217,True,0.0,0.007129669993902997,0.0009999999999704043,,True
458,3.6561253780000698,0.00805886099988129,True,0.0,0.0,3.598482992747221e-15,,True
459,3.6640687770000113,0.007943398999941564,True,0.0,0.016422261701961937,0.001414210965020614,,True
460,3.672078397000405,0.008009620000393625,True,0.0,0.03155250081085234,0.0027688634249929435,,True
461,3.6801163070003895,0.00803790999998455,True,0.0,0.014859777511052481,0.0009999999999965546,,True
462,3.688066956000057,0.007950648999667465,True,0.0,0.006431538297014566,2.1606732513276864e-14,,True
463,3.6960686660004285,0.008001710000371531,True,0.0,0.006431538297014566,2.1606732513276864e-14,,True
464,3.704067113000292,0.007998446999863518,True,0.0,0.0016859812571757638,0.001414216159702865,,True
465,3.712067885000124,0.008000771999832068,True,0.0,0.009844996777368673,0.0022360712628752815,,True
466,3.720082640000328,0.008014755000203877,True,0.0,0.007129669994280153,0.0009999999999959041,,True
467,3.7280732380004338,0.00799059800010582,True,0.0,0.00790733533084837,0.0009999999999867372,,True
468,3.7360669380000218,0.007993699999587989,True,0.0,0.00461707546728734,0.0014142161597023174,,True
469,3.7440632630000437,0.007996325000021898,True,0.0,0.010024710060349436,0.001414216159705275,,True
470,3.7520695110001725,0.008006248000128835,True,0.0,0.0016859812571757638,0.001414216159702865,,True
471,3.7600662280001416,0.007996716999969067,True,0.0,0.003644553976107442,0.001154727194007333,,True
472,3.7680844340002295,0.008018206000087957,True,0.0,0.008428250397338745,0.0010000000000016252,,True
473,3.7760663730000488,0.00798193899981925,True,0.0,0.014222127711754119,0.0014142161596793186,,True
474,3.7840586850002182,0.007992312000169477,True,0.0,0.0016859812571757638,0.001414216159702865,,True
475,3.7920661140001357,0.008007428999917465,True,0.0,0.0,3.598482992747221e-15,,True
476,3.8000672680000207,0.008001153999884991,True,0.0,0.008428250397338745,0.0010000000000016252,,True
477,3.80807304200016,0.008005774000139354,True,0.0,0.007129669994280153,0.0009999999999959041,,True
478,3.816065300000446,0.007992258000285801,True,0.0,0.006532456255561917,0.0009999999999944912,,True
479,3.8241196080002737,0.00805430799982787,True,0.0,0.008428250397338745,0.0010000000000016252,,True
480,3.8320654580002156,0.007945849999941856,True,0.0,0.007129669993902997,0.0009999999999704043,,True
481,3.8400676860001113,0.008002227999895695,True,0.0,0.009650371960041466,0.0011547188384371247,,True
482,3.8480675340001653,0.007999848000054044,True,0.0,0.00750491578354417,0.0009999999999893631,,True
483,3.856067264000103,0.0079997299999377,True,0.0,0.016422261701961937,0.001414210965020614,,True
484,3.8641108480001094,0.008043584000006376,True,0.0,0.015520719650816217,0.0031618855847778417,,True
485,3.8720637790002,0.007952931000090757,True,0.0,0.007129669994280153,0.0009999999999959041,,True
486,3.880107875000249,0.00804409600004874,True,0.0,0.012761542299346156,0.0014142109650083395,,True
487,3.8880750300004365,0.007967155000187631,True,0.0,0.009844996777368673,0.0022360712628752815,,True
488,3.896070112000416,0.007995081999979448,True,0.0,0.007129669994280153,0.0009999999999959041,,True
489,3.904069826000068,0.007999713999652158,True,0.0,0.014859777511052481,0.0009999999999965546,,True
490,3.9120974860002207,0.008027660000152537,True,0.0,0.006799382318630995,0.0014142161596920552,,True
491,3.920079643000008,0.007982156999787549,True,0.0,0.006431538297014566,2.1606732513276864e-14,,True
492,3.9280680470001244,0.007988404000116134,True,0.0,0.002531822352416607,0.0005773952235884242,,True
493,3.936122350000005,0.008054302999880747,True,0.0,0.01807822897336714,0.0014142109650261152,,True
494,3.944063952000306,0.007941602000300918,True,0.0,0.007129669993902997,0.0009999999999704043,,True
495,3.95212910500004,0.008065152999733982,True,0.0,0.007577368038722821,0.002768874037889932,,True
496,3.9600668610000866,0.007937756000046647,True,0.0,0.016422261701961937,0.001414210965020614,,True
497,3.968065755000225,0.007998894000138534,True,0.0,0.0011833665691179133,0.0014142109650212402,,True
498,3.976067525000417,0.008001770000191755,True,0.0,0.0011833665691179133,0.0009999999999921116,,True
499,3.9841375540004265,0.008070029000009526,True,0.0,0.0062187066129143105,0.002227053505162027,,True
500,3.9920730730000287,0.007935518999602209,True,0.0,0.003212978931448209,0.0022360712628632473,,True
501,4.000059634000081,0.007986561000052461,True,0.0,0.007129669993902997,0.0009999999999704043,,True
502,4.008081615000265,0.008021981000183587,True,0.0,0.009118399354657808,0.0010000000000059206,,True
503,4.01607586900036,0.00799425400009568,True,0.0,0.009118399354657808,0.0010000000000059206,,True
504,4.024066051000318,0.007990181999957713,True,0.0,0.008428250397338745,0.0010000000000016252,,True
505,4.032072560000415,0.00800650900009714,True,0.0,0.008428250397338745,0.0010000000000016252,,True
506,4.040065653000056,0.007993092999640794,True,0.0,0.008428250397338745,0.0010000000000016252,,True
507,4.048067825000089,0.00800217200003317,True,0.0,0.01823679870856417,0.0022534397953710944,,True
508,4.056063941000048,0.00799611599995842,True,0.0,0.0062187066129143105,0.001414216159720446,,True
509,4.064070543000071,0.008006602000023122,True,0.0,0.005060684316973802,0.0005773952235912949,,True
510,4.072076260000358,0.008005717000287405,True,0.0,0.015520726330331398,0.0014142109650218965,,True
511,4.080069815000115,0.00799355499975718,True,0.0,0.0019967965003093112,0.0009999999999835824,,True
512,4.088148464000369,0.00807864900025379,True,0.0,0.027731397133322944,0.0031622741754268216,,True
513,4.096068386000297,0.007919921999928192,True,0.0,0.0062187066129143105,0.001414216159720446,,True
514,4.104076136000003,0.008007749999705993,True,0.0,0.012418099029082655,0.0022360646920480095,,True
515,4.112073703000078,0.007997567000074923,True,0.0,0.00911307931892137,0.0014142109650103808,,True
516,4.12007117200028,0.007997469000201818,True,0.0,0.013926120242705831,0.004122655012248402,,True
517,4.128074233000007,0.008003060999726586,True,0.0,0.008428250397185671,0.0010000000000090336,,True
518,4.136144790000344,0.00807055700033743,True,0.0,0.025831876368154986,0.0022360646920789877,,True
519,4.144072423000125,0.007927632999781054,True,0.0,0.008428250397185671,0.0010000000000090336,,True
520,4.1520596480004315,0.007987225000306353,True,0.0,0.0069828399795541125,0.002236071262884592,,True
521,4.16010260100029,0.008042952999858244,True,0.0,0.0035011674899148503,0.0022360712628589656,,True
522,4.168067191000318,0.007964590000028693,True,0.0,0.008428250397185671,0.0019996889600879236,,True
523,4.1760669100003724,0.007999719000054029,True,0.0,0.010424995054693577,0.0010012432900393343,,True
524,4.184060486000362,0.007993575999989844,True,0.0,0.025831876368154986,0.0022360646920789877,,True
525,4.192067507000047,0.008007020999684755,True,0.0,0.015520726330331398,0.0022357896416019896,,True
526,4.200132443000257,0.008064936000209855,True,0.0,0.010424995054693577,0.001999999999989104,,True
527,4.208062520000112,0.007930076999855373,True,0.0,0.0035011674899148503,0.0014151003264693365,,True
528,4.216117945000406,0.008055425000293326,True,0.0,0.010008208180839586,0.001154727194012387,,True
529,4.224063756000305,0.00794581099989955,True,0.0,0.0069828399795541125,0.00315571387886804,,True
530,4.232130385000346,0.008066629000040848,True,0.0,0.012455122223122204,0.002828432319362389,,True
531,4.240063613000075,0.007933227999728842,True,0.0,0.010424995054693577,0.001999999999989104,,True
532,4.2480631640000865,0.007999551000011706,True,0.0,0.01982754483660722,0.0022369085201959125,,True
533,4.25610430200004,0.008041137999953207,True,0.0,0.010008208180839586,0.001154727194012387,,True
534,4.264074201000312,0.007969899000272562,True,0.0,0.024460207869079306,0.0022360646920498634,,True
535,4.272064215000228,0.00799001399991539,True,0.0,0.0035011674899148503,0.0022360712628589656,,True
536,4.280104507000033,0.00804029199980505,True,0.0,0.009844932317427465,0.002236071262858661,,True
537,4.288066815000093,0.007962308000060148,True,0.0,0.010008208180839586,0.001154727194012387,,True
538,4.296069734000412,0.008002919000318798,True,0.0,0.02728148851626534,0.003999999999987367,,True
539,4.304075883000223,0.008006148999811558,True,0.0,0.02925847186816216,0.004123109189089782,,True
540,4.312068252000245,0.007992369000021426,True,0.0,0.03501741961208888,0.004000000000015627,,True
541,4.32006676400033,0.007998512000085611,True,0.0,0.02024364157845975,0.0031630697939533585,,True
542,4.328067010000268,0.00800024599993776,True,0.0,0.02987118463477238,0.004123864851703461,,True
543,4.336063807000301,0.00799679700003253,True,0.0,0.02754386888928868,0.005036609034345495,,True
544,4.344064246000016,0.008000438999715698,True,0.0,0.02728148851626534,0.003999999999987367,,True
545,4.352109030000065,0.008044784000048821,True,0.0,0.02528475118912318,0.0030000000000055867,,True
546,4.360139274000176,0.008030244000110542,True,0.0,0.02528475118912318,0.0030000000000055867,,True
547,4.368061081000178,0.007921807000002445,True,0.0,0.03635358945216657,0.0050990159116590566,,True
548,4.376071217000117,0.008010135999938939,True,0.0,0.02024364157845975,0.004123109189080747,,True
549,4.384067768000023,0.007996550999905594,True,0.0,0.032360897998179844,0.003162274175433787,,True
550,4.392075854000268,0.008008086000245385,True,0.0,0.032360897998179844,0.003162274175433787,,True
551,4.400066535000406,0.007990681000137556,True,0.0,0.025933708096013173,0.0031622741754024773,,True
552,4.408066273000259,0.007999737999853096,True,0.0,0.02728148851626534,0.003999999999987367,,True
553,4.416065444000196,0.007999170999937633,True,0.0,0.02794862365523202,0.004041463081291629,,True
554,4.424139085000206,0.008073641000009957,True,0.0,0.027526152907123347,0.0041231091891062565,,True
555,4.432066528000178,0.00792744299997139,True,0.0,0.032360897998179844,0.003162274175433787,,True
556,4.440063903000009,0.007997374999831663,True,0.0,0.019389281975727823,0.0031622811448418944,,True
557,4.448134847000347,0.008070944000337477,True,0.0,0.02528475118912318,0.0030000000000055867,,True
558,4.4560648340002444,0.007929986999897665,True,0.0,0.03697365943968922,0.00499999999999614,,True
559,4.464108540000325,0.00804370600008042,True,0.0,0.022399618736736574,0.0030550636964371716,,True
560,4.4720620650000455,0.007953524999720685,True,0.0,0.019389281975727823,0.0031622811448418944,,True
561,4.480064770000354,0.008002705000308197,True,0.0,0.032360897998179844,0.0022368962089507013,,True
562,4.488063990000228,0.007999219999874185,True,0.0,0.02129198637539904,0.004123109189091168,,True
563,4.496070254000188,0.008006263999959629,True,0.0,0.025990194625637234,0.0030550636964268066,,True
564,4.504072873000041,0.00800261899985344,True,0.0,0.03635358945216657,0.0050990159116590566,,True
565,4.512071983000169,0.007999110000127985,True,0.0,0.03371300158230428,0.004000000000005847,,True
566,4.520075027000075,0.008003043999906367,True,0.0,0.02129198637539904,0.004123109189091168,,True
567,4.528064573000393,0.007989546000317205,True,0.0,0.04078604835985814,0.0041231020620395445,,True
568,4.536072126000363,0.008007552999970358,True,0.0,0.032360897998179844,0.003162274175433787,,True
569,4.5440652520001095,0.007993125999746553,True,0.0,0.02728148851626534,0.003999999999987367,,True
570,4.552067010000428,0.00800175800031866,True,0.0,0.015074347683332911,0.004434707987220324,,True
571,4.560075966000113,0.008008955999684986,True,0.0,0.02528475118912318,0.0030000000000055867,,True
572,4.568068205000145,0.007992239000031987,True,0.0,0.02024364157845975,0.004123109189080747,,True
573,4.576069693000136,0.008001487999990786,True,0.0,0.02528475118912318,0.0020009328296622434,,True
574,4.584068643000137,0.00799895000000106,True,0.0,0.01825030779712718,0.0031622811448272586,,True
575,4.5920817420001185,0.008013098999981594,True,0.0,0.032360897998179844,0.003162274175433787,,True
576,4.600064333000319,0.007982591000200046,True,0.0,0.032360897998179844,0.003162274175433787,,True
577,4.608063191000383,0.007998858000064502,True,0.0,0.03501741961208888,0.004000000000015627,,True
578,4.616067090000342,0.008003898999959347,True,0.0,0.022237595603132185,0.006082253870684341,,True
579,4.624101655000231,0.008034564999888971,True,0.0,0.03509397962041033,0.005099023115408791,,True
580,4.632067688999996,0.007966033999764477,True,0.0,0.02528475118912318,0.0030000000000055867,,True
581,4.6400672210002085,0.007999532000212639,True,0.0,0.032360897998179844,0.003162274175433787,,True
582,4.648069279000083,0.008002057999874523,True,0.0,0.02794862365523202,0.004041463081291629,,True
583,4.656144534000305,0.00807525500022166,True,0.0,0.016863694997359426,0.005354123642167362,,True
584,4.664111786000376,0.007967252000071312,True,0.0,0.01825030779712718,0.0031622811448272586,,True
585,4.672063906000403,0.007952120000027207,True,0.0,0.03635358945216657,0.0050990159116590566,,True
586,4.680074859000342,0.008010952999939036,True,0.0,0.021727357940669472,0.00412310918907332,,True
587,4.688065055000152,0.007990195999809657,True,0.0,0.01825030779712718,0.0031622811448272586,,True
588,4.696064017000026,0.007998961999874155,True,0.0,0.02927823415517377,0.005000000000003325,,True
589,4.704081214000325,0.008017197000299348,True,0.0,0.02528475118912318,0.0030000000000055867,,True
590,4.712066597000103,0.007985382999777357,True,0.0,0.032360897998179844,0.0022368962089507013,,True
591,4.720075552000253,0.008008955000150308,True,0.0,0.02528475118912318,0.0030000000000055867,,True
592,4.728068011000232,0.007992458999979135,True,0.0,0.02129198637539904,0.004123109189091168,,True
593,4.736068907000117,0.00800089599988496,True,0.0,0.02129198637539904,0.0031692275311421864,,True
594,4.7440770570001405,0.008008150000023306,True,0.0,0.013417081566874043,0.0031622811448140343,,True
595,4.752067058000193,0.007990001000052871,True,0.0,0.02927823415517377,0.005000000000003325,,True
596,4.760062799000025,0.007995740999831469,True,0.0,0.02129198637539904,0.004123109189091168,,True
597,4.768066589000227,0.00800379000020257,True,0.0,0.02528475118912318,0.0030000000000055867,,True
598,4.776108711000234,0.008042122000006202,True,0.0,0.02794862365523202,0.004041463081291629,,True
599,4.7840685510000185,0.00795983999978489,True,0.0,0.022237595603132185,0.0050990231153998245,,True
600,4.792063899000368,0.007995348000349622,True,0.0,0.03435721697304085,0.004123102062025026,,True
601,4.800071735000074,0.008007835999706003,True,0.0,0.029912134593634048,0.0050332329059748285,,True
602,4.808135058000062,0.008063322999987577,True,0.0,0.04278259687263515,0.005099015911638291,,True
603,4.816066561000298,0.007931503000236262,True,0.0,0.02927823415517377,0.005000000000003325,,True
604,4.824075249000089,0.008008687999790709,True,0.0,0.02024364157845975,0.004123109189080747,,True
605,4.8320683450001525,0.007993096000063815,True,5.421010862427522e-20,0.04563052111134323,0.005354109921132503,,True
606,4.84016766700006,0.00809932199990726,True,0.0,0.03942779156351793,0.003162274175433787,,True
607,4.848063187000207,0.007895520000147371,True,0.0,0.04242040717194581,0.003999999999987367,,True
608,4.856066813000325,0.008003626000117947,True,0.0,0.05951065044981061,0.005099015911647784,,True
609,4.8640986780001185,0.00803186499979347,True,0.0,0.07489152282941512,0.0050990159116590566,,True
610,4.872064064000369,0.007965386000250874,True,0.0,0.08945980847319723,0.004123102062025026,,True
611,4.880069717000424,0.008005653000054735,True,0.0,0.10595544740556592,0.003105931789300118,,True
612,4.888063379000414,0.007993661999989854,True,0.0,0.12689079708407253,0.005662188367605103,,True
613,4.896071867000046,0.008008487999632052,True,0.0,0.15136405786650112,0.007417477578673365,,True
614,4.904067173000385,0.007995306000339042,True,0.0,0.18309388846854024,0.010038852292579309,,True
615,4.91211144800036,0.008044274999974732,True,0.0,0.2125418453677289,0.014353456771284067,,True
616,4.920067963000292,0.007956514999932551,True,0.0,0.23779264280346027,0.020145663013154277,,True
617,4.928103741000086,0.008035777999793936,True,0.0,0.2768777658344883,0.026150186296777105,,True
618,4.936072337000041,0.007968595999955141,True,0.0,0.31467425245911784,0.033798175613113955,,True
619,4.94411725000009,0.008044913000048837,True,0.0,0.3492224851492307,0.04308454245773644,,True
620,4.9520678130002125,0.007950563000122202,True,0.0,0.39589143530172444,0.05195403085711866,,True
621,4.960125119000168,0.008057305999955133,True,0.0,0.42529037012064375,0.062439394140048884,,True
622,4.968067751000035,0.007942631999867444,True,0.0,0.47700082781285935,0.07391412500790878,,True
623,4.976067636000153,0.007999885000117501,True,0.0,0.5392299811999057,0.08528385528365032,,True
624,4.984064774000217,0.007997138000064297,True,0.0,0.5770367667629839,0.09865255666476817,,True
625,4.992063596000207,0.007998821999990469,True,0.0,0.6343475382832259,0.11245502284339227,,True
626,5.000063824000335,0.008000228000128118,True,0.0,0.6762465417506017,0.12709578353468834,,True
627,5.008071738000126,0.008007913999790617,True,0.0,0.7313039894310284,0.14269806125582682,,True
628,5.016073088000212,0.00800135000008595,True,0.0,0.7733302803169267,0.15926451411247308,,True
629,5.024067696000202,0.007994607999989967,True,0.0,0.8190954367529631,0.17621031098308676,,True
630,5.032101676000366,0.008033980000163865,True,0.0,0.86034122536162,0.1947211940508397,,True
631,5.040161617000194,0.008059940999828541,True,0.0,0.9134659136160573,0.21363328834200562,,True
632,5.048071287000312,0.00790967000011733,True,0.0,0.965660384016612,0.23191635470950658,,True
633,5.0560627540003225,0.007991467000010744,True,0.0,1.0186086471018092,0.25092761024332877,,True
634,5.0640672730000915,0.008004518999769061,True,0.0,1.065510468035096,0.2714567238526715,,True
635,5.072123285000089,0.008056011999997281,True,0.0,1.1144130560534076,0.2919106038823124,,True
636,5.080072114000359,0.007948829000270052,True,0.0,1.1598765712228387,0.31133430349005703,,True
637,5.088068624000243,0.007996509999884438,True,0.0,1.2088566158233707,0.331448639393433,,True
638,5.0960686920002445,0.008000068000001193,True,0.0,1.2575324612811942,0.3524268328750785,,True
639,5.104076787000395,0.008008095000150206,True,0.0,1.3003344900746687,0.3728357315779878,,True
640,5.112068699000247,0.007991911999852164,True,0.0,1.3466628130320215,0.39422491578557994,,True
641,5.120067220000237,0.007998520999990433,True,0.0,1.388038672831863,0.4143078189588691,,True
642,5.1281096500001695,0.00804242999993221,True,0.0,1.4358225055085274,0.4356312843433696,,True
643,5.136066879000282,0.00795722900011242,True,0.0,1.4780414079288604,0.4556045547402685,,True
644,5.144118873000025,0.00805199399974299,True,0.0,1.5357311348608675,0.4744097029691345,,True
645,5.152066658000422,0.007947785000396834,True,0.0,1.575486319471063,0.4937173907765856,,True
646,5.160074134000297,0.008007475999875169,True,0.0,1.6241305369522148,0.5110536931269376,,True
647,5.168066180000096,0.007992045999799302,True,0.0,1.6745887436121247,0.5292031857273969,,True
648,5.176117156000146,0.008050976000049559,True,0.0,1.7249600061876393,0.5471242548739319,,True
649,5.184069660000205,0.00795250400005898,True,0.0,1.7706887205662583,0.563651717155132,,True
650,5.192068369000026,0.007998708999821247,True,0.0,1.8226215140929052,0.5797541221546624,,True
651,5.200067482000122,0.007999113000096258,True,0.0,1.8666363107901776,0.5962832873575322,,True
652,5.208072008000272,0.008004526000149781,True,0.0,1.916775641611649,0.6113119985487173,,True
653,5.216065649000029,0.00799364099975719,True,0.0,1.9720528884003048,0.6258227618608866,,True
654,5.224102015000426,0.00803636600039681,True,0.0,2.0216487280962125,0.6406005323994022,,True
655,5.232125472000007,0.008023456999580958,True,0.0,2.0657187426165216,0.6546742624460119,,True
656,5.2401109060001545,0.007985434000147507,True,0.0,2.1102802158073986,0.66831452687695,,True
657,5.248118379000061,0.008007472999906895,True,0.0,2.150820672089702,0.6820073552700265,,True
658,5.256074193000131,0.00795581400006995,True,0.0,2.1931258107538825,0.6944534393798536,,True
659,5.264071708000301,0.007997515000170097,True,0.0,2.2436038735699686,0.7056631814900026,,True
660,5.27210802000036,0.008036312000058388,True,0.0,2.28414523140851,0.7173652579710701,,True
661,5.28007282300041,0.00796480300004987,True,0.0,2.332644494116306,0.7275633289643574,,True
662,5.28807007100022,0.007997247999810497,True,0.0,2.3800336650032055,0.7378296977977913,,True
663,5.296069524000359,0.007999453000138601,True,0.0,2.4303287426732236,0.7477742281151611,,True
664,5.304071293000106,0.008001768999747583,True,0.0,2.4769624784538355,0.7569354969808233,,True
665,5.312073896000129,0.008002603000022646,True,0.0,2.5207646591607253,0.767108053952368,,True
666,5.320066203000351,0.007992307000222354,True,0.0,2.572869446420689,0.7761374375429513,,True
667,5.328073148000385,0.008006945000033738,True,0.0,2.6257837060362905,0.7846564879019362,,True
668,5.336141954000141,0.008068805999755568,True,0.0,2.676310254000122,0.79437701559545,,True
669,5.344071292000081,0.00792933799993989,True,0.0,2.7260506009388896,0.8021171966173585,,True
670,5.3520678180002506,0.007996526000169979,True,0.0,2.7915590314747964,0.8077126355122999,,True
671,5.3600689720001355,0.008001153999884991,True,0.0,2.842943002073044,0.8167198851546515,,True
672,5.368068014000073,0.007999041999937617,True,0.0,2.890856411119007,0.8240674188838032,,True
673,5.376075554000181,0.008007540000107838,True,0.0,2.9603231987168352,0.8296111669005997,,True
674,5.384070975000213,0.007995421000032366,True,0.0,3.011345071995758,0.8350339277802199,,True
675,5.392068060000383,0.007997085000170046,True,0.0,3.0580816709241723,0.8381837029186009,,True
676,5.4000697700003,0.008001709999916784,True,0.0,3.0973506093382848,0.8427359658933904,,True
677,5.408101855000041,0.008032084999740619,True,0.0,3.1593349149698144,0.8474245366847444,,True
678,5.416070294000292,0.007968439000251237,True,0.0,3.2017625092230553,0.8508118030548344,,True
679,5.424068856000304,0.007998562000011589,True,0.0,3.2402223818834437,0.8570188303818813,,True
680,5.432119182000406,0.008050326000102359,True,0.0,3.2524402251813505,0.8619210578153871,,True
681,5.440066771000147,0.007947588999741129,True,0.0,3.286894884521933,0.8659279428730194,,True
682,5.448069981000117,0.00800320999996984,True,0.0,3.3301761853387903,0.8677407039007355,,True
683,5.456131363000168,0.008061382000050799,True,0.0,3.3643288869444774,0.8699815686861473,,True
684,5.464070597000045,0.007939233999877615,True,0.0,3.396773860583379,0.8704226093009383,,True
685,5.472066584000004,0.007995986999958404,True,0.0,3.434669035696922,0.8705372755983928,,True
686,5.480070513000101,0.008003929000096832,True,0.0,3.4561367579691287,0.87053426546294,,True
687,5.488144840000132,0.00807432700003119,True,0.0,3.472598732695748,0.8723816214599944,,True
688,5.496072077000008,0.007927236999876186,True,0.0,3.487809308567724,0.8713730056564217,,True
689,5.504099562000192,0.008027485000184242,True,0.0,3.4795300623418592,0.8712240291831658,,True
690,5.5120754020003915,0.007975840000199241,True,0.0,3.476126624981762,0.8688231362597133,,True
691,5.520077323000351,0.008001920999959111,True,0.0,3.475362169167629,0.8640373925368833,,True
692,5.5280823340003735,0.008005011000022932,True,0.0,3.455659611117447,0.8598845481343055,,True
693,5.536073635000321,0.00799130099994727,True,0.0,3.4447773388301965,0.8558493966548495,,True
694,5.544068387000152,0.007994751999831351,True,0.0,3.427408712949651,0.8491356031927438,,True
695,5.552077638000355,0.008009251000203221,True,0.0,3.4150404514862935,0.8403754976966527,,True
696,5.560074373000134,0.00799673499977871,True,0.0,3.3942938512260787,0.8320566125561512,,True
697,5.568102855000234,0.008028482000099757,True,0.0,3.3665185251592065,0.8213907176256898,,True
698,5.576066087000072,0.007963231999838172,True,0.0,3.346922284318921,0.8112085667825069,,True
699,5.584066336000433,0.008000249000360782,True,0.0,3.3312204693699647,0.7984441785643194,,True
700,5.592157427000075,0.008091090999641892,True,0.0,3.305772693670947,0.7882798180592757,,True
701,5.600113195000176,0.00795576800010167,True,0.0,3.276093602700793,0.774882017556415,,True
702,5.608066807000341,0.007953612000164867,True,0.0,3.2595135996494844,0.758522243237343,,True
703,5.616072485000132,0.00800567799979035,True,0.0,3.230948464521741,0.742698949140028,,True
704,5.624068243000238,0.007995758000106434,True,0.0,3.1991458506097854,0.7255120502179839,,True
705,5.632078751000336,0.008010508000097616,True,0.0,3.1583557947996224,0.7039848909447551,,True
706,5.64008066300039,0.00800191200005429,True,0.0,3.120226320254267,0.6811115539256484,,True
707,5.648121003000142,0.008040339999752177,True,0.0,3.082088884361577,0.6567496978523246,,True
708,5.6560664980002,0.007945495000058145,True,0.0,3.0370966070788037,0.6311965467435333,,True
709,5.664072479000424,0.008005981000223983,True,0.0,2.9898118659607995,0.6045510752893367,,True
710,5.672132179000073,0.008059699999648728,True,0.0,2.9451989968875343,0.5768689185655564,,True
711,5.680068255000151,0.007936076000078174,True,0.0,2.8898012800953907,0.5479145918688487,,True
712,5.688075691000449,0.008007436000298185,True,2.710505431213761e-20,2.839616581820165,0.5200990887534099,,True
713,5.696069830000397,0.007994138999947609,True,0.0,2.795325542527159,0.4892396601468378,,True
714,5.704067251000197,0.007997420999799942,True,6.776263578034403e-21,2.740532974379068,0.45749716442114996,,True
715,5.712070160000167,0.008002908999969804,True,6.776263578034403e-21,2.6963044181040154,0.425147304962983,,True
716,5.7200673680004,0.007997208000233513,True,0.0,2.653703629708643,0.3934852967907463,,True
717,5.728103177000321,0.008035808999920846,True,0.0,2.6148414613715336,0.35776859590290083,,True
718,5.736066528000265,0.007963350999943941,True,2.168404344971009e-19,2.5811217046333805,0.322899311633932,,True
719,5.744065929000044,0.007999400999779027,True,0.0,2.5404070037663664,0.2886649370682352,,True
720,5.75211801200021,0.008052083000166022,True,0.0,2.5134466216666116,0.2541074018723836,,True
721,5.760111627000242,0.00799361500003215,True,2.710505431213761e-20,2.484117797990489,0.22210121750846262,,True
722,5.768067115000122,0.007955487999879551,True,0.0,2.4528332851498984,0.1913276470085644,,True
723,5.776072580000346,0.008005465000223921,True,0.0,2.425396284463191,0.1612630064335191,,True
724,5.784066409000388,0.007993829000042751,True,1.3552527156068805e-20,2.4012261334597698,0.13068803785595154,,True
725,5.792125737000333,0.008059327999944799,True,0.0,2.3820913743180125,0.10214621017393984,,True
726,5.80006699400019,0.007941256999856705,True,0.0,2.3648275879468907,0.07543458686028084,,True
727,5.8080692100002125,0.0080022160000226,True,0.0,2.347835919515231,0.05256207365502804,,True
728,5.816061601000001,0.007992390999788768,True,5.421010862427522e-20,2.3319508803405617,0.03463098819522617,,True
729,5.824067865000416,0.008006264000414376,True,0.0,2.3172271680234044,0.034738921328007606,,True
730,5.83206549400029,0.007997628999873996,True,0.0,2.303810429271645,0.051013629846002995,,True
731,5.840080555000441,0.008015061000151036,True,0.0,2.295036063479293,0.07021341901533434,,True
732,5.848067024000102,0.007986468999661156,True,0.0,2.284051271997136,0.09196919085891682,,True
733,5.8561118890002035,0.008044865000101709,True,0.0,2.2769574453586285,0.10972976828009218,,True
734,5.864067870000326,0.007955981000122847,True,0.0,2.2704197269095054,0.12744695952600393,,True
735,5.872066433000327,0.007998563000001013,True,0.0,2.2682254452779333,0.14222047014818823,,True
736,5.880101775000185,0.008035341999857337,True,0.0,2.2675344367763106,0.15585881998047843,,True
737,5.888077581000289,0.007975806000104058,True,0.0,2.265410854210552,0.16893054922844086,,True
738,5.896103096000388,0.008025515000099404,True,0.0,2.2619663323819563,0.18190998059480523,,True
739,5.9040667010003745,0.007963604999986273,True,0.0,2.2650620016191243,0.19177703834822787,,True
740,5.912068663000355,0.008001961999980267,True,0.0,2.2612435586321364,0.2014432287908039,,True
741,5.920067007000398,0.00799834400004329,True,0.0,2.2589190102238983,0.21017359038695083,,True
742,5.928066542000124,0.007999534999726166,True,0.0,2.2614427837844433,0.21675582315721925,,True
743,5.9360681510002,0.008001609000075405,True,0.0,2.2547054143814185,0.2235599815407249,,True
744,5.944065555000179,0.007997403999979724,True,0.0,2.2527915830166,0.22823285908514165,,True
745,5.952066696000202,0.008001141000022471,True,0.0,2.25801755558755,0.2295632505961214,,True
746,5.960115952000251,0.008049256000049354,True,0.0,2.256654054366525,0.23242828880944494,,True
747,5.96811036400004,0.007994411999789008,True,0.0,2.250381112345255,0.23448626377223064,,True
748,5.976082517000123,0.007972153000082471,True,0.0,2.2464443013400284,0.23594483435997396,,True
749,5.9841294670000025,0.008046949999879871,True,0.0,2.2428792717611463,0.23593810546509936,,True
750,5.992071963000399,0.007942496000396204,True,0.0,2.2404828034818687,0.23537611492394803,,True
751,6.000074115000189,0.00800215199978993,True,0.0,2.2410572360767333,0.23386938732666154,,True
752,6.008067418000337,0.007993303000148444,True,0.0,2.2413909326897747,0.23126417863971524,,True
753,6.016071714000191,0.008004295999853639,True,0.0,2.2568455537988243,0.22656369845579952,,True
754,6.024100697000449,0.00802898300025845,True,0.0,2.2625006134912047,0.2227043005698333,,True
755,6.032065674000023,0.007964976999573992,True,0.0,2.2683996533817368,0.21819419595255388,,True
756,6.040103340000314,0.00803766600029121,True,0.0,2.2782830636947318,0.2121768017246957,,True
757,6.048066953000216,0.00796361299990167,True,0.0,2.276081284949827,0.20650762289297084,,True
758,6.056144429000142,0.00807747599992581,True,0.0,2.2770628292648545,0.20048407069462046,,True
759,6.064067039000292,0.007922610000150598,True,0.0,2.2802575832812195,0.19457624206349303,,True
760,6.072152528000061,0.008085488999768131,True,0.0,2.2746805845315463,0.1873339044816067,,True
761,6.080069755000295,0.007917227000234561,True,0.0,2.2807237823002926,0.17908507797599563,,True
762,6.08814062700003,0.008070871999734663,True,0.0,2.280667159792605,0.17125310185425527,,True
763,6.0960683840003185,0.007927757000288693,True,0.0,2.2814917853327854,0.16370452887630624,,True
764,6.104132219000348,0.00806383500002994,True,0.0,2.2815744968134193,0.1542533142406562,,True
765,6.112067784000374,0.007935565000025235,True,0.0,2.286709892300343,0.14637460324833132,,True
766,6.12011489500037,0.008047110999996221,True,0.0,2.281879846750509,0.13690013422857283,,True
767,6.128067151000323,0.007952255999953195,True,0.0,2.291784374204528,0.12701579655888773,,True
768,6.136099608000222,0.008032456999899296,True,0.0,2.28761006101469,0.11830120111093544,,True
769,6.144067584000368,0.007967976000145427,True,0.0,2.283559335601455,0.10931187654512699,,True
770,6.152068469000369,0.00800088500000129,True,0.0,2.2755690806871587,0.09929372538711868,,True
771,6.1600566420002,0.007988172999830567,True,0.0,2.2662606837125012,0.08962923520937795,,True
772,6.168074012000034,0.008017369999834045,True,0.0,2.260070353559217,0.08213912442284212,,True
773,6.1760673760004465,0.00799336400041284,True,0.0,2.253320066145054,0.07429357096293673,,True
774,6.184068086000025,0.008000709999578248,True,0.0,2.251837457438075,0.0650694149206233,,True
775,6.192169006000313,0.00810092000028817,True,0.0,2.242343811090078,0.056581666445168745,,True
776,6.200066821000291,0.007897814999978436,True,0.0,2.235149788649504,0.04859748696725338,,True
777,6.20810986000015,0.008043038999858254,True,0.0,2.2351007870023785,0.04115773757645361,,True
778,6.216069425000114,0.007959564999964641,True,0.0,2.2323873747663043,0.03459445311841138,,True
779,6.224100371000077,0.008030945999962569,True,0.0,2.2219191875520257,0.029761214549977873,,True
780,6.232069734000106,0.007969363000029261,True,0.0,2.2237815520604123,0.025019613758916117,,True
781,6.240059640000254,0.00798990600014804,True,0.0,2.2184135159789906,0.020142851226827862,,True
782,6.248068223000246,0.008008582999991631,True,0.0,2.2087029544586936,0.015229489109590133,,True
783,6.256105523000315,0.00803730000006908,True,0.0,2.207432314274327,0.014092982485309316,,True
784,6.264068947000396,0.007963424000081432,True,0.0,2.1993479273261864,0.010761829052927984,,True
785,6.2721159720003925,0.00804702499999621,True,0.0,2.197464426306016,0.009871239675588438,,True
786,6.280065186000229,0.007949213999836502,True,0.0,2.1869058044131906,0.007356770760886183,,True
787,6.288143074000345,0.008077888000116218,True,0.0,2.18504100797237,0.0074985890975382205,,True
788,6.296067765000316,0.007924690999971062,True,0.0,2.1826742224699744,0.009593551136618318,,True
789,6.304096211000342,0.008028446000025724,True,0.0,2.1795684678538643,0.010429202564463318,,True
790,6.312105351000355,0.008009140000012849,True,0.0,2.177035980554688,0.011586455263696803,,True
791,6.320075743000416,0.00797039200006111,True,0.0,2.174274727789371,0.011314372216983256,,True
792,6.3280686110001625,0.007992867999746522,True,0.0,2.171095250114715,0.01206326026584336,,True
793,6.336067811000248,0.007999200000085693,True,0.0,2.1672706675664872,0.012163891882174968,,True
794,6.344063420000111,0.00799560899986318,True,0.0,2.1665890712576124,0.011412685540810286,,True
795,6.352068935000261,0.008005515000149899,True,0.0,2.1664405291919824,0.011361383401298311,,True
796,6.360075337000126,0.008006401999864465,True,0.0,2.1640205916173394,0.010902091700377243,,True
797,6.3680801950004025,0.008004858000276727,True,0.0,2.16300381062476,0.010149205086693848,,True
798,6.3760698330002015,0.007989637999799015,True,0.0,2.1606192091505583,0.010094768261301441,,True
799,6.384067208000033,0.007997374999831663,True,0.0,2.161013474326868,0.011081009707337537,,True
800,6.392139592000149,0.008072384000115562,True,0.0,2.156804896740987,0.010659039055303375,,True
801,6.4000687460002155,0.007929154000066774,True,0.0,2.1581186899933695,0.01562978794003958,,True
802,6.408066190000227,0.007997444000011456,True,0.0,2.1560160710970164,0.016619188897086926,,True
803,6.416143805000047,0.00807761499982007,True,0.0,2.1545989211268353,0.01609283848294116,,True
804,6.424067687000388,0.00792388200034111,True,0.0,2.154648803289886,0.020594705066021415,,True
805,6.432069495000178,0.00800180799978989,True,0.0,2.1514163179651766,0.02110175099846452,,True
806,6.440067323000221,0.007997828000043228,True,0.0,2.149728948224244,0.023103275755322925,,True
807,6.448107837000407,0.008040514000185794,True,0.0,2.1478164808910662,0.02560805089407364,,True
808,6.456064486000287,0.00795664899987969,True,0.0,2.1440595168563004,0.02818267713233393,,True
809,6.464106109000113,0.008041622999826359,True,0.0,2.1420955837944544,0.030815836524826154,,True
810,6.472070815000279,0.007964706000166188,True,0.0,2.141907518401591,0.03486349993489628,,True
811,6.480114945000423,0.008044130000143923,True,0.0,2.137109811932808,0.036609090413464385,,True
812,6.488146446000428,0.008031501000004937,True,0.0,2.136788197363142,0.041026719313038904,,True
813,6.496083972000179,0.007937525999750505,True,0.0,2.134236490864576,0.04330555114086865,,True
814,6.504066319000231,0.00798234700005196,True,0.0,2.131697615969689,0.046341765238714624,,True
815,6.5120734100000846,0.008007090999853972,True,0.0,2.1268850458485846,0.048339131511543336,,True
816,6.520074888000181,0.00800147800009654,True,0.0,2.1248660253571363,0.052546116264006335,,True
817,6.52806730500015,0.007992416999968555,True,0.0,2.1209154322216444,0.052952992842789724,,True
818,6.5360778080003,0.008010503000150493,True,0.0,2.1191203070058537,0.055432073183443537,,True
819,6.5440732430001844,0.00799543499988431,True,0.0,2.1122968902928645,0.057345621085643464,,True
820,6.5521020430001045,0.008028799999920011,True,5.421010862427522e-20,2.1089603188063255,0.057588282363139134,,True
821,6.5600682820004295,0.007966239000325004,True,0.0,2.1068641352457047,0.06054253620107522,,True
822,6.568068630000198,0.008000347999768564,True,0.0,2.104260221934233,0.06250766405643718,,True
823,6.5760687650004,0.008000135000202135,True,0.0,2.101704972581556,0.06409304014303342,,True
824,6.5841079970000465,0.00803923199964629,True,0.0,2.0981152084919463,0.06446253970954681,,True
825,6.592101993000142,0.007993996000095649,True,0.0,2.09400957108767,0.06561675338908951,,True
826,6.600064684000245,0.007962691000102495,True,0.0,2.0904001690404126,0.06678929770375089,,True
827,6.608075011000437,0.008010327000192774,True,0.0,2.0888471121055425,0.06823140290172344,,True
828,6.616067608000321,0.007992596999883972,True,0.0,2.0863566182249444,0.06875927272010095,,True
829,6.62406690700027,0.007999298999948223,True,0.0,2.085024908850553,0.06870785464593339,,True
830,6.6320672800002285,0.008000372999958927,True,0.0,2.0832931104400245,0.07045028606423703,,True
831,6.640067698000166,0.008000417999937781,True,0.0,2.08186211352716,0.07031465661473148,,True
832,6.648069055000178,0.008001357000011922,True,0.0,2.0784805915430087,0.07216252060030304,,True
833,6.656105556000057,0.008036500999878626,True,0.0,2.075528518178498,0.073871944228097,,True
834,6.664066789000117,0.00796123300006002,True,0.0,2.074492941808501,0.07405231203795686,,True
835,6.672160461000203,0.008093672000086372,True,0.0,2.07107637474858,0.0755685084447333,,True
836,6.680066502000045,0.007906040999841935,True,0.0,2.0700833988329754,0.0751752143568562,,True
837,6.6881578650004485,0.008091363000403362,True,0.0,2.069006369447165,0.07455381837973481,,True
838,6.696067809000397,0.007909943999948155,True,0.0,2.0685947724554676,0.07405204394135703,,True
839,6.704141216000153,0.008073406999756116,True,0.0,2.0692726887442374,0.07308755600854525,,True
840,6.71206763400005,0.00792641799989724,True,0.0,2.0698245480873507,0.07211573894556426,,True
841,6.720105284000056,0.00803765000000567,True,0.0,2.071742340610497,0.07120324027059885,,True
842,6.728065820000211,0.007960536000155116,True,0.0,2.071127431962518,0.07026606351743962,,True
843,6.736067498000011,0.00800167799980045,True,0.0,2.0733823375879172,0.06902852169429799,,True
844,6.744070280000415,0.008002782000403386,True,0.0,2.0726248911124348,0.06911803648526563,,True
845,6.7521062970004095,0.0080360169999949,True,0.0,2.0734486152863134,0.06758672893816159,,True
846,6.760073495000142,0.007967197999732889,True,0.0,2.075489203536324,0.06646074800167825,,True
847,6.768066957000428,0.007993462000285945,True,0.0,2.076716616230882,0.0653310500383,,True
848,6.776066383000398,0.00799942599996939,True,0.0,2.077062566706116,0.06425724933407184,,True
849,6.784101293000276,0.008034909999878437,True,0.0,2.077977474714841,0.06267113474348969,,True
850,6.792071737000242,0.007970443999965937,True,0.0,2.076858904508003,0.06107782016857757,,True
851,6.80009815800031,0.008026421000067785,True,0.0,2.0795621530710346,0.05976125258167987,,True
852,6.808067412000128,0.007969253999817738,True,0.0,2.086592888339727,0.05698159809013732,,True
853,6.81607096100015,0.008003549000022758,True,0.0,2.0806991160851376,0.05647129674298128,,True
854,6.824075556000025,0.008004594999874826,True,0.0,2.0771043105706952,0.056599427461796574,,True
855,6.83206727400011,0.007991718000084802,True,0.0,2.080254882614002,0.054455763564225,,True
856,6.840082765000261,0.008015491000151087,True,0.0,2.0793607608759306,0.05341888728872556,,True
857,6.848068391000197,0.007985625999936019,True,0.0,2.077445801205727,0.05292410401083635,,True
858,6.856067717000315,0.007999326000117435,True,0.0,2.0726180363275013,0.05260921640611314,,True
859,6.86406911100039,0.00800139400007538,True,0.0,2.072342611417281,0.052191897723298505,,True
860,6.87206786500019,0.007998753999800101,True,0.0,2.0687789914723367,0.05087094449221865,,True
861,6.880067318000329,0.007999453000138601,True,0.0,2.065886601131545,0.05034326600645097,,True
862,6.888059262000297,0.007991943999968498,True,0.0,2.0657209219716792,0.049932520755424065,,True
863,6.896071382000173,0.008012119999875722,True,0.0,2.0604959237294453,0.05007731890087625,,True
864,6.904066836000311,0.007995454000138125,True,0.0,2.054321461701971,0.05042296653360267,,True
865,6.912070953000239,0.008004116999927646,True,0.0,2.0557680976100223,0.04887331352876166,,True
866,6.920058347000122,0.007987393999883352,True,0.0,2.052887429432261,0.04919891128004755,,True
867,6.928073031000167,0.008014684000045236,True,0.0,2.0491039645041638,0.049118507926468664,,True
868,6.9360675630000515,0.007994531999884202,True,0.0,2.0456366035793296,0.04906914617560446,,True
869,6.944068199000412,0.008000636000360828,True,0.0,2.0445167967561617,0.04859193533620916,,True
870,6.952068559000054,0.00800035999964166,True,0.0,2.041882498585261,0.04796847094078781,,True
871,6.960066406000351,0.007997847000297043,True,0.0,2.0394476990873693,0.04786982820370255,,True
872,6.968067354000141,0.008000947999789787,True,0.0,2.036359014453346,0.04853564337978382,,True
873,6.976067114000216,0.007999760000075185,True,0.0,2.031863370873948,0.04925871704839055,,True
874,6.984065064000333,0.007997950000117271,True,0.0,2.0321762872360507,0.04853882272375415,,True
875,6.992112127000382,0.008047063000049093,True,0.0,2.0285781342696803,0.04876073116565869,,True
876,7.000067050000325,0.007954922999942937,True,0.0,2.026665015600449,0.04867539620989605,,True
877,7.008072392000031,0.008005341999705706,True,0.0,2.0241354766406943,0.04881082527547338,,True
878,7.0160739490002015,0.008001557000170578,True,0.0,2.02407526996253,0.04841646256457692,,True
879,7.02406566100035,0.007991712000148254,True,0.0,2.0222194052945333,0.04871506364242242,,True
880,7.032067083000129,0.008001421999779268,True,0.0,2.019162931369452,0.04969230773216327,,True
881,7.040108329000304,0.008041246000175306,True,0.0,2.019694810927261,0.04899254184324484,,True
882,7.048064830000385,0.007956501000080607,True,0.0,2.0176561676736338,0.04868880478557557,,True
883,7.056068573000175,0.00800374299979012,True,0.0,2.0154644478802908,0.049213807846083285,,True
884,7.064068944000155,0.008000370999980078,True,0.0,2.01593997722963,0.04845047135498576,,True
885,7.072068137000315,0.007999193000159721,True,0.0,2.015783487752233,0.048210082423086054,,True
886,7.080066670000178,0.007998532999863528,True,0.0,2.0117315218886103,0.05101236905904039,,True
887,7.08806672000037,0.00800005000019155,True,0.0,2.012192859045947,0.049949599805158514,,True
888,7.096068551000371,0.008001831000001403,True,0.0,2.0108244240184003,0.05021704114627099,,True
889,7.104068508000182,0.00799995699981082,True,0.0,2.0092053296023975,0.051236720439420125,,True
890,7.1120661930003735,0.007997685000191268,True,0.0,2.0082640629975677,0.053576875861164705,,True
891,7.120137426000383,0.00807123300000967,True,0.0,2.0069421144039024,0.05357342502764646,,True
892,7.128066377000323,0.007928950999939843,True,0.0,2.006329354469467,0.053723253966101475,,True
893,7.1361303460003,0.008063968999977078,True,0.0,2.0036895578330247,0.05607837283132777,,True
894,7.144068145000347,0.007937799000046653,True,0.0,2.0042448387145426,0.0537718347886456,,True
895,7.152099265000288,0.008031119999941438,True,0.0,2.002316719023708,0.05420892017642804,,True
896,7.16007094600036,0.00797168100007184,True,0.0,2.0018180767732883,0.05603458195078918,,True
897,7.168067343000075,0.007996396999715216,True,0.0,1.9994205278431034,0.054488706529983714,,True
898,7.176070037000045,0.008002693999969779,True,0.0,1.9986283812171453,0.05544657675034264,,True
899,7.184112382000421,0.008042345000376372,True,0.0,1.997673550259585,0.055692866478742595,,True
900,7.1920693940001,0.007957011999678798,True,0.0,1.9958648235656176,0.05482664893778992,,True
901,7.200123831000383,0.008054437000282633,True,0.0,1.994809689518485,0.056269730781373026,,True
902,7.208068805000039,0.007944973999656213,True,0.0,1.9933553673123907,0.05473745043260018,,True
903,7.216067851000389,0.007999046000350063,True,0.0,1.9915033539854061,0.05640507993834672,,True
904,7.224120309000227,0.008052457999838225,True,0.0,1.989792007083573,0.054724218151824724,,True
905,7.232067647000349,0.007947338000121817,True,0.0,1.987974207725945,0.05632581760568195,,True
906,7.2401433500003805,0.008075703000031353,True,0.0,1.9879042801840352,0.05486261559522055,,True
907,7.248067815000013,0.007924464999632619,True,0.0,1.9856794590844837,0.05478907789117415,,True
908,7.256110225000157,0.008042410000143718,True,0.0,1.9845609218257652,0.05406866247569786,,True
909,7.264072393000333,0.007962168000176462,True,0.0,1.9834963956687581,0.0537190748417967,,True
910,7.272066266000365,0.007993873000032181,True,0.0,1.9815087744462623,0.05343171335599496,,True
911,7.280069495000134,0.008003228999768908,True,0.0,1.981639446683193,0.052666724979591795,,True
912,7.288100540000414,0.008031045000279846,True,0.0,1.9811452751928387,0.052574400587961846,,True
913,7.29606702700039,0.007966486999976041,True,0.0,1.9800310479276468,0.05171776816297739,,True
914,7.304068923000159,0.008001895999768749,True,0.0,1.9786677390470508,0.051948012567729795,,True
915,7.312100744000418,0.008031821000258788,True,0.0,1.9782387791249805,0.0516771671542673,,True
916,7.3200814300003,0.007980685999882553,True,0.0,1.9781884347636196,0.0512402084148508,,True
917,7.328068589000395,0.007987159000094834,True,0.0,1.9768163317348864,0.051616906876059944,,True
918,7.336078979000376,0.008010389999981271,True,0.0,1.975635042976577,0.05187373797328285,,True
919,7.344078370000261,0.007999390999884781,True,0.0,1.9757167075641082,0.05158427612453289,,True
920,7.35205940600008,0.007981035999819142,True,0.0,1.975154338454553,0.05016153489643515,,True
921,7.3600791530002425,0.00801974700016217,True,0.0,1.9727132531807217,0.051121237847531475,,True
922,7.368068204000338,0.00798905100009506,True,0.0,1.9723603581617388,0.05018039150853437,,True
923,7.376070669000001,0.008002464999663061,True,0.0,1.9756808892708901,0.04850712104825591,,True
924,7.384070460000203,0.007999791000202094,True,0.0,1.9740609986127196,0.0486993859098357,,True
925,7.392071423000289,0.008000963000085903,True,0.0,1.973476355697658,0.047951974035271495,,True
926,7.400067861000025,0.007996437999736372,True,0.0,1.9721010482894956,0.0483328799332568,,True
927,7.408128406000287,0.00806054500026221,True,0.0,1.973389519415334,0.04733413777076914,,True
928,7.416071554000155,0.007943147999867506,True,0.0,1.9717221479754803,0.04687450241462995,,True
929,7.424064282000018,0.007992727999862836,True,0.0,1.9712476806148451,0.04699700657637149,,True
930,7.432067627000379,0.00800334500036115,True,0.0,1.970168752094246,0.04638488567467119,,True
931,7.4400607630000195,0.007993135999640799,True,0.0,1.9704960182019946,0.04592075395572595,,True
932,7.448065585000222,0.008004822000202694,True,0.0,1.970458390055242,0.045376629122321196,,True
933,7.456177325000226,0.00811174000000392,True,0.0,1.9702994242718814,0.04553376618299996,,True
934,7.464066154000193,0.00788882899996679,True,0.0,1.9676295890667552,0.04566868787461238,,True
935,7.472067843000332,0.008001689000138867,True,0.0,1.9704205064017621,0.043671545245206056,,True
936,7.480068367000058,0.008000523999726283,True,0.0,1.9676375823641654,0.044483392485920314,,True
937,7.4880986130001475,0.008030246000089392,True,0.0,1.9673645579725376,0.04390679990946107,,True
938,7.496069463000367,0.007970850000219798,True,0.0,1.9655213429338267,0.0440221910744573,,True
939,7.5040672490004,0.007997786000032647,True,0.0,1.9663305733636878,0.04311783261924557,,True
940,7.512073664000127,0.008006414999726985,True,0.0,1.9638810234668849,0.04286228317851343,,True
941,7.520074566000403,0.008000902000276255,True,0.0,1.96281813313251,0.04372846307392164,,True
942,7.528067574000033,0.007993007999630208,True,0.0,1.9610609161734849,0.043586468398195084,,True
943,7.5360712840001725,0.008003710000139108,True,0.0,1.957369208095876,0.044801629662108294,,True
944,7.544068798000353,0.007997514000180672,True,0.0,1.95809788013029,0.04429238056341443,,True
945,7.552065861000301,0.007997062999947957,True,0.0,1.9557398703810596,0.04553259900418635,,True
946,7.560097508000126,0.00803164699982517,True,0.0,1.9549853491802003,0.04562461452181006,,True
947,7.568066999000166,0.007969491000039852,True,0.0,1.9500347709107329,0.04700421547919425,,True
948,7.5760684210004,0.008001422000234015,True,0.0,1.9506586695813493,0.04672337550270967,,True
949,7.584068968000338,0.008000546999937796,True,0.0,1.951570464082542,0.04732246919222711,,True
950,7.59206660100017,0.007997632999831694,True,0.0,1.9493270035803683,0.048598559769234544,,True
951,7.600068188000023,0.008001586999853316,True,0.0,1.9478770940950478,0.04832769735056995,,True
952,7.608066239000436,0.007998051000413398,True,0.0,1.9496002927243066,0.04746233196623082,,True
953,7.616065358000014,0.007999118999578059,True,0.0,1.9467442245771769,0.04797085987122598,,True
954,7.624075510000239,0.00801015200022448,True,0.0,1.9442382028917504,0.04924108302109002,,True
955,7.63206837900043,0.007992869000190694,True,0.0,1.9417949566772814,0.04881196335199844,,True
956,7.640112806000161,0.008044426999731513,True,0.0,1.940876496665743,0.048631119453986044,,True
957,7.64808340000036,0.007970594000198616,True,0.0,1.939245755699589,0.048587719386558294,,True
958,7.6560649440002635,0.007981543999903806,True,0.0,1.936344960035045,0.049587750636756384,,True
959,7.664068975000191,0.008004030999927636,True,0.0,1.9359202204807002,0.0485504399526032,,True
960,7.672065376000319,0.007996401000127662,True,0.0,1.9367570278615749,0.04710754067601954,,True
961,7.680071098000099,0.00800572199977978,True,0.0,1.9324633458348548,0.04828792942212454,,True
962,7.688069844000438,0.007998746000339452,True,0.0,1.9315852417345594,0.048678829035844126,,True
963,7.696066119000079,0.007996274999641173,True,0.0,1.930704323861877,0.048270135177269254,,True
964,7.704062994000196,0.007996875000117143,True,0.0,1.9292388176533803,0.04770878993336594,,True
965,7.712064811000346,0.008001817000149458,True,0.0,1.9276475700494857,0.04776065153973601,,True
966,7.720067088000178,0.008002276999832247,True,0.0,1.9281304879573185,0.04621941645283819,,True
967,7.7280637130002106,0.007996625000032509,True,0.0,1.9261382071353823,0.0466235064603866,,True
968,7.736080424000193,0.008016710999982024,True,0.0,1.9268486354882295,0.045248645662380536,,True
969,7.744063269000435,0.007982845000242378,True,0.0,1.925280945542382,0.044860458183588796,,True
970,7.752072882000448,0.008009613000012905,True,0.0,1.9254322255018592,0.04410976601157249,,True
971,7.7600759070001,0.008003024999652553,True,0.0,1.9227932254347053,0.0449284730959529,,True
972,7.768071718000101,0.007995811000000685,True,0.0,1.9214025235280332,0.04446363417471986,,True
973,7.776065848000144,0.007994130000042787,True,0.0,1.9194710034710576,0.04549818152563147,,True
974,7.784101942000234,0.008036094000090088,True,0.0,1.9194361934778637,0.04548214201917349,,True
975,7.792069723000168,0.007967780999933893,True,0.0,1.9150939813634427,0.04705546784697617,,True
976,7.800067475000105,0.007997751999937464,True,0.0,1.9154044287259835,0.04593845897060813,,True
977,7.80807250800035,0.008005033000245021,True,0.0,1.9137343643262954,0.045997421259611,,True
978,7.816067070000372,0.007994562000021688,True,0.0,1.9139088241992233,0.0453160773677809,,True
979,7.824075055000321,0.008007984999949258,True,0.0,1.9112404287178628,0.04633080830487543,,True
980,7.832067910000205,0.007992854999884003,True,0.0,1.9113541860570655,0.04613970597359002,,True
981,7.8401563200000055,0.008088409999800206,True,0.0,1.9085879793489215,0.04717007814998928,,True
982,7.8480616020001435,0.007905282000137959,True,0.0,1.9073365769653552,0.04716914428345848,,True
983,7.856138099000418,0.008076497000274685,True,0.0,1.9058326342752698,0.047341396229736474,,True
984,7.864070132000052,0.00793203299963352,True,0.0,1.9058783353563709,0.04662141582367738,,True
985,7.872073737000392,0.00800360500034003,True,0.0,1.9052014511395021,0.04676395009658171,,True
986,7.88007006800035,0.007996330999958445,True,0.0,1.9056890931700965,0.04618364505353118,,True
987,7.888066864000393,0.007996796000043105,True,0.0,1.9043951970167505,0.046546937542791156,,True
988,7.89606725800013,0.008000393999736843,True,0.0,1.9029846011092226,0.0468159532090431,,True
989,7.904067589000078,0.008000330999948346,True,0.0,1.9024415429559907,0.04667343952708135,,True
990,7.9120724190001965,0.00800483000011809,True,0.0,1.8989524736388084,0.04770623317937376,,True
991,7.920080722000421,0.00800830300022426,True,0.0,1.8992503236534715,0.0473304135409383,,True
992,7.928110717000436,0.008029995000015333,True,0.0,1.8976218029266332,0.04746182724913714,,True
993,7.936066126000242,0.007955408999805513,True,0.0,1.8943848299832242,0.04845049283427828,,True
994,7.94406533900019,0.007999212999948213,True,0.0,1.8929108003339348,0.049255357045436154,,True
995,7.952131663000273,0.008066324000083114,True,0.0,1.891644245881152,0.049890671894713474,,True
996,7.960071481000341,0.007939818000068044,True,0.0,1.8898433996089292,0.050234565490717135,,True
997,7.968059190000076,0.007987708999735332,True,0.0,1.8893670261298898,0.049774268062745416,,True
998,7.976075811000101,0.008016621000024315,True,0.0,1.8870293644659424,0.05074811072723996,,True
999,7.984071338000376,0.007995527000275615,True,0.0,1.8867385612831944,0.05041163524672527,,True
1000,7.992063500000313,0.007992161999936798,True,0.0,1.8839333401895875,0.05095260299621041,,True
1001,8.000066394000442,0.008002894000128435,True,0.0,1.8829520554097425,0.050789182016027425,,True
1002,8.00807151500021,0.008005120999769133,True,0.0,1.8823122001736574,0.05012006341694583,,True
1003,8.016076418000011,0.008004902999800834,True,0.0,1.8821580922196883,0.04976761798233816,,True
1004,8.024066949000371,0.007990531000359624,True,0.0,1.8801324576688963,0.050487829035230754,,True
1005,8.032071270000415,0.008004321000044001,True,0.0,1.8795102066288545,0.04981042889491417,,True
1006,8.040075138000248,0.008003867999832437,True,0.0,1.8780067547912827,0.04981894922890243,,True
1007,8.0480666440003,0.00799150600005305,True,0.0,1.878511407842659,0.048855230067436896,,True
1008,8.056153865000397,0.008087221000096179,True,0.0,1.877354710922466,0.04841259829628331,,True
1009,8.064102778000233,0.007948912999836466,True,0.0,1.8784001151503695,0.04750944858665803,,True
1010,8.072072912000294,0.00797013400006108,True,0.0,1.8762625162446294,0.047790306098246846,,True
1011,8.080067451000104,0.007994538999810175,True,0.0,1.8748377193218304,0.048348288454740956,,True
1012,8.088099200000215,0.008031749000110722,True,0.0,1.8742737032928547,0.048039097860564615,,True
1013,8.096071636000033,0.007972435999818117,True,0.0,1.8739493852469036,0.04704548221566828,,True
1014,8.104068389000076,0.0079967530000431,True,0.0,1.8726546433806854,0.04721818480280074,,True
1015,8.112069464000342,0.0080010750002657,True,0.0,1.8730597694807156,0.04619219627099022,,True
1016,8.120066179000332,0.007996714999990218,True,0.0,1.8723624881175978,0.045491569924852655,,True
1017,8.128068827000334,0.0080026480000015,True,0.0,1.870090704793638,0.04620154257747359,,True
1018,8.136118816000362,0.00804998900002829,True,0.0,1.870182772255184,0.04574257669618544,,True
1019,8.144078362000073,0.007959545999710826,True,0.0,1.8687341982180554,0.04617531120150834,,True
1020,8.152091948000361,0.008013586000288342,True,0.0,1.8684906646099257,0.04481369971312977,,True
1021,8.16011071300045,0.008018765000088024,True,0.0,1.8665630418397954,0.04567033251568487,,True
1022,8.168073592000383,0.00796287899993331,True,0.0,1.867005581498916,0.04439518097103106,,True
1023,8.176077918000374,0.008004325999991124,True,0.0,1.8646287793054708,0.04470379055736624,,True
1024,8.184077246000015,0.007999327999641537,True,0.0,1.8653244744109354,0.04402740536074262,,True
1025,8.192072494000058,0.00799524800004292,True,0.0,1.86556320390475,0.043436212257461956,,True
1026,8.20006159400009,0.007989100000031613,True,0.0,1.8639445688496024,0.04379847050925416,,True
1027,8.208066088000123,0.008004494000033446,True,0.0,1.8631462318565482,0.0437309652928348,,True
1028,8.216102048000266,0.00803596000014295,True,0.0,1.862975201423595,0.04275120457639883,,True
1029,8.224070197000401,0.007968149000134872,True,0.0,1.8617022578007378,0.042716233614789774,,True
1030,8.232066653000402,0.007996456000000762,True,0.0,1.8596697170644179,0.043335459777382256,,True
1031,8.240139506000105,0.008072852999703173,True,0.0,1.8592646776015032,0.042959523066919594,,True
1032,8.24806649400034,0.007926988000235724,True,0.0,1.8582723261168657,0.04320646752799313,,True
1033,8.256141269000182,0.008074774999840884,True,0.0,1.855296754541986,0.044513824779286365,,True
1034,8.264067662000343,0.007926393000161625,True,0.0,1.85324581774695,0.04489927774646245,,True
1035,8.272175532000347,0.008107870000003459,True,0.0,1.8536631929022955,0.043707059363744034,,True
1036,8.280067802000303,0.007892269999956625,True,0.0,1.8503067455653066,0.04508283948939953,,True
1037,8.2880663990004,0.007998597000096197,True,0.0,1.8503077058469828,0.04398112094473348,,True
1038,8.296061353000368,0.007994953999968857,True,0.0,1.8502092909796655,0.0434998604107373,,True
1039,8.304071604,0.008010250999632262,True,0.0,1.8486934128001549,0.043864997971862316,,True
1040,8.312067533000118,0.00799592900011703,True,0.0,1.8481302195751017,0.04355056150612055,,True
1041,8.32006605000015,0.007998517000032734,True,0.0,1.8465980169404497,0.043877001092655944,,True
1042,8.328120471000148,0.008054420999997092,True,0.0,1.8462493750039417,0.04361253367152658,,True
1043,8.336072100000365,0.007951629000217508,True,0.0,1.8469764839245402,0.04236951760968161,,True
1044,8.344099391000327,0.008027290999962133,True,0.0,1.847089423688696,0.041701654026558115,,True
1045,8.35206753400007,0.007968142999743577,True,0.0,1.8484362098687086,0.04116737926079337,,True
1046,8.360065733000283,0.00799819900021248,True,0.0,1.8465644433835964,0.04112284651673237,,True
1047,8.368075114000021,0.008009380999737914,True,0.0,1.8461139664375128,0.04050845640746652,,True
1048,8.376133405000019,0.008058290999997553,True,0.0,1.8479468240996797,0.03971304215490127,,True
1049,8.384070581000287,0.007937176000268664,True,0.0,1.8458810050861008,0.03985904280336228,,True
1050,8.392074586000035,0.008004004999747849,True,0.0,1.846703936495997,0.03999418176741896,,True
1051,8.400076531000195,0.008001945000160049,True,0.0,1.8454111508791002,0.039394833662083795,,True
1052,8.408067628000026,0.007991096999830916,True,0.0,1.8437378695413489,0.039366375340120864,,True
1053,8.416067996000038,0.008000368000011804,True,0.0,1.842405103293337,0.0388579500517042,,True
1054,8.424068854000325,0.008000858000286826,True,0.0,1.8408044891964426,0.03914688332792691,,True
1055,8.432069382999998,0.008000528999673406,True,0.0,1.8410991981540523,0.03873570924147733,,True
1056,8.440067580000232,0.007998197000233631,True,0.0,1.8398328340801506,0.03895474629677199,,True
1057,8.44806630400035,0.007998724000117363,True,0.0,1.8388331542424465,0.03866511238120375,,True
1058,8.456163868000203,0.008097563999854174,True,0.0,1.8375719807032753,0.03880327330171848,,True
1059,8.464067365000119,0.00790349699991566,True,0.0,1.8365924154270223,0.03845853562592596,,True
1060,8.472072970000227,0.008005605000107607,True,0.0,1.836981017308808,0.038729519487414356,,True
1061,8.480069597000238,0.007996627000011358,True,0.0,1.8373690560572553,0.0375865580287546,,True
1062,8.488073160000113,0.008003562999874703,True,0.0,1.8361196653442637,0.037055837428505996,,True
1063,8.49606539000024,0.007992230000127165,True,0.0,1.8370700728428135,0.036763628547260147,,True
1064,8.504129781000302,0.008064391000061732,True,0.0,1.835868632834499,0.03627592772962098,,True
1065,8.512071906000074,0.007942124999772204,True,0.0,1.835321970490054,0.036507169229251756,,True
1066,8.520073051000054,0.00800114499998017,True,0.0,1.8346273348312807,0.036029361566879345,,True
1067,8.528066414000023,0.007993362999968667,True,0.0,1.8369432118950195,0.03509768542019903,,True
1068,8.536076594000406,0.008010180000383116,True,0.0,1.8370743407502763,0.03526751042415541,,True
1069,8.544065875000342,0.007989280999936454,True,0.0,1.8349978076082154,0.035357549791415706,,True
1070,8.552064480000354,0.007998605000011594,True,0.0,1.834656123120707,0.035702239061871976,,True
1071,8.560084222000114,0.0080197419997603,True,0.0,1.8309948958762299,0.035613692804524075,,True
1072,8.568088846000137,0.008004624000022886,True,0.0,1.8292214159741116,0.03555003204301649,,True
1073,8.576076870000179,0.00798802400004206,True,0.0,1.8299082296112972,0.03640036027522399,,True
1074,8.584066866000285,0.007989996000105748,True,0.0,1.8265795600112027,0.03702503475408855,,True
1075,8.592065786000148,0.007998919999863574,True,0.0,1.8240480891750432,0.036761333992986894,,True
1076,8.600067128000319,0.008001342000170553,True,0.0,1.823026558193034,0.037630590549358967,,True
1077,8.608074811000279,0.008007682999959798,True,0.0,1.8244895571825646,0.03712609503373154,,True
1078,8.616105944000083,0.008031132999803958,True,0.0,1.8214895026625917,0.03826154190668203,,True
1079,8.6240675680001,0.007961624000017764,True,0.0,1.8195990356517433,0.03806844301941187,,True
1080,8.63207156100043,0.008003993000329501,True,0.0,1.8178695685094999,0.038852826546175445,,True
1081,8.640068291000262,0.007996729999831587,True,0.0,1.8156828720330478,0.03885200104692472,,True
1082,8.648067338000146,0.00799904699988474,True,0.0,1.8142081084163466,0.04037623211910165,,True
1083,8.656071004000296,0.008003666000149678,True,0.0,1.8144992098430948,0.03964796044510757,,True
1084,8.664102284000364,0.008031280000068364,True,0.0,1.8124461381655392,0.039528159491185176,,True
1085,8.672073238000394,0.007970954000029451,True,0.0,1.8104834802419152,0.03978006511612674,,True
1086,8.680067941000289,0.007994702999894798,True,0.0,1.8083287803523542,0.040667366446805096,,True
1087,8.688151004000247,0.008083062999958202,True,0.0,1.806190457449865,0.04220824261042036,,True
1088,8.696066618000259,0.007915614000012283,True,0.0,1.8050948129595916,0.04155314311546214,,True
1089,8.704076590000113,0.008009971999854315,True,0.0,1.8020782310698369,0.04243543898294065,,True
1090,8.712066751000293,0.007990161000179796,True,0.0,1.8013846634397943,0.042273995169774405,,True
1091,8.720068964000347,0.008002213000054326,True,0.0,1.7998324925156577,0.0421562505173002,,True
1092,8.72806412700038,0.007995163000032335,True,0.0,1.7976934017201422,0.042692606497955206,,True
1093,8.736059609000222,0.007995481999842013,True,0.0,1.796367317859483,0.04269213865195206,,True
1094,8.744068964000235,0.008009355000012874,True,0.0,1.795841905057101,0.04202314305967805,,True
1095,8.752079813000364,0.008010849000129383,True,0.0,1.7933876621170861,0.04231355270122551,,True
1096,8.760070166000332,0.007990352999968309,True,0.0,1.7914727121001146,0.04348841215588414,,True
1097,8.768081333000282,0.008011166999949637,True,0.0,1.7898328292589887,0.04390413014312848,,True
1098,8.776095641000211,0.00801430799992886,True,0.0,1.788575136287709,0.043700952419728364,,True
1099,8.78413537600045,0.00803973500023858,True,0.0,1.7868674740752826,0.04439030417265708,,True
1100,8.792081298000085,0.007945921999635175,True,0.0,1.785565723297313,0.0444296052627168,,True
1101,8.800068519000433,0.007987221000348654,True,0.0,1.7846656648635721,0.0442733935375729,,True
1102,8.808072323000033,0.008003803999599768,True,0.0,1.7839923673930813,0.0442040362010134,,True
1103,8.816117336000389,0.008045013000355539,True,0.0,1.7810193750491383,0.045777225491688694,,True
1104,8.824069479000173,0.007952142999783973,True,0.0,1.7812325069069106,0.04492302076215971,,True
1105,8.832068921000428,0.00799944200025493,True,0.0,1.7793324843636271,0.04594879299194573,,True
1106,8.840068570000312,0.007999648999884812,True,0.0,1.7779803673385772,0.046084084253692655,,True
1107,8.84806999400007,0.008001423999758117,True,0.0,1.7772861130911701,0.0456429455791032,,True
1108,8.85606636500006,0.007996370999990177,True,0.0,1.7765591932210194,0.045856879757068536,,True
1109,8.864101758000288,0.008035393000227486,True,0.0,1.7760229134233816,0.045036229888481875,,True
1110,8.872066461000031,0.007964702999743167,True,0.0,1.7746288250623852,0.04496801583579916,,True
1111,8.880101971000386,0.008035510000354407,True,0.0,1.7740910671503602,0.04455334695972064,,True
1112,8.888070943000002,0.00796897199961677,True,0.0,1.7743404463886379,0.043420134425835734,,True
1113,8.89610279100043,0.008031848000427999,True,0.0,1.7726873159711058,0.04363575664394516,,True
1114,8.904066072000205,0.007963280999774724,True,0.0,1.7731260456486897,0.04261990895198495,,True
1115,8.912072235000323,0.00800616300011825,True,0.0,1.7727094913727792,0.04177241528821661,,True
1116,8.920059782000408,0.007987547000084305,True,0.0,1.7730574232948288,0.04082065000113922,,True
1117,8.928072503000294,0.008012720999886369,True,0.0,1.771655226475661,0.04084781227938852,,True
1118,8.936068070000147,0.007995566999852599,True,0.0,1.7702874860417606,0.04131821582713863,,True
1119,8.944066627000211,0.007998557000064466,True,0.0,1.7703914760036195,0.04037810569572032,,True
1120,8.952068753000276,0.00800212600006489,True,0.0,1.7695988272339163,0.04073789591061121,,True
1121,8.960066400000414,0.007997647000138386,True,0.0,1.7679953992958284,0.04082761237008854,,True
1122,8.968066663000172,0.008000262999757979,True,0.0,1.7667729695279122,0.040720838297626974,,True
1123,8.976075224000397,0.00800856100022429,True,0.0,1.7662078667151102,0.04113528415708829,,True
1124,8.984067404000143,0.00799217999974644,True,0.0,1.7660749627505687,0.040146077739726074,,True
1125,8.992064681000102,0.007997276999958558,True,0.0,1.7640544984684405,0.04089004804790428,,True
1126,9.00006677500005,0.008002093999948556,True,0.0,1.7639653670810596,0.04046402704491071,,True
1127,9.008103824000045,0.008037048999995022,True,0.0,1.762369096158761,0.040465593098139886,,True
1128,9.01607109600036,0.007967272000314551,True,0.0,1.7609905141354154,0.04098586029109894,,True
1129,9.024062654000318,0.007991557999957877,True,0.0,1.7611743634125168,0.03999658363629208,,True
1130,9.032070468000256,0.008007813999938662,True,0.0,1.760629364682062,0.039717879391537377,,True
1131,9.040066611000384,0.007996143000127631,True,0.0,1.7601766413329123,0.03944734121773629,,True
1132,9.048069854000005,0.008003242999620852,True,0.0,1.7613574190782975,0.03834819051256595,,True
1133,9.056066811000164,0.007996957000159455,True,0.0,1.759387880525819,0.038956282184405756,,True
1134,9.064069247000134,0.008002435999969748,True,0.0,1.7587561536250234,0.038653244641052784,,True
1135,9.072197687000426,0.008128440000291448,True,0.0,1.757190059093631,0.038605332215164004,,True
1136,9.080068315000062,0.007870627999636781,True,0.0,1.7571212989487324,0.0384902563345353,,True
1137,9.088081779000277,0.008013464000214299,True,0.0,1.7560381757390875,0.03802888628717144,,True
1138,9.096067036000022,0.007985256999745616,True,0.0,1.754028033554166,0.039194429339445655,,True
1139,9.104074696000225,0.008007660000203032,True,0.0,1.7542688820714232,0.03857116148297939,,True
1140,9.112062960000003,0.0079882639997777,True,0.0,1.753928119061054,0.0381073827756765,,True
1141,9.120064423000258,0.008001463000255171,True,0.0,1.7538260937779566,0.037838971808656044,,True
1142,9.128066191000016,0.008001767999758158,True,0.0,1.7530274217003758,0.03802507883881055,,True
1143,9.13606966000043,0.008003469000414043,True,0.0,1.7513969603975028,0.03843634452087979,,True
1144,9.144067866000114,0.007998205999683705,True,0.0,1.749811729037508,0.038326798693240946,,True
1145,9.1520667220002,0.007998856000085652,True,0.0,1.7484913239038968,0.038327392030095705,,True
1146,9.160067983000317,0.008001261000117665,True,0.0,1.7474639073098102,0.0390422486731317,,True
1147,9.168066269000064,0.007998285999747168,True,0.0,1.7460712498992677,0.039455211806428324,,True
1148,9.176072058000045,0.008005788999980723,True,0.0,1.7448580108623764,0.038780621645139485,,True
1149,9.184075806000237,0.00800374800019199,True,0.0,1.7433810287835585,0.03907944771139827,,True
1150,9.192083047000324,0.008007241000086651,True,0.0,1.7410056365083058,0.040376934117504044,,True
1151,9.20006841500026,0.007985367999935988,True,0.0,1.739835070513238,0.04030621141435763,,True
1152,9.208199314000012,0.00813089899975239,True,0.0,1.7392409177611277,0.0398255778938623,,True
1153,9.216086340000402,0.007887026000389596,True,0.0,1.7388034057471926,0.03928022932851102,,True
1154,9.224067434000062,0.007981093999660516,True,0.0,1.7372069391041287,0.0399121336978853,,True
1155,9.232069956000032,0.008002521999969758,True,0.0,1.7351288432462133,0.04065065010881444,,True
1156,9.240067780000118,0.00799782400008553,True,0.0,1.7337206294478653,0.04100798496715252,,True
1157,9.248071424000045,0.00800364399992759,True,0.0,1.7332812323608424,0.04095024543128303,,True
1158,9.256067690000236,0.007996266000191099,True,0.0,1.7315473646090602,0.041226478008682045,,True
1159,9.264072196000143,0.008004505999906542,True,0.0,1.731952000951745,0.04002708193294227,,True
1160,9.272059538000121,0.007987341999978526,True,0.0,1.7291267936299983,0.04112801251650051,,True
1161,9.28006716200025,0.008007624000128999,True,0.0,1.727375456916938,0.041499654444623835,,True
1162,9.28813710500026,0.008069943000009516,True,0.0,1.7273019124181759,0.04060945435416771,,True
1163,9.296065959000316,0.007928854000056162,True,0.0,1.7267290291148594,0.040634304999935256,,True
1164,9.304075769000065,0.00800980999974854,True,0.0,1.7265909027451394,0.03992139046585696,,True
1165,9.312067273000139,0.007991504000074201,True,0.0,1.724281123494422,0.04049477330691284,,True
1166,9.320095870000387,0.008028597000247828,True,0.0,1.7236109867454918,0.04008019389431404,,True
1167,9.328065664000405,0.007969794000018737,True,0.0,1.721431692895311,0.04140171125767165,,True
1168,9.336059410000416,0.007993746000011015,True,0.0,1.7218369448540933,0.03995368621125996,,True
1169,9.344071756000176,0.008012345999759418,True,0.0,1.7208069896525475,0.03965141238255099,,True
1170,9.352066720000039,0.007994963999863103,True,0.0,1.720060146319904,0.039357394411902835,,True
1171,9.36012249300029,0.008055773000251065,True,0.0,1.7185640667495476,0.03932878803464162,,True
1172,9.368068456000401,0.007945963000111078,True,0.0,1.7173260825771732,0.039458654312997665,,True
1173,9.376064450000285,0.007995993999884377,True,0.0,1.7167460805476,0.0390173650317886,,True
1174,9.384071612000298,0.008007162000012613,True,0.0,1.7154146578217606,0.039690378978955165,,True
1175,9.392069764000098,0.00799815199980003,True,0.0,1.7150452002164576,0.038897965009273526,,True
1176,9.400068488000215,0.007998724000117363,True,0.0,1.7151759148321701,0.037669766352509966,,True
1177,9.408069192000312,0.008000704000096448,True,0.0,1.7147267815027618,0.037377607830472635,,True
1178,9.416070098000091,0.008000905999779206,True,0.0,1.7128536263333691,0.037887792945257355,,True
1179,9.424072101000093,0.008002003000001423,True,0.0,1.7113128364836212,0.03827006798218274,,True
1180,9.432066176000262,0.007994075000169687,True,0.0,1.7127737932258797,0.03642534010942884,,True
1181,9.440072463000433,0.008006287000171142,True,0.0,1.7117528615615374,0.035626822634257885,,True
1182,9.448076478000075,0.008004014999642095,True,0.0,1.7114325178714047,0.035310578273506484,,True
1183,9.45606650100035,0.00799002300027496,True,0.0,1.710767045893487,0.03576508663706494,,True
1184,9.464069155000288,0.008002653999938047,True,0.0,1.7098422900073138,0.035463685697694654,,True
1185,9.472065833000215,0.00799667799992676,True,0.0,1.7085783972384632,0.03594108526090184,,True
1186,9.480064143000163,0.007998309999948106,True,0.0,1.708450706688358,0.03482548940292215,,True
1187,9.488193008000053,0.008128864999889629,True,0.0,1.7086616459040107,0.033946270578863146,,True
1188,9.496072756000103,0.007879748000050313,True,0.0,1.7079847846758498,0.03387451624152697,,True
1189,9.504080472000169,0.008007716000065557,True,0.0,1.707996582347344,0.033867511853904346,,True
1190,9.512072537000222,0.007992065000053117,True,0.0,1.7085975302796645,0.0324009749456289,,True
1191,9.520075066000118,0.00800252899989573,True,0.0,1.7079525795074957,0.03270589788530292,,True
1192,9.528066419000425,0.007991353000306844,True,0.0,1.708469492865256,0.03142398660107882,,True
1193,9.536074791000374,0.008008371999949304,True,0.0,1.7078940156193458,0.03139234436012666,,True
1194,9.544063816000289,0.007989024999915273,True,0.0,1.7053270670832685,0.03194297400503133,,True
1195,9.552067986000111,0.008004169999821897,True,0.0,1.7057455393833525,0.03130862000923822,,True
1196,9.560059193000143,0.007991207000031864,True,0.0,1.7043404637534427,0.03146906598323114,,True
1197,9.568067539000367,0.008008346000224265,True,0.0,1.7035932344711329,0.031399164745695735,,True
1198,9.57606450700041,0.007996968000043125,True,0.0,1.7042256692727205,0.031144104937575082,,True
1199,9.584067044000221,0.008002536999811127,True,0.0,1.7021493021174348,0.032119423351588884,,True
1200,9.59208122200016,0.00801417799993942,True,0.0,1.7014972000242476,0.03227855704291985,,True
1201,9.600067129000308,0.007985907000147563,True,0.0,1.6990007589171117,0.03227292628594643,,True
1202,9.608069066000098,0.008001936999789905,True,0.0,1.699588313347579,0.0316510845096706,,True
1203,9.616073882000364,0.008004816000266146,True,0.0,1.6982945994724061,0.03216267981015712,,True
1204,9.624064748000364,0.007990866000000096,True,0.0,1.6971808924060452,0.032191180160875556,,True
1205,9.632067823000398,0.008003075000033277,True,0.0,1.6959968644363954,0.03237472879614024,,True
1206,9.640065329000208,0.007997505999810528,True,0.0,1.6939955715117854,0.0324773263686222,,True
1207,9.648060500000156,0.007995170999947732,True,0.0,1.693108704785943,0.032845762081865015,,True
1208,9.65606870900001,0.008008208999854105,True,0.0,1.69372956982258,0.03237976626510567,,True
1209,9.664069843000107,0.0080011340000965,True,0.0,1.6937786654335711,0.03212788046577546,,True
1210,9.67206646600016,0.00799662300005366,True,0.0,1.6888945045352393,0.033587259964165665,,True
1211,9.680067970000437,0.008001504000276327,True,0.0,1.6890625319217885,0.03366459236003396,,True
1212,9.688072175000343,0.008004204999906506,True,0.0,1.6852176370993757,0.03451695282989917,,True
1213,9.696067180000227,0.007995004999884259,True,0.0,1.6858043296959442,0.03375223750924134,,True
1214,9.704081360000146,0.00801417999991827,True,0.0,1.684186124936842,0.03431970120487345,,True
1215,9.712061689000166,0.007980329000019992,True,0.0,1.682595264190209,0.03448499137246778,,True
1216,9.72006566600021,0.00800397700004396,True,0.0,1.6808585634561317,0.035165567455438765,,True
1217,9.728069401000084,0.008003734999874723,True,0.0,1.6801106279912892,0.035192443421200356,,True
1218,9.736080414000298,0.008011013000214007,True,0.0,1.6790838894305666,0.03463394036888293,,True
1219,9.744075499000246,0.007995084999947721,True,0.0,1.6779165368913682,0.035313653989368525,,True
1220,9.752079498000057,0.008003998999811301,True,0.0,1.6776082202413434,0.034732413784241106,,True
1221,9.760067050000089,0.007987552000031428,True,0.0,1.6769963693604508,0.03414522986968006,,True
1222,9.768068270000185,0.00800122000009651,True,0.0,1.6749949330153682,0.03538266100966008,,True
1223,9.776064575000419,0.007996305000233406,True,0.0,1.6753382858309989,0.03473620163633789,,True
1224,9.784066220000113,0.00800164499969469,True,0.0,1.6728349488084124,0.034933892301226524,,True
1225,9.792078177000349,0.00801195700023527,True,0.0,1.6719376896529978,0.03489267564737578,,True
1226,9.800066768000306,0.007988590999957523,True,0.0,1.6707271496986411,0.03501671895951239,,True
1227,9.808073974000308,0.008007206000002043,True,0.0,1.6696187643174953,0.03506843271400472,,True
1228,9.816058627000075,0.007984652999766695,True,0.0,1.6686398718769493,0.035136966785671915,,True
1229,9.824075317000279,0.008016690000204107,True,0.0,1.6677950131903896,0.03505569293096456,,True
1230,9.83206095100013,0.007985633999851416,True,0.0,1.6660469059478078,0.03515062632096477,,True
1231,9.840077814000324,0.008016863000193553,True,0.0,1.6657405941490848,0.03517826498495849,,True
1232,9.848061439000048,0.00798362499972427,True,0.0,1.6635606547734716,0.035840467062390476,,True
1233,9.856069036000008,0.008007596999959787,True,0.0,1.6642873395129543,0.035053969889953844,,True
1234,9.864071000000422,0.008001964000413864,True,0.0,1.6617426095079924,0.035789294796820054,,True
1235,9.872066820000327,0.007995819999905507,True,0.0,1.6606248252027138,0.03589413639825108,,True
1236,9.880067631000202,0.008000810999874375,True,0.0,1.6595856072965551,0.03527733646207626,,True
1237,9.888067076000425,0.007999445000223204,True,0.0,1.6580915908162415,0.035953812534288136,,True
1238,9.89606605500012,0.007998978999694373,True,0.0,1.6566666834256505,0.0359947687501565,,True
1239,9.904078241000207,0.00801218600008724,True,0.0,1.655917179873751,0.03596853238796646,,True
1240,9.912060142000428,0.007981901000221114,True,0.0,1.655392897258272,0.035249100539004534,,True
1241,9.920062440000038,0.008002297999610164,True,0.0,1.652711731961536,0.03626587446051032,,True
1242,9.928121708000162,0.008059268000124575,True,0.0,1.6526112789534766,0.03594583491265805,,True
1243,9.93607848900001,0.007956780999847979,True,0.0,1.6513920046018955,0.036085851108483794,,True
1244,9.944062799000221,0.007984310000210826,True,0.0,1.6499508949710784,0.0361155692623324,,True
1245,9.952084493000257,0.008021694000035495,True,0.0,1.6497050787472443,0.0357888469824134,,True
1246,9.960062414000276,0.007977921000019705,True,0.0,1.6488261149699581,0.03593316924208608,,True
1247,9.96809075100009,0.0080283369998142,True,0.0,1.6480830809976292,0.03570924247016087,,True
1248,9.976059464000173,0.007968713000082062,True,0.0,1.6464325826167705,0.03598923387944889,,True
1249,9.984067466000397,0.008008002000224224,True,0.0,1.6465169526638317,0.03503886181891871,,True
1250,9.992066352000165,0.00799888599976839,True,0.0,1.645251371066472,0.03551053452807765,,True
1251,10.000068674000431,0.008002322000265849,True,0.0,1.643971510118782,0.035521870132072246,,True
1252,10.008072252000147,0.008003577999716072,True,0.0,1.6439237742842423,0.0347466797611349,,True
1253,10.016074384000149,0.008002132000001438,True,0.0,1.6424805603741475,0.03502778438773647,,True
1254,10.024066782000318,0.007992398000169487,True,0.0,1.6419889927620794,0.034614558200506795,,True
1255,10.032067790000383,0.008001008000064758,True,0.0,1.6412396370302105,0.03448274270993759,,True
1256,10.040058112000224,0.007990321999841399,True,0.0,1.6408072094525032,0.03432005731382076,,True
1257,10.048067457000343,0.008009345000118628,True,0.0,1.6386647924230302,0.03525851671298844,,True
1258,10.056071057000281,0.00800359999993816,True,0.0,1.6390184935320007,0.034230713945481335,,True
1259,10.064067764000356,0.00799670700007482,True,0.0,1.6374760093116327,0.03470886319396823,,True
1260,10.0720803170002,0.008012552999844047,True,0.0,1.6368641296802824,0.0346007915363399,,True
1261,10.080069526000443,0.007989209000243136,True,0.0,1.6363027942325659,0.03441371385072858,,True
1262,10.088067242000307,0.00799771599986343,True,0.0,1.634997501629012,0.034460523324369566,,True
1263,10.096065465000265,0.00799822299995867,True,0.0,1.6356489390730085,0.03385566367108311,,True
1264,10.104065246000118,0.007999780999853101,True,0.0,1.6345605691653582,0.03333383721742396,,True
1265,10.112066275000416,0.008001029000297422,True,0.0,1.6340729753316656,0.03263204747243836,,True
1266,10.120065950000026,0.007999674999609852,True,0.0,1.6343497818119843,0.03179680250488473,,True
1267,10.128064972000175,0.007999022000149125,True,0.0,1.6330001059286297,0.03215836154485136,,True
1268,10.13608030100022,0.008015329000045313,True,0.0,1.6323995168838108,0.03203623929217133,,True
1269,10.144068437000442,0.007988136000221857,True,0.0,1.632025160007739,0.031200987637334483,,True
1270,10.152074616000391,0.008006178999949043,True,0.0,1.630641050209294,0.03167761132092931,,True
1271,10.16006858000037,0.007993963999979314,True,0.0,1.6307510073735287,0.03145077392276787,,True
1272,10.168070582000382,0.008002002000011998,True,0.0,1.6291791600794874,0.03140813968248146,,True
1273,10.17606773100033,0.007997148999947967,True,0.0,1.6280522001099862,0.03128411441028348,,True
1274,10.184068503000162,0.008000771999832068,True,0.0,1.6288513983008879,0.030498690579263795,,True
1275,10.192066991000047,0.007998487999884674,True,0.0,1.6272672603337688,0.03107972841286563,,True
1276,10.20006490500009,0.007997914000043238,True,0.0,1.6261751426951523,0.03114491361744995,,True
1277,10.208067078000113,0.008002173000022594,True,0.0,1.6263455287635478,0.03069631602957684,,True
1278,10.216057593000187,0.007990515000074083,True,0.0,1.6237809655389677,0.031672423864416835,,True
1279,10.224068913000337,0.00801132000015059,True,0.0,1.623367349081916,0.03084251616398997,,True
1280,10.23206712800038,0.007998215000043274,True,0.0,1.6225249119250096,0.031454678416614805,,True
1281,10.24007981800014,0.00801268999975946,True,0.0,1.6220260838194314,0.03128837172671096,,True
1282,10.248073433000172,0.00799361500003215,True,0.0,1.6198631698434667,0.03191613643574732,,True
1283,10.256065386000046,0.00799195299987332,True,0.0,1.6181577441010144,0.03175998088501109,,True
1284,10.264061081000364,0.007995695000317937,True,0.0,1.6172960796071927,0.031848665344644075,,True
1285,10.272152540000206,0.008091458999842871,True,0.0,1.6160742109401007,0.031695149174997314,,True
1286,10.280067847000282,0.0079153070000757,True,0.0,1.615674417139545,0.03146052264865989,,True
1287,10.288060795000092,0.007992947999809985,True,0.0,1.6140643054162274,0.03209497877198008,,True
1288,10.29606971000021,0.008008915000118577,True,0.0,1.613209459517094,0.031647782061658,,True
1289,10.304071164000106,0.008001453999895602,True,0.0,1.6114251472899903,0.03277156179409867,,True
1290,10.312065180000445,0.007994016000338888,True,0.0,1.610502266119974,0.0325319673272803,,True
1291,10.32006484600015,0.00799966599970503,True,0.0,1.607912959975716,0.03372030565832198,,True
1292,10.328062715000215,0.007997869000064384,True,0.0,1.6058931067828293,0.03436564353116596,,True
1293,10.336088488000314,0.008025773000099434,True,0.0,1.6039329080300322,0.03543140911276408,,True
1294,10.344065777000196,0.007977288999882148,True,0.0,1.604399287735595,0.03387114063559698,,True
1295,10.352080667000337,0.00801489000014044,True,0.0,1.6012421472418206,0.035896758582348635,,True
1296,10.360076156000105,0.007995488999767986,True,0.0,1.6012391951379203,0.03545187726494336,,True
1297,10.368064117000358,0.007987961000253563,True,0.0,1.598592535857427,0.03695488490091584,,True
1298,10.376066321000053,0.008002203999694757,True,0.0,1.5979661814928319,0.036834800775456276,,True
1299,10.384069970000382,0.00800364900032946,True,0.0,1.596482925220857,0.03781009896304502,,True
1300,10.392063237000002,0.007993266999619664,True,0.0,1.5954091927262783,0.038123199933675085,,True
1301,10.400066026000331,0.008002789000329358,True,0.0,1.5936999557605664,0.0394079199594175,,True
1302,10.4080994560004,0.00803343000006862,True,0.0,1.5931320210196107,0.038690346149880664,,True
1303,10.416068976000133,0.007969519999733166,True,0.0,1.593159133694874,0.03806254219183451,,True
1304,10.424064812000324,0.007995836000191048,True,0.0,1.5919314407740612,0.038123312618294436,,True
1305,10.4320641420004,0.007999330000075133,True,0.0,1.5897852704151902,0.038840859521745444,,True
1306,10.44006662100037,0.008002478999969753,True,0.0,1.5899022921160586,0.03827332446577224,,True
1307,10.448066403000212,0.007999781999842526,True,0.0,1.5893290540819733,0.03759385713225728,,True
1308,10.456127976000062,0.008061572999849886,True,0.0,1.588346866483196,0.03741213946503417,,True
1309,10.46406461200013,0.007936636000067665,True,0.0,1.5875304485272739,0.03721013519185141,,True
1310,10.472075558000142,0.008010946000013064,True,0.0,1.5860018873296193,0.03766150031201033,,True
1311,10.480063556000005,0.007987997999862273,True,0.0,1.5857456100731528,0.03669749622431433,,True
1312,10.488064093000048,0.00800053700004355,True,0.0,1.5848231797438794,0.036668611804526435,,True
1313,10.496064059000219,0.007999966000170389,True,0.0,1.5842795649961783,0.03572477686559858,,True
1314,10.504063873000177,0.00799981399995886,True,0.0,1.5840829358650013,0.034945902288339804,,True
1315,10.512072219000402,0.008008346000224265,True,0.0,1.5828726239727866,0.035118200054236166,,True
1316,10.520076596000308,0.008004376999906526,True,0.0,1.5816861165482,0.03553855495455165,,True
1317,10.528066247000424,0.007989651000116282,True,0.0,1.582158999794898,0.03403318392713057,,True
1318,10.536073501000374,0.008007253999949171,True,0.0,1.581544126555071,0.03390857172330931,,True
1319,10.544066792000194,0.007993290999820601,True,0.0,1.5818555107562058,0.03239390345378114,,True
1320,10.552062544000364,0.007995752000169887,True,0.0,1.5805871455515623,0.03276471664616609,,True
1321,10.560127445000035,0.008064900999670499,True,0.0,1.5808754141462045,0.03173328114846804,,True
1322,10.568077166000421,0.00794972100038649,True,0.0,1.5801748342906614,0.03125300599757198,,True
1323,10.576137977000144,0.00806081099972289,True,0.0,1.5799962053938288,0.03082687956935771,,True
1324,10.584078841000064,0.007940863999920111,True,0.0,1.5795119999593683,0.030390778486695243,,True
1325,10.592068790000212,0.007989949000148044,True,0.0,1.5785957580644072,0.030110384537774537,,True
1326,10.600101615000312,0.008032825000100274,True,0.0,1.577588985467476,0.030392354375788987,,True
1327,10.608070118000342,0.007968503000029159,True,0.0,1.5764250462942626,0.030284453162887144,,True
1328,10.6160663200003,0.00799620199995843,True,0.0,1.5765047981687033,0.02906998952394465,,True
1329,10.62406632300008,0.008000002999779099,True,0.0,1.5750256817051962,0.02998634760781998,,True
1330,10.632134366000173,0.008068043000093894,True,0.0,1.5761592879845312,0.028768477802883368,,True
1331,10.640066675000071,0.007932308999897941,True,0.0,1.5732065755283564,0.029900274338705547,,True
1332,10.648103858000013,0.00803718299994216,True,0.0,1.5735545927741355,0.028770544924474308,,True
1333,10.656081158000234,0.007977300000220566,True,0.0,1.5720312605101001,0.02909295717515009,,True
1334,10.664066103000096,0.00798494499986191,True,0.0,1.5711371370086478,0.0288085387314894,,True
1335,10.672069364000436,0.00800326100033999,True,0.0,1.5697960016639472,0.02915378379762781,,True
1336,10.680095495000387,0.00802613099995142,True,0.0,1.5698876123742518,0.028788021173327443,,True
1337,10.6880663930001,0.007970897999712179,True,0.0,1.5683315402193507,0.02911292703822988,,True
1338,10.696070259000408,0.008003866000308335,True,0.0,1.5674577099640772,0.02871570315668056,,True
1339,10.70406335800044,0.007993099000032089,True,0.0,1.5668401784135215,0.028704167472033325,,True
1340,10.712069214000167,0.008005855999726919,True,0.0,1.5655304300917303,0.02903508761590677,,True
1341,10.720066965000115,0.007997750999948039,True,0.0,1.564223011458056,0.02885373544446269,,True
1342,10.728058538000369,0.007991573000253993,True,0.0,1.5631648403875702,0.029168313796064108,,True
1343,10.736140019000231,0.008081480999862833,True,0.0,1.5622131917209667,0.029575292303130475,,True
1344,10.744060743000318,0.00792072400008692,True,1.0842021724855044e-19,1.561902321810031,0.028296045646672145,,True
1345,10.752130706000116,0.008069962999798008,True,0.0,1.5611612220405289,0.02794093819260773,,True
1346,10.760069549000036,0.00793884299991987,True,0.0,1.5608611937169874,0.02809225989780605,,True
1347,10.76814731200011,0.008077763000073901,True,0.0,1.5598734052648562,0.027778284455805286,,True
1348,10.776068302000112,0.007920990000002348,True,0.0,1.5604698783469857,0.02689458129083468,,True
1349,10.784066224000071,0.007997921999958635,True,0.0,1.560857094140212,0.026376029184282553,,True
1350,10.792081020000296,0.008014796000225033,True,0.0,1.558470276439459,0.02659650383974753,,True
1351,10.80006908300038,0.007988063000084367,True,0.0,1.5570247024927666,0.02686969645800737,,True
1352,10.808060791000116,0.007991707999735809,True,0.0,1.5572421969654906,0.026524631767619686,,True
1353,10.816114391000156,0.008053600000039296,True,0.0,1.5574089661894523,0.02612138159561688,,True
1354,10.824066881000363,0.007952490000207035,True,0.0,1.5567972636693086,0.02651470980889124,,True
1355,10.83207475800009,0.00800787699972716,True,0.0,1.5540419991438599,0.026565268161804118,,True
1356,10.840062431000206,0.007987673000116047,True,0.0,1.5530223850817844,0.02659467514786582,,True
1357,10.848066954000387,0.008004523000181507,True,0.0,1.5533635771810463,0.02640930409742916,,True
1358,10.8560807570002,0.00801380299981247,True,0.0,1.5511068356009177,0.027156773056085808,,True
1359,10.864122354000301,0.00804159700010132,True,0.0,1.5516737661666937,0.027550966706373234,,True
1360,10.872075918000064,0.007953563999762991,True,0.0,1.5503483421847655,0.02724400269085827,,True
1361,10.88006765,0.007991731999936746,True,0.0,1.5479410218607612,0.02804702838885055,,True
1362,10.888080427000205,0.008012777000203641,True,0.0,1.5466394756184114,0.02796111302061282,,True
1363,10.896065300000373,0.00798487300016859,True,0.0,1.5464021406553392,0.027594741944090322,,True
1364,10.904068734000248,0.008003433999874687,True,0.0,1.5434615425701077,0.02846244448387826,,True
1365,10.912068572000408,0.007999838000159798,True,0.0,1.5433565686304516,0.0280073475057781,,True
1366,10.92006044000027,0.007991867999862734,True,0.0,1.542376939492832,0.029308524788726104,,True
1367,10.928067554000336,0.008007114000065485,True,0.0,1.5395276478391404,0.02978686334546575,,True
1368,10.936059644000125,0.007992089999788732,True,0.0,1.5393528604923494,0.02928587703936917,,True
1369,10.944072492000032,0.008012847999907535,True,0.0,1.5368990423152653,0.030810890451614212,,True
1370,10.952062555000339,0.00799006300030669,True,0.0,1.53727247450121,0.02975909159824249,,True
1371,10.960077345000172,0.008014789999833738,True,0.0,1.5354421668754439,0.029850756739158373,,True
1372,10.96807236900031,0.007995024000138073,True,0.0,1.5340487864529855,0.030066178780456226,,True
1373,10.976064969000163,0.007992599999852246,True,0.0,1.5334980825848397,0.03079873388643698,,True
1374,10.984131179000087,0.008066209999924467,True,0.0,1.532210889412155,0.03138647549655299,,True
1375,10.992069678000007,0.00793849899991983,True,0.0,1.5316050264025851,0.030845065340037142,,True
1376,11.000069875000008,0.008000197000001208,True,0.0,1.5306515483469172,0.0307461358581105,,True
1377,11.008068669000295,0.00799879400028658,True,0.0,1.5288387774109258,0.031244572343529713,,True
1378,11.016073923000022,0.008005253999726847,True,0.0,1.5274225711516745,0.03142905618776788,,True
1379,11.024068296000223,0.007994373000201449,True,0.0,1.527196354586463,0.031075039018292422,,True
1380,11.032074796000416,0.008006500000192318,True,0.0,1.525832879383781,0.031371834935302836,,True
1381,11.040066266000395,0.007991469999979017,True,0.0,1.5248697331758894,0.0314940118940976,,True
1382,11.048066235000078,0.007999968999683915,True,0.0,1.5237283809667932,0.03182138333461837,,True
1383,11.056069370000387,0.008003135000308248,True,0.0,1.5245458058843044,0.030294928913289408,,True
1384,11.064070203000028,0.008000832999641716,True,0.0,1.5239549179430374,0.03019727825019371,,True
1385,11.072066473000177,0.007996270000148797,True,0.0,1.5214663635169228,0.030560976323644917,,True
1386,11.080070516000433,0.008004043000255479,True,0.0,1.5200107517015597,0.03126557650184821,,True
1387,11.088063165000221,0.007992648999788798,True,0.0,1.5204070288962577,0.029942468717472775,,True
1388,11.09607493700014,0.008011771999917983,True,0.0,1.5200645367438272,0.02999701183622391,,True
1389,11.104062970000086,0.007988032999946881,True,0.0,1.5172918454228352,0.031481263654734436,,True
1390,11.112066390000109,0.008003420000022743,True,0.0,1.516570242962681,0.03140954860211495,,True
1391,11.120063629000015,0.007997238999905676,True,0.0,1.5162012315611715,0.031084355756335075,,True
1392,11.128063865000058,0.008000236000043515,True,0.0,1.515471581383503,0.0305345045610855,,True
1393,11.136067316000208,0.008003451000149653,True,0.0,1.5148363422518663,0.031260065663273294,,True
1394,11.144071793000421,0.008004477000213228,True,0.0,1.5126409822791844,0.03144204966761636,,True
1395,11.152073359000042,0.008001565999620652,True,0.0,1.5110207265000628,0.03168554466544624,,True
1396,11.160066488000211,0.007993129000169574,True,0.0,1.5108231131189485,0.031664778709326574,,True
1397,11.168075306000446,0.008008818000234896,True,0.0,1.5096593870010835,0.03173966504889313,,True
1398,11.176067067000076,0.00799176099963006,True,0.0,1.509277845239085,0.03110891754468354,,True
1399,11.184075134000068,0.00800806699999157,True,0.0,1.50837652738839,0.031155039125627386,,True
1400,11.192066928000258,0.007991794000190566,True,0.0,1.50598558953872,0.03224536605400681,,True
1401,11.200065277000249,0.007998348999990412,True,0.0,1.5050174250320159,0.03277821456488908,,True
1402,11.208124836000025,0.008059558999775618,True,0.0,1.5045658396538544,0.03226780579112629,,True
1403,11.216069446000347,0.007944610000322427,True,0.0,1.5040556158592444,0.03225322151175722,,True
1404,11.22406025600003,0.007990809999682824,True,0.0,1.5025616978650638,0.0323953117163085,,True
1405,11.23206938400017,0.008009128000139754,True,0.0,1.5022889861153932,0.03230702750493356,,True
1406,11.240104453000185,0.008035069000015937,True,0.0,1.5014374247568973,0.03192390460613203,,True
1407,11.248067145000277,0.00796269200009192,True,0.0,1.5000458272546096,0.03196947986363047,,True
1408,11.256080697000016,0.00801355199973841,True,0.0,1.4989560281227716,0.03198762751636547,,True
1409,11.2640696200001,0.007988923000084469,True,0.0,1.498380340935141,0.031478990731609924,,True
1410,11.272104318000402,0.008034698000301432,True,0.0,1.4974938491284158,0.031586488035862795,,True
1411,11.280066443000123,0.00796212499972171,True,0.0,1.4964975645017682,0.03178552573429279,,True
1412,11.288074224000411,0.00800778100028765,True,0.0,1.4956043803282026,0.031226988779793362,,True
1413,11.2960680770002,0.007993852999788942,True,0.0,1.4956699991236149,0.030125584568522414,,True
1414,11.304065595000338,0.00799751800013837,True,0.0,1.4948950683015174,0.030309963353311806,,True
1415,11.312116148000314,0.00805055299997548,True,0.0,1.4949010564991334,0.02961407089021217,,True
1416,11.320073012000194,0.007956863999879715,True,0.0,1.4939737259792292,0.028835995040922685,,True
1417,11.328070015000321,0.007997003000127734,True,0.0,1.4941727104617135,0.027913318088722352,,True
1418,11.336062973000026,0.007992957999704231,True,0.0,1.4935254227558699,0.02776144343613832,,True
1419,11.34406577100026,0.00800279800023418,True,0.0,1.4939120566771311,0.026550512647669278,,True
1420,11.352068744000007,0.008002972999747726,True,0.0,1.493644466300864,0.025807455402196353,,True
1421,11.360067497000273,0.007998753000265424,True,0.0,1.4921644404681802,0.02649204571400739,,True
1422,11.36806923200038,0.008001735000107146,True,0.0,1.4915460825259061,0.02597477321045889,,True
1423,11.376074366000012,0.008005133999631653,True,0.0,1.4918960892388682,0.025219925064501228,,True
1424,11.384077683000214,0.008003317000202514,True,0.0,1.4911542166080876,0.025021458797858012,,True
1425,11.39206804100013,0.007990357999915432,True,0.0,1.4917438102609233,0.024044701971883044,,True
1426,11.400065111000004,0.00799706999987393,True,0.0,1.4893867817881519,0.024599493935583295,,True
1427,11.40807521800025,0.008010107000245625,True,0.0,1.4887385334322834,0.02474961403782474,,True
1428,11.416064456000186,0.00798923799993645,True,0.0,1.4872281798342888,0.024933981080766405,,True
1429,11.424069540000346,0.008005084000160423,True,0.0,1.4867058896612302,0.02445526655970956,,True
1430,11.432068364000315,0.007998823999969318,True,0.0,1.486481148302553,0.02432473616238151,,True
1431,11.440068548,0.00800018399968394,True,0.0,1.4850504970505303,0.024506667133608818,,True
1432,11.448067943000297,0.007999395000297227,True,0.0,1.4844413648453425,0.024579227254136037,,True
1433,11.456076089000362,0.008008146000065608,True,0.0,1.483159265887976,0.02491439371694618,,True
1434,11.464067156000056,0.00799106699969343,True,0.0,1.4811605810431576,0.02490077186756699,,True
1435,11.472156176000226,0.008089020000170422,True,0.0,1.4793934419566506,0.026357811675837534,,True
1436,11.480072025000027,0.0079158489998008,True,0.0,1.4786668921619384,0.025390223820354423,,True
1437,11.48806680900043,0.007994784000402433,True,0.0,1.478146979523376,0.026101018221274346,,True
1438,11.49606571500044,0.00799890600001163,True,0.0,1.4751390283567078,0.026646501774544227,,True
1439,11.50406527000041,0.007999554999969405,True,0.0,1.4749428342428872,0.025989649761241324,,True
1440,11.51207218000036,0.00800690999994913,True,0.0,1.4734989337610176,0.026454569611550276,,True
1441,11.520074263000424,0.008002083000064886,True,0.0,1.4726771514783075,0.026638880330099774,,True
1442,11.528067833000023,0.007993569999598549,True,0.0,1.470891523694245,0.027208905550881412,,True
1443,11.536074356000427,0.008006523000403831,True,0.0,1.470214523714307,0.027119370188466132,,True
1444,11.544074214000375,0.00799985799994829,True,0.0,1.469456987395452,0.026711583689846316,,True
1445,11.552072019000207,0.007997804999831715,True,0.0,1.4683289530451489,0.026776615611515866,,True
1446,11.560058784000375,0.007986765000168816,True,0.0,1.466912884440368,0.0274394603030425,,True
1447,11.568066916000134,0.008008131999758916,True,0.0,1.4653007154847337,0.027730557654718557,,True
1448,11.576111187000151,0.008044271000017034,True,0.0,1.4653205711168518,0.026468183494199514,,True
1449,11.58406702800039,0.007955841000239161,True,0.0,1.4642588400938192,0.02698620425995201,,True
1450,11.592079609000393,0.008012581000002683,True,0.0,1.4628078363799952,0.027744534047356724,,True
1451,11.600067356000181,0.007987746999788214,True,0.0,1.4617396671767295,0.027753025605317068,,True
1452,11.608074230000057,0.008006873999875097,True,0.0,1.4619866222500701,0.02677010849622696,,True
1453,11.616061499000352,0.007987269000295782,True,0.0,1.4599342966315079,0.02750416136590582,,True
1454,11.62407139800007,0.008009898999716825,True,0.0,1.458191328387318,0.028331202928416347,,True
1455,11.632069404000049,0.007998005999979796,True,0.0,1.4569884216270497,0.028954836159466278,,True
1456,11.640059317000123,0.007989913000074012,True,0.0,1.4561707710575276,0.02881803511520135,,True
1457,11.64807021200022,0.008010895000097662,True,0.0,1.4561455626174111,0.028115672725597854,,True
1458,11.656067053000243,0.00799684100002196,True,0.0,1.4544953968727947,0.028672313896011107,,True
1459,11.664066805000402,0.007999752000159788,True,0.0,1.4531619419818431,0.029353499980568607,,True
1460,11.672137749000285,0.00807094399988273,True,0.0,1.4524073882382826,0.029350216208597745,,True
1461,11.680072223000025,0.007934473999739566,True,0.0,1.45266708661406,0.02838017959333096,,True
1462,11.688079960000323,0.00800773700029822,True,0.0,1.450838209552878,0.029128334151265985,,True
1463,11.69607328200027,0.007993321999947511,True,0.0,1.4495817799574968,0.029667406433781414,,True
1464,11.704063034000228,0.007989751999957662,True,0.0,1.4498078397114869,0.02882287128927035,,True
1465,11.71206679800025,0.008003764000022784,True,0.0,1.4491884551148522,0.02863219267088021,,True
1466,11.720135137000398,0.008068339000146807,True,0.0,1.4475801371485704,0.02931878836941172,,True
1467,11.728059185000347,0.007924047999949835,True,0.0,1.4473269558311899,0.028525572464467543,,True
1468,11.736065322000286,0.008006136999938462,True,0.0,1.445294698556925,0.029395438917774644,,True
1469,11.744063211000139,0.007997888999852876,True,0.0,1.4449102258815143,0.029193516853730624,,True
1470,11.75206304700032,0.007999836000180949,True,0.0,1.4437669534769015,0.02933184746674653,,True
1471,11.760067064000395,0.008004017000075692,True,0.0,1.4434990185672398,0.029145253598863812,,True
1472,11.768063103000259,0.00799603899986323,True,0.0,1.4420564350030651,0.029550924317068912,,True
1473,11.776063147000059,0.008000043999800255,True,0.0,1.4405005118746668,0.029883339938077787,,True
1474,11.784066718000304,0.008003571000244847,True,0.0,1.4405488837271518,0.02857550378687022,,True
1475,11.79214051900044,0.008073801000136882,True,0.0,1.4395801261696481,0.029059698508418313,,True
1476,11.800073821000296,0.007933301999855757,True,0.0,1.4385755294692466,0.029005212737958745,,True
1477,11.808074205000139,0.008000383999842597,True,0.0,1.4371823033476927,0.02961314891140874,,True
1478,11.816066149000108,0.007991943999968498,True,0.0,1.436485355951698,0.0287912843329857,,True
1479,11.824072273000183,0.008006124000075943,True,0.0,1.4353150123507832,0.02936215233108333,,True
1480,11.832077604999995,0.00800533199981146,True,0.0,1.4340623901074452,0.029935037191680378,,True
1481,11.84007210100026,0.007994496000264917,True,0.0,1.4332064273468939,0.029739033256015693,,True
1482,11.848071524000261,0.007999423000001116,True,0.0,1.4316419768761204,0.03045217441572485,,True
1483,11.856068437000431,0.007996913000170025,True,0.0,1.4318236481389974,0.02890356364021689,,True
1484,11.864069470000231,0.008001032999800373,True,0.0,1.4309619578021826,0.02936190589621114,,True
1485,11.872063774000253,0.007994304000021657,True,0.0,1.4304371044979984,0.028506826718886505,,True
1486,11.880066749000434,0.008002975000181323,True,0.0,1.4304032164212281,0.028213737978578124,,True
1487,11.888128952000443,0.008062203000008594,True,0.0,1.428585912740481,0.028891031873289688,,True
1488,11.896065508000447,0.007936556000004202,True,0.0,1.4279290531926037,0.028714359467923542,,True
1489,11.904082641000059,0.008017132999611931,True,0.0,1.4266839772712547,0.028664089273910814,,True
1490,11.912061872000322,0.007979231000263098,True,0.0,1.425904474076159,0.02851384816161636,,True
1491,11.920063702000334,0.008001830000011978,True,0.0,1.4256027513535119,0.028162431367269314,,True
1492,11.928130491000047,0.008066788999713026,True,0.0,1.4242343682201943,0.028769779074080497,,True
1493,11.93607404300019,0.007943552000142517,True,0.0,1.4237730520438732,0.02792098419919337,,True
1494,11.944070314000328,0.007996271000138222,True,0.0,1.4233514964551213,0.02766050510094196,,True
1495,11.952066745000138,0.0079964309998104,True,0.0,1.4217224382838782,0.02826719698544215,,True
1496,11.960097431000122,0.008030685999983689,True,0.0,1.4214896810541422,0.027402615539539505,,True
1497,11.968068277000384,0.0079708460002621,True,0.0,1.4202798179910094,0.027456460404896126,,True
1498,11.976065789000131,0.007997511999747076,True,0.0,1.4203639335441949,0.027049389247931155,,True
1499,11.984068139000101,0.008002349999969738,True,0.0,1.4197859622599254,0.02632056345201905,,True
1500,11.99207189300023,0.008003754000128538,True,0.0,1.417197730951253,0.027682028106260522,,True
1501,12.000070891000178,0.007998997999948187,True,0.0,1.418658329119762,0.025621300493068763,,True
1502,12.00806545100022,0.007994560000042839,True,0.0,1.4165370413193206,0.02615436720196802,,True
1503,12.016072625000106,0.008007173999885708,True,0.0,1.4158944458320522,0.02656052812641753,,True
1504,12.024067083000318,0.007994458000212035,True,0.0,1.4147063862057085,0.026531849834278892,,True
1505,12.032069078000404,0.008001995000086026,True,0.0,1.4153719496508008,0.025536014291515464,,True
1506,12.040151694000087,0.008082615999683185,True,0.0,1.415330731910576,0.024683298831686355,,True
1507,12.048069789000238,0.00791809500015006,True,0.0,1.415144132159166,0.023857488840491138,,True
1508,12.056068468000376,0.007998679000138509,True,0.0,1.4133635181425444,0.024805012741250326,,True
1509,12.064060454000355,0.007991985999979079,True,0.0,1.4131456167338645,0.024014775599056223,,True
1510,12.072067769000114,0.008007314999758819,True,0.0,1.4109064933751236,0.025160161563723762,,True
1511,12.080064787000083,0.007997017999969103,True,0.0,1.4113616712695738,0.02369271612053449,,True
1512,12.088094149000426,0.008029362000343099,True,0.0,1.410104339164974,0.02398729114458485,,True
1513,12.096067814000435,0.007973665000008623,True,0.0,1.4097705768945143,0.023536295545741624,,True
1514,12.10406333400033,0.007995519999894896,True,0.0,1.4077943388045122,0.02479725703292375,,True
1515,12.112065061000067,0.008001726999737002,True,0.0,1.406595681620898,0.02530784096213117,,True
1516,12.120062701000279,0.007997640000212414,True,0.0,1.4066802226065733,0.02479038070482372,,True
1517,12.128067479000038,0.008004777999758517,True,0.0,1.4036770776870056,0.025777701174099797,,True
1518,12.136064926000017,0.00799744699997973,True,0.0,1.4028436271987321,0.026136905889430764,,True
1519,12.144063762000314,0.00799883600029716,True,0.0,1.4028750400265868,0.024953133898041827,,True
1520,12.152065407999999,0.008001645999684115,True,0.0,1.4025736914632645,0.024489095074368143,,True
1521,12.160064525000053,0.007999117000053957,True,0.0,1.401016971442176,0.025242676009671113,,True
1522,12.168064287000107,0.007999762000054034,True,0.0,1.3999771781192203,0.025400737384368852,,True
1523,12.176063583000087,0.00799929599997995,True,0.0,1.3988368472834842,0.025320924696768932,,True
1524,12.18406367300031,0.008000090000223281,True,0.0,1.3988456263448132,0.024866745697912845,,True
1525,12.192078998000397,0.008015325000087614,True,0.0,1.3977287445548865,0.024388465784304616,,True
1526,12.200067312000101,0.007988313999703678,True,0.0,1.3971527735608396,0.02449683863709252,,True
1527,12.208069988000261,0.008002676000160136,True,0.0,1.3948753840680983,0.02531929781012648,,True
1528,12.216077634000158,0.00800764599989634,True,0.0,1.3944197427866594,0.025254502118332606,,True
1529,12.224120723000397,0.008043089000238979,True,0.0,1.3935275053541623,0.0249329821881384,,True
1530,12.232067110000116,0.007946386999719834,True,0.0,1.3927171971468693,0.024982453625280752,,True
1531,12.24006788900033,0.008000779000212788,True,0.0,1.3915548852581456,0.025925414628782315,,True
1532,12.24806711500014,0.007999225999810733,True,0.0,1.3911456848006645,0.02535954173864421,,True
1533,12.256069745000332,0.008002630000191857,True,0.0,1.3908234580333878,0.024712787940054683,,True
1534,12.264067792000333,0.007998047000000952,True,0.0,1.389452035561369,0.025404878669731852,,True
1535,12.272078174000399,0.008010382000065874,True,0.0,1.388332139316458,0.02579405061267261,,True
1536,12.280060347000017,0.007982172999618342,True,0.0,1.3877467002051942,0.025358850102077345,,True
1537,12.288074466000126,0.008014119000108622,True,0.0,1.3876378434626384,0.025092685590851514,,True
1538,12.296067133000179,0.007992667000053189,True,0.0,1.386060837473016,0.02555611220779927,,True
1539,12.304066816000159,0.007999682999979996,True,0.0,1.385583118573338,0.024528931856143504,,True
1540,12.312066660000255,0.007999844000096346,True,0.0,1.3852701905464688,0.02488090985122683,,True
1541,12.320079121000163,0.00801246099990749,True,0.0,1.3836710257016644,0.02475589458873148,,True
1542,12.328088775000197,0.008009654000034061,True,0.0,1.3842578668352394,0.023755305620706827,,True
1543,12.336068407000312,0.007979632000115089,True,0.0,1.3827051615989328,0.023527014714952343,,True
1544,12.344109636000212,0.00804122899990034,True,0.0,1.383474637153333,0.022566875679609057,,True
1545,12.352067342000282,0.007957706000070175,True,0.0,1.3817383178824394,0.022887245975035882,,True
1546,12.36006653800041,0.007999196000127995,True,0.0,1.3811219899904106,0.022628671440119746,,True
1547,12.368066046000422,0.007999508000011701,True,0.0,1.3804068037138149,0.022940280780434256,,True
1548,12.376067007000074,0.008000960999652307,True,0.0,1.3798424862702616,0.02208433537309869,,True
1549,12.384076952000214,0.008009945000139851,True,0.0,1.3786584986839747,0.021801313752327793,,True
1550,12.392067118000341,0.00799016600012692,True,0.0,1.3778845400697595,0.022180616848304302,,True
1551,12.400066926000363,0.007999808000022313,True,0.0,1.3785065901385234,0.021335336203308006,,True
1552,12.408134301000246,0.008067374999882304,True,0.0,1.3763783771729439,0.021633395993514336,,True
1553,12.416069552000408,0.00793525100016268,True,0.0,1.3762642500939826,0.02211215358213045,,True
1554,12.424074373000167,0.008004820999758522,True,0.0,1.3752455974768676,0.021972692755749212,,True
1555,12.432066687000315,0.007992314000148326,True,0.0,1.3736637144207429,0.022306225825414677,,True
1556,12.440069256000243,0.008002568999927462,True,0.0,1.3711340569484796,0.023508990619716022,,True
1557,12.448099637000269,0.008030381000025955,True,0.0,1.3698802144557312,0.023880510321544,,True
1558,12.456081811000331,0.007982174000062514,True,0.0,1.3698420423335516,0.023344022660845825,,True
1559,12.464073387000099,0.00799157599976752,True,0.0,1.3684929102279668,0.02347802662698235,,True
1560,12.472068891000163,0.007995504000064102,True,0.0,1.3673504783920125,0.02466311517900626,,True
1561,12.480064669000058,0.007995777999894926,True,0.0,1.366176119840059,0.025248054374141404,,True
1562,12.48806734000027,0.008002671000213013,True,0.0,1.3650795413161652,0.025861836381484985,,True
1563,12.49606586400023,0.007998523999958707,True,0.0,1.3643984989053566,0.025520239181861314,,True
1564,12.504068791999998,0.008002927999768872,True,0.0,1.3626517918211185,0.025586539196858136,,True
1565,12.512076487000286,0.00800769500028764,True,0.0,1.3622177594264497,0.025555879699268726,,True
1566,12.520076823000181,0.00800033599989547,True,0.0,1.3601822869327929,0.02661667851920142,,True
1567,12.528066181000213,0.007989358000031643,True,0.0,1.3588251993213478,0.028129597059970073,,True
1568,12.536072058000173,0.008005876999959582,True,0.0,1.3576120905475206,0.027289730778229472,,True
1569,12.544066500000099,0.007994441999926494,True,0.0,1.3563845099771417,0.02765123303545513,,True
1570,12.552068225000312,0.0080017250002129,True,0.0,1.3568122076015892,0.026241410039573355,,True
1571,12.560074066000197,0.00800584099988555,True,0.0,1.3558697891790554,0.02625345819883759,,True
1572,12.568072495000251,0.007998429000053875,True,0.0,1.3540955925012013,0.026767647866204253,,True
1573,12.576069088000168,0.007996592999916174,True,0.0,1.3524021659248033,0.027191893482536245,,True
1574,12.58406926600037,0.00800017800020214,True,0.0,1.3523295502707957,0.027134753053795965,,True
1575,12.592068205000032,0.007998938999662641,True,0.0,1.3518710813476975,0.025997031390844215,,True
1576,12.600066946000425,0.007998741000392329,True,0.0,1.351465734346795,0.025454479693799378,,True
1577,12.608126509000158,0.008059562999733316,True,0.0,1.3503038322871834,0.025984017080226202,,True
1578,12.616067049000321,0.00794054000016331,True,0.0,1.3487271679487736,0.025874368730045186,,True
1579,12.624078224000186,0.008011174999865034,True,0.0,1.3482906238658083,0.02592570096617925,,True
1580,12.632077793999997,0.007999569999810774,True,0.0,1.3479718995229748,0.025550373155281542,,True
1581,12.64014504800025,0.008067254000252433,True,0.0,1.3464977606085178,0.02586531068136078,,True
1582,12.648066549000305,0.007921501000055287,True,0.0,1.3456977497831242,0.025571575621545616,,True
1583,12.656081927000287,0.008015377999981865,True,0.0,1.345026176591019,0.02522579561007671,,True
1584,12.664068902000054,0.007986974999766971,True,0.0,1.3444933075297218,0.02530117375188635,,True
1585,12.672114761000103,0.00804585900004895,True,0.0,1.3426217206125044,0.026064717130992412,,True
1586,12.680068018000384,0.007953257000281155,True,0.0,1.3428366729644263,0.02522452965466889,,True
1587,12.68810570900041,0.008037691000026825,True,0.0,1.3421759100172261,0.02445473922508271,,True
1588,12.696069870000429,0.007964161000018066,True,0.0,1.3409305781434118,0.024770648210537805,,True
1589,12.704066779000186,0.00799690899975758,True,0.0,1.340067409613833,0.025013374137338774,,True
1590,12.712067067000135,0.008000287999948341,True,0.0,1.3401606082899233,0.023901725433481617,,True
1591,12.720081482000296,0.008014415000161534,True,0.0,1.339708280451314,0.0234329910365929,,True
1592,12.728063280000242,0.007981797999946139,True,0.0,1.3377879648528375,0.024140486972250436,,True
1593,12.736063309000201,0.008000028999958886,True,0.0,1.337756845488237,0.023449564688453974,,True
1594,12.744075418000193,0.008012108999992051,True,0.0,1.3357718291160785,0.02454129319389153,,True
1595,12.752066114000172,0.007990695999978925,True,0.0,1.335966056890606,0.02336041452662479,,True
1596,12.760065729000416,0.007999615000244376,True,0.0,1.3354111049923225,0.022988345234207227,,True
1597,12.76807578900025,0.008010059999833175,True,0.0,1.3346800011159607,0.0232131232998043,,True
1598,12.776105424000434,0.008029635000184498,True,0.0,1.3351290458609757,0.022074949615500383,,True
1599,12.784062074000303,0.007956649999869114,True,0.0,1.3337131180963682,0.022376490037668582,,True
1600,12.792100191000372,0.008038117000069178,True,0.0,1.3335140358203463,0.02200277628301918,,True
1601,12.800068770000053,0.007968578999680176,True,0.0,1.3322577698834883,0.02228256125539338,,True
1602,12.808113388000038,0.008044617999985348,True,0.0,1.3313546171516308,0.022665220569787897,,True
1603,12.816067291000309,0.007953903000270657,True,0.0,1.3306843879471009,0.022456068079863948,,True
1604,12.824113432000104,0.00804614099979517,True,0.0,1.3291489626999957,0.023370042639637097,,True
1605,12.832098259000304,0.007984827000200312,True,0.0,1.3281481931835986,0.022689382346664635,,True
1606,12.84006594900029,0.00796768999998676,True,0.0,1.328270813452096,0.02237298574450362,,True
1607,12.84806038600027,0.00799443699997937,True,0.0,1.3268657653304352,0.022040730012802417,,True
1608,12.856147090000377,0.008086704000106693,True,0.0,1.3257784789185263,0.022758530997731286,,True
1609,12.864061267000125,0.007914176999747724,True,0.0,1.3261738045093185,0.02169311981567184,,True
1610,12.872059665000052,0.007998397999926965,True,0.0,1.3233048224243515,0.02359700636443155,,True
1611,12.880107027000122,0.00804736200007028,True,0.0,1.3240449770052871,0.022972018951506856,,True
1612,12.888062191000245,0.00795516400012275,True,0.0,1.3231773544180638,0.022368051010698276,,True
1613,12.89606454900013,0.008002357999885135,True,0.0,1.3212041215776174,0.02326658662055499,,True
1614,12.904069297000206,0.008004748000075779,True,0.0,1.3185066753153556,0.02457247678372319,,True
1615,12.912095798000337,0.008026501000131248,True,0.0,1.3176720623552365,0.02480363856448556,,True
1616,12.920066196000334,0.007970397999997658,True,0.0,1.3174746680828593,0.02417904431382337,,True
1617,12.928062284000134,0.007996087999799784,True,0.0,1.3161449168094033,0.024888748616029865,,True
1618,12.93607606500018,0.008013781000045128,True,0.0,1.3149667012843078,0.025210941521581782,,True
1619,12.94406347300037,0.007987408000190044,True,0.0,1.3137985033411201,0.025531167826011062,,True
1620,12.952076470000065,0.008012996999696043,True,0.0,1.31312860638084,0.026007309015806345,,True
1621,12.960068669000066,0.007992199000000255,True,0.0,1.3120126321857433,0.025838095092372743,,True
1622,12.968064522000077,0.007995853000011266,True,0.0,1.3121370723993988,0.024972278580012688,,True
1623,12.976081238000006,0.008016715999929147,True,0.0,1.3111451538226742,0.025959647490576387,,True
1624,12.984070295000038,0.007989057000031607,True,0.0,1.3107570449874772,0.025596705901903518,,True
1625,12.992101221000212,0.008030926000174077,True,0.0,1.30958777873558,0.025903148800361736,,True
1626,13.00006860700023,0.00796738600001845,True,0.0,1.3090432751789371,0.024973031047732033,,True
1627,13.008069045000411,0.00800043800018102,True,0.0,1.3092054463136509,0.023590372471625973,,True
1628,13.016072236000127,0.008003190999716026,True,0.0,1.3080355658605183,0.023861021040657033,,True
1629,13.024066598000445,0.007994362000317778,True,0.0,1.3073342275502637,0.023902447130821923,,True
1630,13.032069538000087,0.008002939999641967,True,0.0,1.3072799601714868,0.022410962853719314,,True
1631,13.040066998000384,0.007997460000296996,True,0.0,1.3067832754574589,0.02201509382034629,,True
1632,13.048066598000332,0.00799959999994826,True,0.0,1.305664906050615,0.022222968429742165,,True
1633,13.05607740600044,0.008010808000108227,True,0.0,1.3045407579935322,0.021996824492782972,,True
1634,13.06406691400025,0.007989507999809575,True,0.0,1.304393895361741,0.02174693951810658,,True
1635,13.072066956000072,0.008000041999821406,True,0.0,1.303904633155917,0.0213566508426167,,True
1636,13.08010518500032,0.008038229000248975,True,0.0,1.302580580037374,0.02153633820843349,,True
1637,13.088068497000222,0.007963311999901634,True,0.0,1.3026189313685896,0.021099641256753857,,True
1638,13.096067331000086,0.007998833999863564,True,0.0,1.3016884896015268,0.02082880349434985,,True
1639,13.104068672000267,0.008001341000181128,True,0.0,1.2999249105678374,0.021117149650692613,,True
1640,13.11206810800013,0.007999435999863636,True,0.0,1.2999313658022265,0.02083077478085201,,True
1641,13.120066921000216,0.007998813000085647,True,0.0,1.2989778289485199,0.020632178838773392,,True
1642,13.128069555000366,0.008002634000149556,True,0.0,1.2971620540213755,0.021314075497094544,,True
1643,13.136066586000197,0.007997030999831622,True,0.0,1.2957759510249733,0.02180481971548609,,True
1644,13.144071411000368,0.008004825000170968,True,0.0,1.295956170961483,0.02103113513566158,,True
1645,13.152082126000096,0.008010714999727497,True,0.0,1.2945668427388803,0.021281664369728653,,True
1646,13.160072563000085,0.00799043699998947,True,0.0,1.2934579100913328,0.021510494088672588,,True
1647,13.168069907000245,0.0079973440001595,True,0.0,1.2929915614967438,0.02162576810701948,,True
1648,13.17607746900012,0.008007561999875179,True,0.0,1.2920741109850244,0.02147881571770084,,True
1649,13.184066893000363,0.007989424000243162,True,0.0,1.2915025136031257,0.021392186041966337,,True
1650,13.192061495000416,0.007994602000053419,True,0.0,1.2903101547468725,0.02150959945838144,,True
1651,13.20006845900025,0.008006963999832806,True,0.0,1.2912883049056112,0.02127173810062102,,True
1652,13.208064997000292,0.007996538000043074,True,0.0,1.290279714724335,0.020372620849174915,,True
1653,13.216068551000262,0.008003553999969881,True,0.0,1.2878361166230852,0.02149207924132908,,True
1654,13.22406589100001,0.007997339999747055,True,0.0,1.286826098330866,0.021966636029340313,,True
1655,13.232096507000279,0.00803061600026922,True,0.0,1.2863926180941165,0.02220088450933222,,True
1656,13.240063256000212,0.00796674899993377,True,0.0,1.2846562758215674,0.022939752685074612,,True
1657,13.248102423000091,0.008039166999878944,True,0.0,1.2859668113827951,0.02176005856968276,,True
1658,13.256081320000249,0.007978897000157303,True,0.0,1.2847818772410797,0.02277868711082006,,True
1659,13.2640667630003,0.007985443000052328,True,0.0,1.2823878825620774,0.02343709655216808,,True
1660,13.27207606400043,0.008009301000129199,True,0.0,1.2816385621444617,0.02276004980681727,,True
1661,13.280064774000039,0.007988709999608545,True,0.0,1.2822413755250532,0.022579536583183762,,True
1662,13.288091586000064,0.00802681200002553,True,0.0,1.2838691360771435,0.021613082240785023,,True
1663,13.296104528000342,0.00801294200027769,True,0.0,1.28065044777431,0.022468122226838628,,True
1664,13.304060547000063,0.007956018999720982,True,0.0,1.2794734323852806,0.02234901869180045,,True
1665,13.312099257000227,0.008038710000164428,True,0.0,1.2781136379107185,0.022495930730126405,,True
1666,13.320067569000003,0.007968311999775324,True,0.0,1.276348690896168,0.022489359959668845,,True
1667,13.328065594000236,0.00799802500023361,True,0.0,1.276287500765625,0.02177687772220368,,True
1668,13.336062806000427,0.007997212000191212,True,0.0,1.2777444807242972,0.02181425459333606,,True
1669,13.34411028600016,0.008047479999731877,True,0.0,1.2741830099931881,0.022212995943115797,,True
1670,13.352077832000305,0.007967546000145376,True,0.0,1.2745282996340281,0.021642915505544178,,True
1671,13.360152499000378,0.008074667000073532,True,0.0,1.2739530697832226,0.021158538500725736,,True
1672,13.36813978500004,0.007987285999661253,True,0.0,1.2726788793216368,0.0214919001916507,,True
1673,13.376069220000318,0.007929435000278318,True,0.0,1.2723584269933483,0.020751866404753724,,True
1674,13.384118485000272,0.008049264999954175,True,0.0,1.2727006575759467,0.01964789753149047,,True
1675,13.392120117000104,0.00800163199983217,True,0.0,1.2719619333101402,0.019642409150042284,,True
1676,13.4000730810003,0.007952964000196516,True,0.0,1.2721016691409004,0.02015099522748894,,True
1677,13.408099711000432,0.008026630000131263,True,0.0,1.269543593993035,0.019834851420900104,,True
1678,13.416070115000366,0.007970403999934206,True,0.0,1.2706312227700145,0.019456348589127925,,True
1679,13.424066145000324,0.00799602999995841,True,0.0,1.2713718889805352,0.01933132005745293,,True
1680,13.432060180000008,0.007994034999683208,True,0.0,1.268218865343267,0.0188400176512983,,True
1681,13.440065915000105,0.008005735000097047,True,0.0,1.2683863022805766,0.018331961485319195,,True
1682,13.448060263000116,0.007994348000011087,True,0.0,1.2670008382124383,0.01842713326344006,,True
1683,13.456066172000192,0.008005909000075917,True,0.0,1.2654131587404842,0.019136846763057484,,True
1684,13.464102448000176,0.008036275999984355,True,0.0,1.2653930069808246,0.019304529892700442,,True
1685,13.472064858000067,0.007962409999890951,True,0.0,1.262791160125171,0.019516999288935064,,True
1686,13.480112350000127,0.00804749200005972,True,0.0,1.2625237744426947,0.019451603857917533,,True
1687,13.48806668000043,0.007954330000302434,True,0.0,1.260162835017065,0.020132341659331733,,True
1688,13.496062866000102,0.007996185999672889,True,0.0,1.259831924749234,0.01979105030718209,,True
1689,13.504067992000273,0.008005126000171003,True,0.0,1.2581895324438772,0.02038880745976484,,True
1690,13.51207172400018,0.00800373199990645,True,0.0,1.2570751135841087,0.020561081420868033,,True
1691,13.520073741000033,0.008002016999853367,True,0.0,1.2559870102879989,0.020651213813386773,,True
1692,13.528068438000446,0.007994697000412998,True,0.0,1.2558167637590802,0.020682408770972778,,True
1693,13.536072156000046,0.008003717999599758,True,0.0,1.2540745013976116,0.021161182612099424,,True
1694,13.544065199000215,0.007993043000169564,True,0.0,1.2530003438941406,0.02201689790495429,,True
1695,13.552067147000344,0.008001948000128323,True,0.0,1.252294641610019,0.021885121385029946,,True
1696,13.560094800000115,0.008027652999771817,True,0.0,1.2508209620347603,0.02212902148822023,,True
1697,13.568082898000284,0.007988098000168975,True,0.0,1.2496933566737698,0.02205621753054263,,True
1698,13.576117828000406,0.008034930000121676,True,0.0,1.2492981893745194,0.022209501899006757,,True
1699,13.584066558000359,0.007948729999952775,True,0.0,1.2480410773919275,0.022274795109612184,,True
1700,13.592069477000223,0.00800291899986405,True,0.0,1.246989979374057,0.02262685636474029,,True
1701,13.600066319000234,0.007996842000011384,True,0.0,1.246637450989492,0.02201664573317065,,True
1702,13.608104325000113,0.008038005999878806,True,0.0,1.2457038411624803,0.022200464550214634,,True
1703,13.616062999000405,0.007958674000292376,True,0.0,1.2443513149972076,0.0232630458452494,,True
1704,13.624060286000258,0.007997286999852804,True,0.0,1.2443320628890322,0.022037394190523113,,True
1705,13.63206769000044,0.00800740400018185,True,0.0,1.2432228974665096,0.022304971158730844,,True
1706,13.640066589000071,0.00799889899963091,True,0.0,1.242481000700379,0.021690742394684596,,True
1707,13.64806647100022,0.007999882000149228,True,0.0,1.2410927302620922,0.022356143872340445,,True
1708,13.656080165000276,0.008013694000055693,True,0.0,1.2404669554184136,0.022548571930996224,,True
1709,13.664097010000205,0.008016844999929162,True,0.0,1.240129221045877,0.02257620935349252,,True
1710,13.672155228000065,0.008058217999860062,True,0.0,1.2390522506479629,0.022315234080744106,,True
1711,13.680066221000288,0.007910993000223243,True,0.0,1.2384585675886863,0.022330060777520304,,True
1712,13.688102911000442,0.008036690000153612,True,0.0,1.2375629939319073,0.02347558168706335,,True
1713,13.696074878000218,0.00797196699977576,True,0.0,1.2363059077652967,0.02336396766159867,,True
1714,13.70408092300022,0.008006045000001905,True,0.0,1.2357286991854317,0.022020333789233546,,True
1715,13.712095172000318,0.008014249000098062,True,0.0,1.2349279049906101,0.02163259695815261,,True
1716,13.720068470000115,0.007973297999797069,True,0.0,1.233327547390061,0.02248465411104126,,True
1717,13.728067778000423,0.007999308000307792,True,0.0,1.2325049696278223,0.0224790856288354,,True
1718,13.736067529000138,0.007999750999715616,True,0.0,1.23214584426639,0.02242721280624156,,True
1719,13.744109044000197,0.008041515000059007,True,0.0,1.231166042756089,0.02239853740011184,,True
1720,13.752145609000308,0.008036565000111295,True,0.0,1.2297713173164007,0.022721924774637324,,True
1721,13.760076841000227,0.007931231999918964,True,0.0,1.228555299024688,0.022781548748495608,,True
1722,13.768059050000375,0.007982209000147122,True,0.0,1.2286304360727707,0.021899442775848627,,True
1723,13.776099159000296,0.008040108999921358,True,0.0,1.2276619647035907,0.02201627793111547,,True
1724,13.78407758100002,0.00797842199972365,True,0.0,1.2270094543100054,0.02193399731595975,,True
1725,13.79206901500038,0.007991434000359732,True,0.0,1.2256665894111576,0.022224013843762054,,True
1726,13.800070627000423,0.008001612000043679,True,0.0,1.2254259716833982,0.022103777349237123,,True
1727,13.808082329000172,0.008011701999748766,True,0.0,1.2243283920926475,0.022196324174395862,,True
1728,13.816063772000234,0.007981443000062427,True,0.0,1.224706920637882,0.02139991452224803,,True
1729,13.824060508000002,0.007996735999768134,True,0.0,1.2239521717791257,0.021385979751363197,,True
1730,13.832102665000093,0.00804215700009081,True,0.0,1.2225040577868598,0.02169176970732149,,True
1731,13.840070243000355,0.00796757800026171,True,0.0,1.2219844385630063,0.02150299331343835,,True
1732,13.848063735000324,0.007993491999968683,True,0.0,1.2214159902680355,0.021694517415019474,,True
1733,13.856066376000399,0.008002641000075528,True,0.0,1.2209127647058668,0.021015081948607565,,True
1734,13.864065934000337,0.007999557999937679,True,0.0,1.2197790406003155,0.0210573548431736,,True
1735,13.872133888999997,0.008067954999660287,True,0.0,1.2188546610354607,0.021035600389997293,,True
1736,13.880067365000286,0.007933476000289374,True,0.0,1.2186097115837597,0.021023097781152397,,True
1737,13.888065599000129,0.007998233999842341,True,0.0,1.2164790896945485,0.021924583103847775,,True
1738,13.896084239000174,0.008018640000045707,True,0.0,1.2158646220909617,0.02183335354900842,,True
1739,13.904074411000238,0.007990172000063467,True,0.0,1.2154803054903172,0.021095792116148978,,True
1740,13.912068077000185,0.007993665999947552,True,0.0,1.2136542904281593,0.022087190256496993,,True
1741,13.920107508000001,0.008039430999815522,True,0.0,1.213584743962245,0.02184901086233571,,True
1742,13.928067819000262,0.007960311000260845,True,0.0,1.2129974366456573,0.021150026085346475,,True
1743,13.936067902000104,0.008000082999842562,True,0.0,1.211966408236827,0.02122940868374623,,True
1744,13.944105755000237,0.0080378530001326,True,0.0,1.2117286033669767,0.02114289162513936,,True
1745,13.952067021000403,0.007961266000165779,True,0.0,1.2110587986411752,0.021101454883399064,,True
1746,13.960066998000002,0.007999976999599312,True,0.0,1.2098295745476149,0.02115649326113887,,True
1747,13.968077724000068,0.008010726000065915,True,0.0,1.2081892716954157,0.02143911196756364,,True
1748,13.976067285000227,0.007989561000158574,True,0.0,1.2071130371400312,0.022108804850148742,,True
1749,13.984077299000091,0.008010013999864896,True,0.0,1.207136203178661,0.021461320716455713,,True
1750,13.992065617000208,0.007988318000116124,True,0.0,1.2059291160073793,0.021570048423297666,,True
1751,14.000064964000103,0.007999346999895351,True,0.0,1.205868776242464,0.020716223367665928,,True
1752,14.0080624670004,0.007997503000297002,True,0.0,1.2057823567937636,0.02061595057050335,,True
1753,14.016076787000202,0.008014319999801955,True,0.0,1.204383905098216,0.020904347088548138,,True
1754,14.024061812000127,0.007985024999925372,True,0.0,1.2034809976874972,0.02085264684700616,,True
1755,14.032088146000206,0.00802633400007835,True,0.0,1.2032271158911554,0.020110240735229937,,True
1756,14.040059862000362,0.007971716000156448,True,0.0,1.202574031374253,0.020005936372767357,,True
1757,14.0480703610001,0.008010498999738047,True,0.0,1.201759827112113,0.020218742550396997,,True
1758,14.056065235999995,0.007994874999894819,True,0.0,1.201624011026299,0.019267393320072632,,True
1759,14.064065945000038,0.008000709000043571,True,0.0,1.2005370542207858,0.02007475871141704,,True
1760,14.072123075000036,0.008057129999997414,True,0.0,1.1999836350718933,0.01911389380816595,,True
1761,14.080072969000412,0.007949894000375934,True,0.0,1.1999854755946924,0.019173815227805032,,True
1762,14.088067422000222,0.007994452999810164,True,0.0,1.199236580527743,0.018507396322541066,,True
1763,14.096103787000175,0.008036364999952639,True,0.0,1.1985582864397086,0.018405226451946345,,True
1764,14.104147767000086,0.008043979999911244,True,0.0,1.1970141337171165,0.018481130154782276,,True
1765,14.112066403000426,0.007918636000340484,True,0.0,1.197808910264028,0.017094384993014102,,True
1766,14.120145205000426,0.008078801999999996,True,0.0,1.1954473872248388,0.018406777988424175,,True
1767,14.128075894000176,0.007930688999749691,True,0.0,1.1956824420693908,0.01768013606722668,,True
1768,14.136101088000032,0.008025193999856128,True,0.0,1.194042015379702,0.01857880690980456,,True
1769,14.144067068000368,0.007965980000335549,True,0.0,1.1932459659981252,0.017975519190473712,,True
1770,14.152068076000432,0.008001008000064758,True,0.0,1.1928317746973085,0.018122378101874604,,True
1771,14.16012958500005,0.008061508999617217,True,0.0,1.1909866158742406,0.019479178883025895,,True
1772,14.168058652000127,0.007929067000077339,True,0.0,1.1905535943000771,0.01969373626663755,,True
1773,14.176181617000111,0.008122964999984106,True,0.0,1.1893757698765561,0.021068058746851744,,True
1774,14.184109886000442,0.007928269000331056,True,0.0,1.188029824856202,0.019728470972723403,,True
1775,14.19207779000044,0.007967903999997361,True,0.0,1.1877680690961072,0.020731792197167444,,True
1776,14.200063552000302,0.007985761999862007,True,0.0,1.1862470250024526,0.020417157576518366,,True
1777,14.208167322999998,0.00810377099969628,True,0.0,1.1856910287998637,0.02036560723922483,,True
1778,14.21606829600023,0.007900973000232625,True,0.0,1.1841936432082893,0.021516204595909427,,True
1779,14.224135366000155,0.00806706999992457,True,0.0,1.1830922186982755,0.021977288858504418,,True
1780,14.232071371000075,0.007936004999919533,True,0.0,1.183057424714329,0.020894914875928282,,True
1781,14.240066728000329,0.007995357000254444,True,0.0,1.1815639791867372,0.021017143958325882,,True
1782,14.24809752300007,0.008030794999740465,True,0.0,1.1809987345685085,0.020986706578817405,,True
1783,14.256068998000046,0.007971474999976635,True,0.0,1.1804113531864446,0.02090319109620606,,True
1784,14.264099058000284,0.008030060000237427,True,0.0,1.1789615122753483,0.020986736777228013,,True
1785,14.272066948000429,0.007967890000145417,True,0.0,1.1784034121946028,0.020842112705644296,,True
1786,14.28007180900022,0.008004860999790253,True,0.0,1.178013425741149,0.019597556328584443,,True
1787,14.288131635000354,0.008059826000135217,True,0.0,1.1767545755572526,0.020467474627924313,,True
1788,14.296067598000263,0.007935962999908952,True,0.0,1.1758073229884425,0.020085396538098148,,True
1789,14.304074800000308,0.008007202000044344,True,0.0,1.1755744262175674,0.02000005697816921,,True
1790,14.312105010000323,0.008030210000015359,True,0.0,1.174622604518639,0.019687927785788897,,True
1791,14.320066838000002,0.007961827999679372,True,0.0,1.1747407944234125,0.01884376444044905,,True
1792,14.328064966000056,0.007998128000053839,True,0.0,1.1735535738306662,0.018830362606079894,,True
1793,14.336103309999999,0.008038343999942299,True,0.0,1.1730559401310738,0.018670319746728014,,True
1794,14.344062022000344,0.007958712000345258,True,0.0,1.1711217282862567,0.01957656849303095,,True
1795,14.35207022700024,0.008008204999896407,True,0.0,1.1719655838818057,0.018461644566988844,,True
1796,14.36006744100041,0.007997214000170061,True,0.0,1.1693672508560984,0.019507194589822533,,True
1797,14.36812948800025,0.008062046999839367,True,0.0,1.1699578873578789,0.01897118864414733,,True
1798,14.376067466000222,0.007937977999972645,True,0.0,1.1693937729437538,0.018261551898170775,,True
1799,14.384068913000192,0.00800144699996963,True,0.0,1.1676479464666876,0.018965433488326577,,True
1800,14.392110063000018,0.008041149999826303,True,0.0,1.166908791935675,0.01892888399752813,,True
1801,14.40006974400012,0.007959681000102137,True,0.0,1.1680357162543575,0.017987908695862805,,True
1802,14.408111720000306,0.008041976000185969,True,0.0,1.1670591784598605,0.01793725718345585,,True
1803,14.416123393000362,0.008011673000055453,True,0.0,1.1658654090221126,0.017891586559462557,,True
1804,14.424067568000282,0.007944174999920506,True,0.0,1.1664589462165207,0.01813416154628189,,True
1805,14.432111458000236,0.008043889999953535,True,0.0,1.1657922348607168,0.017124098690731598,,True
1806,14.440061710000009,0.007950251999773172,True,0.0,1.1645632602160763,0.01692429268148695,,True
1807,14.448068933000286,0.008007223000277008,True,0.0,1.1636283027428733,0.016916222607286285,,True
1808,14.456058828000096,0.007989894999809621,True,0.0,1.1630261358634766,0.016762507587240464,,True
1809,14.464071383000373,0.008012555000277644,True,0.0,1.1626021221441138,0.016724854560377495,,True
1810,14.472076572000333,0.0080051889999595,True,0.0,1.162108576867042,0.016643999052619388,,True
1811,14.480068857000333,0.007992285000000265,True,0.0,1.162023349043466,0.016594186286468148,,True
1812,14.488096632000179,0.00802777499984586,True,0.0,1.1621028927237285,0.015945020374736146,,True
1813,14.496103523000329,0.008006891000150063,True,0.0,1.159799132848384,0.01635912315433872,,True
1814,14.504073315000369,0.007969792000039888,True,0.0,1.1603493787985628,0.015661638894194137,,True
1815,14.512073304000296,0.007999988999927155,True,0.0,1.1588291050624473,0.01558244801282358,,True
1816,14.520073708000382,0.008000404000085837,True,0.0,1.157012193303584,0.01703825775240007,,True
1817,14.528066356000181,0.007992647999799374,True,0.0,1.1575994736460926,0.016298498691393264,,True
1818,14.536073983000279,0.008007627000097273,True,0.0,1.1579433803099577,0.016719113525043156,,True
1819,14.544067226000152,0.007993242999873473,True,0.0,1.1572172097175304,0.016421504013406297,,True
1820,14.552067915000407,0.008000689000255079,True,0.0,1.1534753350189184,0.017415899369053037,,True
1821,14.560065293000207,0.007997377999799937,True,0.0,1.1532504942301476,0.01706761272168688,,True
1822,14.568064709000282,0.007999416000075144,True,0.0,1.1526868996161337,0.01696774576165844,,True
1823,14.576059033000092,0.007994323999810149,True,0.0,1.1509896890809586,0.01768107113433994,,True
1824,14.584069534000264,0.008010501000171644,True,0.0,1.149108990913115,0.017505533318187792,,True
1825,14.59211658500044,0.008047051000175998,True,0.0,1.1487613146987434,0.017554231338259133,,True
1826,14.600070518000393,0.007953932999953395,True,0.0,1.147863807627584,0.017699982317012985,,True
1827,14.608135449000201,0.008064930999807984,True,0.0,1.1458800793170487,0.018937940475872425,,True
1828,14.616068628000448,0.007933179000247037,True,0.0,1.145777440982454,0.018764601978506514,,True
1829,14.62409655800002,0.008027929999570915,True,0.0,1.1434559069083805,0.02000306093121673,,True
1830,14.632066136000049,0.007969578000029287,True,0.0,1.143488807695299,0.01918586393487834,,True
1831,14.640128598000047,0.00806246199999805,True,0.0,1.142162710181036,0.019964827159006635,,True
1832,14.648072139000305,0.007943541000258847,True,0.0,1.1411399025046258,0.020522428641382266,,True
1833,14.656066907000422,0.007994768000116892,True,0.0,1.1405324358962283,0.020934271641918512,,True
1834,14.664067250000244,0.008000342999821441,True,0.0,1.1400668097412938,0.021003173941928743,,True
1835,14.672068071000012,0.00800082099976862,True,0.0,1.1390785876519398,0.020765305845954457,,True
1836,14.680062379000447,0.007994308000434103,True,0.0,1.1387154871832232,0.020407947403846435,,True
1837,14.688072707000174,0.008010327999727451,True,0.0,1.1385652332614804,0.020457709752797936,,True
1838,14.696060813000258,0.007988106000084372,True,0.0,1.1363944304169082,0.021166152921003933,,True
1839,14.704080558000442,0.00801974500018332,True,0.0,1.1363085380950824,0.019791567022149265,,True
1840,14.712068255000304,0.007987696999862237,True,0.0,1.1343233098844279,0.021467884157652252,,True
1841,14.720068655000432,0.008000400000128138,True,0.0,1.1343622169218752,0.020431679632801108,,True
1842,14.728067943000042,0.007999287999609805,True,0.0,1.1336716714233135,0.02038338296455177,,True
1843,14.736065077000148,0.007997134000106598,True,0.0,1.131823492807031,0.020969140681744224,,True
1844,14.744078198000352,0.008013121000203682,True,0.0,1.1317701615482487,0.020387992573851033,,True
1845,14.752067639000416,0.00798944100006338,True,0.0,1.1303825649553345,0.021498194507356138,,True
1846,14.7600682770003,0.00800063799988493,True,0.0,1.1302919652766241,0.02043289525978724,,True
1847,14.768067578000228,0.007999300999927073,True,0.0,1.128967014823458,0.02084655482570095,,True
1848,14.776063949000218,0.007996370999990177,True,0.0,1.1288406168961234,0.020836274572276547,,True
1849,14.784065334000388,0.008001385000170558,True,0.0,1.128182451689794,0.019929406047214923,,True
1850,14.7920658500002,0.008000515999810887,True,0.0,1.1266332590166117,0.020992873984980686,,True
1851,14.800095597000109,0.008029746999909548,True,0.0,1.1260692969066657,0.02106500101371714,,True
1852,14.808082810000087,0.00798721299997851,True,0.0,1.125419013907949,0.01997786078997131,,True
1853,14.816071448000002,0.007988637999915227,True,0.0,1.1248182704740923,0.02051562197874659,,True
1854,14.824074090000067,0.008002642000064952,True,0.0,1.1238403090161275,0.020456440502804263,,True
1855,14.832066522000332,0.007992432000264671,True,0.0,1.122943654128543,0.020232330459061643,,True
1856,14.840069574000154,0.008003051999821764,True,0.0,1.122408390707809,0.0199446217329407,,True
1857,14.848065852000218,0.007996278000064194,True,0.0,1.1218823753025922,0.019703881788819846,,True
1858,14.85612097100011,0.00805511899989142,True,0.0,1.1211853936497587,0.019015967612876827,,True
1859,14.864065481000125,0.007944510000015725,True,0.0,1.120699315437336,0.01940213980214123,,True
1860,14.872067711,0.008002229999874544,True,0.0,1.1194012498302799,0.019893825190496605,,True
1861,14.880065878000096,0.007998167000096146,True,0.0,1.1182973625582517,0.020088395597588973,,True
1862,14.888064936000319,0.007999058000223158,True,0.0,1.1177453929669368,0.019643978584912503,,True
1863,14.89606618300013,0.008001246999810974,True,0.0,1.116836624769368,0.019652477098259603,,True
1864,14.90411327000038,0.00804708700025003,True,0.0,1.1166097814082638,0.01884742638846464,,True
1865,14.912062745000185,0.007949474999804806,True,0.0,1.116662139327386,0.017682019960699274,,True
1866,14.920065771000282,0.008003026000096725,True,0.0,1.1160159990266287,0.018064062603715687,,True
1867,14.928065250000145,0.00799947899986364,True,0.0,1.1151846291845466,0.01795108175282604,,True
1868,14.936069025000052,0.008003774999906454,True,0.0,1.1147119058225403,0.017695080149612734,,True
1869,14.944060400000126,0.007991375000074186,True,0.0,1.1141775492638937,0.017479442938371222,,True
1870,14.952075052000055,0.008014651999928901,True,0.0,1.1138751445717143,0.017328863563476887,,True
1871,14.960067643000002,0.007992590999947424,True,0.0,1.112923506988023,0.01653904500343986,,True
1872,14.968066983000426,0.007999340000424127,True,0.0,1.1121793724986624,0.017117069817926118,,True
1873,14.976059818000067,0.007992834999640763,True,0.0,1.1119165573261134,0.016227114309306914,,True
1874,14.984071269000196,0.008011451000129455,True,0.0,1.1112358113252507,0.01666490631942094,,True
1875,14.992065692000324,0.007994423000127426,True,0.0,1.1104279208736825,0.0159568501301864,,True
1876,15.000070750000305,0.008005057999980636,True,0.0,1.110281562642969,0.01606882159160535,,True
1877,15.008076108000296,0.008005357999991247,True,0.0,1.1091687802088943,0.01648787140146791,,True
1878,15.016071403000296,0.007995295000000624,True,0.0,1.1086374472619578,0.016610115250912483,,True
1879,15.024066482000308,0.007995079000011174,True,0.0,1.1072611076080867,0.016379017576482763,,True
1880,15.032064865000393,0.007998383000085596,True,0.0,1.106867404510884,0.016545304517353226,,True
1881,15.040063310000278,0.007998444999884669,True,0.0,1.1082024846767862,0.01571366843804915,,True
1882,15.048097994000273,0.00803468399999474,True,0.0,1.1054154432635854,0.016671121896761613,,True
1883,15.056070050000017,0.007972055999744043,True,0.0,1.103700236487706,0.018573022851431576,,True
1884,15.06407100100023,0.008000951000212808,True,0.0,1.1036193255624618,0.01841056547464449,,True
1885,15.072067013000378,0.007996012000148767,True,0.0,1.103706451325732,0.01644782835726846,,True
1886,15.080069595000168,0.008002581999789982,True,0.0,1.1015571739078853,0.018172036915275514,,True
1887,15.088064313000359,0.007994718000190915,True,0.0,1.100061778406063,0.01733299217052751,,True
1888,15.096065687000191,0.00800137399983214,True,0.0,1.1007637863229385,0.01647417812621046,,True
1889,15.104064221000044,0.007998533999852953,True,0.0,1.0993988468633349,0.016752031108817345,,True
1890,15.112063605000003,0.007999383999958809,True,0.0,1.0983000532578506,0.016451732868375604,,True
1891,15.12008165000043,0.008018045000426355,True,0.0,1.097139684480953,0.017648976996045614,,True
1892,15.128063314000428,0.007981663999999,True,0.0,1.0965825260084936,0.017930224366614105,,True
1893,15.136143982000249,0.008080667999820434,True,0.0,1.0957161413691552,0.01715268192446606,,True
1894,15.144066839000061,0.007922856999812211,True,0.0,1.0942156601133584,0.018173547277794425,,True
1895,15.152070644000105,0.00800380500004394,True,0.0,1.094080238600421,0.01674474039750516,,True
1896,15.160105376000047,0.008034731999941869,True,0.0,1.0925232356985306,0.01778346687416428,,True
1897,15.168062298000223,0.007956922000175837,True,0.0,1.092262227463057,0.016470954494846278,,True
1898,15.176065964000372,0.008003666000149678,True,0.0,1.0911941395368623,0.01695077270740449,,True
1899,15.18410046200006,0.008034497999688028,True,0.0,1.0899456444808866,0.018388153358085833,,True
1900,15.192070265000439,0.007969803000378306,True,0.0,1.089733438979695,0.0175191263856146,,True
1901,15.200067378000313,0.007997112999873934,True,0.0,1.088515816777294,0.01821635431344592,,True
1902,15.208060264000324,0.007992886000010913,True,0.0,1.087870790913108,0.017542928544202686,,True
1903,15.216125766000005,0.008065501999681146,True,0.0,1.0871804424879754,0.017213829801165145,,True
1904,15.2240658110004,0.007940045000395912,True,0.0,1.0860268588908046,0.017685425799284633,,True
1905,15.23206592400038,0.008000112999980047,True,0.0,1.0856560087610612,0.017550007531026243,,True
1906,15.240151462000085,0.008085537999704684,True,0.0,1.0847549014334472,0.018033143058398565,,True
1907,15.248067961000288,0.007916499000202748,True,0.0,1.0842646117355537,0.016851842666146713,,True
1908,15.2560697050003,0.008001744000011968,True,0.0,1.0837108651779357,0.017313452992499565,,True
1909,15.264097825000135,0.008028119999835326,True,0.0,1.0830554819985434,0.017132098870121654,,True
1910,15.272061688000122,0.007963862999986304,True,0.0,1.0824685872088475,0.01699157117656156,,True
1911,15.28006641300044,0.008004725000319013,True,0.0,1.0813615419316784,0.017319805321787334,,True
1912,15.28805906000025,0.00799264699980995,True,0.0,1.0810382625556625,0.017170024533889362,,True
1913,15.296071697000116,0.008012636999865208,True,0.0,1.0797705736410248,0.017722297945329493,,True
1914,15.30406820600001,0.007996508999895013,True,0.0,1.0795915244228158,0.016534241905489452,,True
1915,15.312069374000203,0.008001168000191683,True,0.0,1.0786485514951514,0.016839166668326667,,True
1916,15.320067172000108,0.007997797999905742,True,0.0,1.0781195065574702,0.016888657221766523,,True
1917,15.328065805000278,0.00799863300017023,True,0.0,1.077444254315269,0.016389024512608645,,True
1918,15.336059933000342,0.007994128000063938,True,0.0,1.0764916121740518,0.01683578071634486,,True
1919,15.34406602900026,0.008006095999917306,True,0.0,1.076024422890166,0.016608751991520166,,True
1920,15.35209881100036,0.00803278200010027,True,0.0,1.0754901535510353,0.016936555265709544,,True
1921,15.360067983000135,0.007969171999775426,True,0.0,1.075102884059853,0.016052479647049457,,True
1922,15.368066614000327,0.00799863100019138,True,0.0,1.0738303778653135,0.016635002946242806,,True
1923,15.376066116000402,0.007999502000075154,True,0.0,1.073883230096219,0.015853885515716207,,True
1924,15.384067758000128,0.008001641999726417,True,0.0,1.072700664852031,0.016000645613252578,,True
1925,15.39206565600034,0.007997898000212444,True,0.0,1.0724022467954195,0.01582872955903679,,True
1926,15.400069024000004,0.008003367999663169,True,0.0,1.0722702557501453,0.015945809132710008,,True
1927,15.408072757000355,0.008003733000350621,True,0.0,1.0709579383812657,0.01596297972411366,,True
1928,15.416101380000327,0.008028622999972868,True,0.0,1.0697377208118322,0.016320246030405855,,True
1929,15.424126488000184,0.008025107999856118,True,0.0,1.0689771390450413,0.016119203095181833,,True
1930,15.432066646000294,0.007940158000110387,True,0.0,1.0689369219728884,0.01599562059415158,,True
1931,15.440188116000172,0.008121469999878173,True,0.0,1.0681274881566927,0.0163407065124175,,True
1932,15.44806621700036,0.007878101000187598,True,0.0,1.0672131926320911,0.016104061943223755,,True
1933,15.456072939000023,0.008006721999663569,True,0.0,1.0659174252856825,0.016582794409643997,,True
1934,15.464061692000087,0.007988753000063298,True,0.0,1.0646787428133704,0.016831840361402187,,True
1935,15.47206635900011,0.008004667000022891,True,0.0,1.064433968012835,0.016542187307099436,,True
1936,15.480064927000058,0.007998567999948136,True,0.0,1.0634452124231533,0.016304363087170256,,True
1937,15.48806149300026,0.00799656600020171,True,0.0,1.062298096558032,0.016695860528796857,,True
1938,15.496104498000022,0.00804300499976307,True,0.0,1.0636096068771357,0.01497091895699496,,True
1939,15.50407115300004,0.007966655000018363,True,0.0,1.0612988572154534,0.016348620456478714,,True
1940,15.51207269400038,0.008001541000339785,True,0.0,1.060720998135795,0.015817163761303286,,True
1941,15.520077091000076,0.008004396999695018,True,0.0,1.0599088129663605,0.015680805180100742,,True
1942,15.528067141000065,0.007990049999989424,True,0.0,1.060132164958001,0.015169182285803237,,True
1943,15.536071524000363,0.008004383000297821,True,0.0,1.0579020286121847,0.016402668305891006,,True
1944,15.544063136000204,0.007991611999841552,True,0.0,1.058307089915445,0.015365722861258112,,True
1945,15.552068670000153,0.008005533999948966,True,0.0,1.056203027333664,0.01657501202118289,,True
1946,15.560064950000196,0.007996280000043043,True,0.0,1.0562136265371012,0.015548226308858661,,True
1947,15.568066574000113,0.008001623999916774,True,0.0,1.054931106972143,0.01582263124854412,,True
1948,15.576063154000167,0.007996580000053655,True,0.0,1.0548344391300428,0.015610996862484561,,True
1949,15.584066882000116,0.008003727999948751,True,0.0,1.0537931619179655,0.015375339645981369,,True
1950,15.59206159300038,0.007994711000264942,True,0.0,1.052987243214432,0.01571742953471834,,True
1951,15.600066957000308,0.008005363999927795,True,0.0,1.052193356326539,0.01558123560860185,,True
1952,15.608065330000045,0.007998372999736603,True,0.0,1.0516916941683172,0.015229804259216979,,True
1953,15.616064889000427,0.00799955900038185,True,0.0,1.049928041066664,0.01646240581137756,,True
1954,15.624107732000084,0.008042842999657296,True,0.0,1.0494339108354478,0.016125820436126242,,True
1955,15.632066339000176,0.007958607000091433,True,0.0,1.0483332650352,0.016700279323962335,,True
1956,15.640146030000324,0.00807969100014816,True,0.0,1.048237039476571,0.016111384054766517,,True
1957,15.648065831000167,0.007919800999843574,True,0.0,1.0467750965912745,0.016701422475895,,True
1958,15.656070700000328,0.008004869000160397,True,0.0,1.0465618226517914,0.016295766812059014,,True
1959,15.664070527000149,0.00799982699982138,True,0.0,1.0461966666964193,0.016028084972369183,,True
1960,15.672081699000046,0.00801117199989676,True,0.0,1.0444968899938054,0.016570326131525658,,True
1961,15.680066162000003,0.007984462999957032,True,0.0,1.0439869357902936,0.016195140514844438,,True
1962,15.688127890000032,0.008061728000029689,True,0.0,1.0439522005044144,0.01588032997592396,,True
1963,15.696069407000323,0.007941517000290332,True,0.0,1.0421800872484142,0.016992324996302866,,True
1964,15.70406761500044,0.007998208000117302,True,0.0,1.0415117764369097,0.016853290202277087,,True
1965,15.712114962000214,0.008047346999774163,True,0.0,1.0419506293430036,0.015481975371808192,,True
1966,15.720067435000146,0.00795247299993207,True,0.0,1.0405331300910245,0.016078609449350564,,True
1967,15.728070692000074,0.008003256999927544,True,0.0,1.0393897010574125,0.01667747485012783,,True
1968,15.73606666700016,0.00799597500008531,True,0.0,1.038542637192138,0.016890396703201853,,True
1969,15.744119659000262,0.008052992000102677,True,0.0,1.0386287051448984,0.015682628312365915,,True
1970,15.752080050000131,0.00796039099986956,True,0.0,1.03829008732784,0.015400839936352845,,True
1971,15.760110569000062,0.008030518999930791,True,0.0,1.0370669571306033,0.01658171539882948,,True
1972,15.768070956000429,0.007960387000366609,True,0.0,1.0357773620240627,0.016654063801985378,,True
1973,15.776069507000102,0.00799855099967317,True,0.0,1.0360841783650105,0.015194758323653244,,True
1974,15.784065728000314,0.007996221000212245,True,0.0,1.0356006041027246,0.014871551846744572,,True
1975,15.792069929000263,0.008004200999948807,True,0.0,1.0349756235335288,0.014594796877697906,,True
1976,15.800070109000444,0.00800018000018099,True,0.0,1.0347494504760573,0.014424394646731556,,True
1977,15.80811025400044,0.008040144999995391,True,0.0,1.033566733966163,0.014808146263077603,,True
1978,15.816067309000118,0.007957054999678803,True,0.0,1.0335422719920717,0.01429944566183416,,True
1979,15.824066364000373,0.007999055000254884,True,0.0,1.0337851099053585,0.013207597742245654,,True
1980,15.832073218000005,0.008006853999631858,True,0.0,1.032896688701087,0.013733717476824697,,True
1981,15.840066022000428,0.007992804000423348,True,0.0,1.031932041276134,0.013585542205329452,,True
1982,15.848068356000113,0.008002333999684197,True,0.0,1.0320369086273122,0.013100614473440539,,True
1983,15.856098259000191,0.008029903000078775,True,0.0,1.0308994989602551,0.013441903015238656,,True
1984,15.864066051999998,0.007967792999806989,True,0.0,1.0311123939087716,0.01295531192740362,,True
1985,15.872073013000318,0.00800696100031928,True,0.0,1.0308587165928567,0.012791212312375547,,True
1986,15.880104855000354,0.008031842000036704,True,0.0,1.0286474839361965,0.012925575836631235,,True
1987,15.888059925000107,0.007955069999752595,True,0.0,1.0289319412148767,0.01328231661999259,,True
1988,15.896061708000161,0.008001783000054274,True,0.0,1.0278354523492037,0.01295341856419857,,True
1989,15.904069198000343,0.00800749000018186,True,0.0,1.026843170006843,0.013404070926710818,,True
1990,15.912067264000143,0.00799806599980002,True,0.0,1.0256086428227793,0.013543904806978875,,True
1991,15.920070883000335,0.008003619000191975,True,0.0,1.0248822144456102,0.013927242688171604,,True
1992,15.928066141000272,0.007995257999937166,True,0.0,1.0241970543132224,0.014591450545399402,,True
1993,15.936066900000242,0.008000758999969548,True,0.0,1.0249010312652111,0.014301572986542064,,True
1994,15.944111800000428,0.008044900000186317,True,0.0,1.0238287125193979,0.014220411694950919,,True
1995,15.952067510000234,0.00795570999980555,True,0.0,1.0228684939419752,0.01424097100136748,,True
1996,15.960108951000166,0.008041440999932092,True,0.0,1.0210035156978237,0.015259760195325168,,True
1997,15.968072999000015,0.007964047999848844,True,0.0,1.0200255042949313,0.014723930882298423,,True
1998,15.97609947400042,0.008026475000406208,True,0.0,1.0194663412778577,0.015096687871041082,,True
1999,15.98410786400018,0.008008389999758947,True,0.0,1.0179439481370984,0.015268999661182663,,True
2000,15.992058789000112,0.007950924999931885,True,0.0,1.017556241820311,0.015169123862907197,,True
2001,16.000099240000054,0.00804045099994255,True,0.0,1.018250028210224,0.014130583345330178,,True
2002,16.008065267000347,0.007966027000293252,True,0.0,1.015994661990425,0.014979051193065269,,True
2003,16.0160743360002,0.008009068999854208,True,0.0,1.0142957899420848,0.015882533598656694,,True
2004,16.024069731000054,0.007995394999852579,True,0.0,1.0136984252400656,0.01552824094530835,,True
2005,16.032067312000436,0.007997581000381615,True,0.0,1.0125717875344482,0.01594951195826259,,True
2006,16.040059486000246,0.007992173999809893,True,0.0,1.0116796599584614,0.016309291733913784,,True
2007,16.04806455500011,0.008005068999864307,True,0.0,1.0117489108522337,0.01580356179099293,,True
2008,16.056072001000302,0.00800744600019243,True,0.0,1.0108621031011094,0.015614387305268268,,True
2009,16.064060423000228,0.007988421999925777,True,0.0,1.0101750147023454,0.015211521754552973,,True
2010,16.072144191000007,0.008083767999778502,True,0.0,1.0102470203811016,0.014747499591704327,,True
2011,16.08006662700018,0.007922436000171729,True,0.0,1.00872597317863,0.01515516304895691,,True
2012,16.088143156000115,0.008076528999936272,True,0.0,1.0088233984898616,0.014717226899207689,,True
2013,16.096060135000243,0.007916979000128777,True,0.0,1.0079126971246162,0.014381504260410745,,True
2014,16.104070667000087,0.008010531999843806,True,0.0,1.0082834701502703,0.013967435783871303,,True
2015,16.112067408000257,0.007996741000170005,True,0.0,1.0057778216891253,0.015199947996483778,,True
2016,16.12009115500041,0.00802374700015207,True,0.0,1.005262292168997,0.01555021095463296,,True
2017,16.128067466000175,0.007976310999765701,True,0.0,1.0050942794657003,0.014308319905316152,,True
2018,16.13606645500022,0.007998989000043366,True,0.0,1.003990705225178,0.014707717916021107,,True
2019,16.144099273000393,0.008032818000174302,True,0.0,1.004019787830138,0.014255724841880165,,True
2020,16.15208119600038,0.007981922999988456,True,0.0,1.0046885497537166,0.0139820775970478,,True
2021,16.160081135000382,0.007999939000001177,True,0.0,1.0033811046217693,0.013651732624863737,,True
2022,16.168068053000297,0.007986917999915022,True,0.0,1.0018851172875838,0.014459978128701144,,True
2023,16.176065222000034,0.00799716899973646,True,0.0,1.00182113193682,0.014405805150051897,,True
2024,16.18407784200008,0.00801262000004499,True,0.0,1.00082049116035,0.013736887666247357,,True
2025,16.19206070900009,0.007982867000009719,True,0.0,1.000759764793105,0.013685085850179234,,True
2026,16.200073951000377,0.008013242000288301,True,0.0,0.9991606636844065,0.014436980435985427,,True
2027,16.20810035500017,0.00802640399979282,True,0.0,1.000497344608378,0.014532342297962603,,True
2028,16.216067639000357,0.007967284000187647,True,0.0,0.9986295603429391,0.014137381697431804,,True
2029,16.22406522900019,0.007997589999831689,True,0.0,0.9977639653945185,0.013537415813716605,,True
2030,16.232108361000428,0.008043132000238984,True,0.0,0.9974321561807944,0.013776717681886024,,True
2031,16.240081060000193,0.00797269899976527,True,0.0,0.9965814074247344,0.013398927262912839,,True
2032,16.248122143000273,0.008041083000080107,True,0.0,0.9947189097034049,0.01422051671430525,,True
2033,16.25607987500007,0.007957731999795215,True,0.0,0.9935237599478315,0.014537324462229374,,True
2034,16.26410386100042,0.008023986000353034,True,0.0,0.9944629611356329,0.013411298152485969,,True
2035,16.27213696200033,0.008033100999909948,True,0.0,0.9918454809575928,0.014690152265242307,,True
2036,16.280066435000208,0.007929472999876452,True,0.0,0.9921957062803567,0.013340559740009889,,True
2037,16.28811448200031,0.008048047000102088,True,0.0,0.9907741381919047,0.014435031474948243,,True
2038,16.296073514,0.007959031999689614,True,0.0,0.99023492465428,0.013905755436811947,,True
2039,16.304162156000075,0.008088642000075197,True,0.0,0.9884220849564506,0.015021910448870537,,True
2040,16.312067561000276,0.007905405000201426,True,0.0,0.9883311267786122,0.014478723026836884,,True
2041,16.32006869900033,0.008001138000054198,True,0.0,0.9868541354631968,0.015429367716389832,,True
2042,16.32806930600009,0.00800060699975802,True,0.0,0.9861448557731821,0.015126729163688415,,True
2043,16.336069379000037,0.008000072999948316,True,0.0,0.9857291219262071,0.01463898772954128,,True
2044,16.34406269100009,0.007993312000053265,True,0.0,0.9852018725082878,0.01484021185960144,,True
2045,16.352066737000314,0.008004046000223752,True,0.0,0.9838129767313196,0.015428966037562773,,True
2046,16.360061790000145,0.007995052999831387,True,0.0,0.9835811707483192,0.014831540115194544,,True
2047,16.36806913600003,0.008007345999885729,True,0.0,0.982333340927931,0.015270968131113791,,True
2048,16.37606316700021,0.007994031000180257,True,0.0,0.9815286621836569,0.01633183965188142,,True
2049,16.384065771000223,0.00800260400001207,True,0.0,0.9816747803262567,0.014891054557328722,,True
2050,16.39206294800033,0.007997177000106603,True,0.0,0.9805868780224771,0.015268536812461373,,True
2051,16.40007040100045,0.008007453000118403,True,0.0,0.9797147590392052,0.015681585333874648,,True
2052,16.408070714000132,0.008000312999683956,True,0.0,0.9791640167109178,0.015186057922770262,,True
2053,16.416067799000302,0.007997085000170046,True,0.0,0.9789049866325197,0.014709338166304639,,True
2054,16.424066291000145,0.007998491999842372,True,0.0,0.9775693157099401,0.01563632763839618,,True
2055,16.432066448000114,0.008000156999969477,True,0.0,0.9768993879724285,0.015524342897382982,,True
2056,16.440066385000137,0.007999937000022328,True,0.0,0.9766197287647048,0.014847668610103932,,True
2057,16.448096663000342,0.008030278000205726,True,0.0,0.9759287618241121,0.01566644428075464,,True
2058,16.456066614000065,0.007969950999722641,True,0.0,0.974832374030645,0.015489201655453248,,True
2059,16.464067841000087,0.008001227000022482,True,0.0,0.9748513138625086,0.014880350489568938,,True
2060,16.472073214000375,0.008005373000287364,True,0.0,0.9739280582769629,0.015272910960442554,,True
2061,16.480064075000428,0.007990861000052973,True,0.0,0.9731015488449964,0.01502528951165809,,True
2062,16.488067663000038,0.008003587999610318,True,0.0,0.9726484484801958,0.01519199783200776,,True
2063,16.496066014000007,0.007998350999969261,True,0.0,0.9718171136978199,0.015267898832271108,,True
2064,16.504117393000342,0.008051379000335146,True,0.0,0.9713922054587352,0.01610625471103043,,True
2065,16.51207692600019,0.007959532999848307,True,0.0,0.9700605003144197,0.01560059753479689,,True
2066,16.52007361400001,0.007996687999821006,True,0.0,0.9696289427493169,0.015283044799458155,,True
2067,16.528068127000097,0.007994513000085135,True,0.0,0.9693840981680847,0.014886403483954256,,True
2068,16.536071983000056,0.008003855999959342,True,0.0,0.9687046597104934,0.014736271040986553,,True
2069,16.544080582000333,0.008008599000277172,True,0.0,0.9672845893681856,0.01533847567642098,,True
2070,16.55206695300012,0.00798637099978805,True,0.0,0.9672807561983277,0.014526892862618355,,True
2071,16.56011989300032,0.00805294000019785,True,0.0,0.9665528210920845,0.014624577987757079,,True
2072,16.568069293000008,0.007949399999688467,True,0.0,0.9655872284118362,0.015826710292322747,,True
2073,16.576094663000276,0.008025370000268595,True,0.0,0.9654227120603461,0.015787992630603372,,True
2074,16.58405949500002,0.007964831999743183,True,0.0,0.9642782500563425,0.01679752597094025,,True
2075,16.592102632000206,0.008043137000186107,True,0.0,0.9638989822280823,0.015644834876939788,,True
2076,16.600058676000117,0.007956043999911344,True,0.0,0.9638402066030776,0.014819280378601625,,True
2077,16.608123447000253,0.008064771000135806,True,0.0,0.9624957762637789,0.014681235343790984,,True
2078,16.616074955000386,0.00795150800013289,True,0.0,0.9613839271711311,0.014942915471329964,,True
2079,16.624103080000168,0.008028124999782449,True,0.0,0.9618827061555504,0.01385453276922675,,True
2080,16.632059591000143,0.007956510999974853,True,0.0,0.9601267942522205,0.015443420050073075,,True
2081,16.64006717800021,0.008007587000065541,True,0.0,0.9599308616625578,0.01473515020188651,,True
2082,16.648067886000263,0.008000708000054146,True,0.0,0.9587856070483164,0.014710380629231488,,True
2083,16.656077202000233,0.008009315999970568,True,0.0,0.9585869506505458,0.014177415992144697,,True
2084,16.664067789,0.007990586999767402,True,0.0,0.9577456837456817,0.01616382997657916,,True
2085,16.672064374,0.007996585000000778,True,0.0,0.9566868765200252,0.015124573586123345,,True
2086,16.680067072000384,0.008002698000382225,True,0.0,0.9562591225579476,0.014643985208011327,,True
2087,16.688106799000252,0.008039726999868435,True,0.0,0.9554547048611074,0.014752535422679002,,True
2088,16.6960667000003,0.007959901000049285,True,0.0,0.954361815228144,0.015005369301515994,,True
2089,16.70406399600006,0.007997295999757625,True,0.0,0.9543818461205449,0.014216236411372821,,True
2090,16.71206592300041,0.008001927000350406,True,0.0,0.954687125733664,0.013130036660908928,,True
2091,16.720070393000242,0.008004469999832509,True,0.0,0.953835209782776,0.013975777067168085,,True
2092,16.728068225000243,0.007997832000000926,True,0.0,0.9525750022923062,0.013643251678634755,,True
2093,16.736068811000223,0.008000585999980103,True,0.0,0.953207536842957,0.0132036452201911,,True
2094,16.74406333500019,0.007994523999968806,True,0.0,0.9516188984492667,0.013491254410993385,,True
2095,16.752069010000014,0.008005674999822077,True,0.0,0.9515726787908867,0.013040876519241842,,True
2096,16.760069476000353,0.008000466000339657,True,0.0,0.9504664209670389,0.013161214319330842,,True
2097,16.7680665150001,0.00799703899974702,True,0.0,0.9500925825204264,0.01358491504632646,,True
2098,16.776067307000176,0.008000792000075307,True,0.0,0.9493707017886635,0.013144962420102536,,True
2099,16.78406661900044,0.00799931200026549,True,0.0,0.9495869298100326,0.012765523806568044,,True
2100,16.792065280000315,0.007998660999874119,True,0.0,0.948429170533278,0.01313910691178513,,True
2101,16.80012465400023,0.008059373999913078,True,0.0,0.9476756248944753,0.012325425927029433,,True
2102,16.80808218700031,0.00795753300008073,True,0.0,0.946664674988202,0.01246286838753307,,True
2103,16.816093958000238,0.008011770999928558,True,0.0,0.9463582660408523,0.012063622080828094,,True
2104,16.824081608000142,0.007987649999904534,True,0.0,0.9446583073963936,0.012977296201176065,,True
2105,16.832068469000205,0.007986861000063072,True,0.0,0.9479933990635451,0.011840372692461526,,True
2106,16.840067194000312,0.007998725000106788,True,0.0,0.9462434168459857,0.011384624170302397,,True
2107,16.8480601440001,0.007992949999788834,True,0.0,0.9461175336258953,0.011271508981793693,,True
2108,16.856104442000287,0.008044298000186245,True,0.0,0.945578592558871,0.010650521937656513,,True
2109,16.86405968300005,0.007955240999763191,True,0.0,0.9438943237764549,0.010822090587976937,,True
2110,16.87207315600017,0.00801347300011912,True,0.0,0.9423732258576044,0.01082983365032895,,True
2111,16.880066610000085,0.0079934539999158,True,0.0,0.9435975570553836,0.010218764948273416,,True
2112,16.8881317270002,0.008065117000114697,True,0.0,0.9430814104920004,0.010430094821438921,,True
2113,16.896103619000314,0.007971892000114167,True,0.0,0.9417504567426451,0.010500241748839107,,True
2114,16.904068550000375,0.00796493100006046,True,0.0,0.941562946331589,0.0105708156012451,,True
2115,16.912068748000365,0.008000197999990633,True,0.0,0.9408547967355387,0.010739635426770302,,True
2116,16.920068272000208,0.007999523999842495,True,0.0,0.9411479947962273,0.010594785843054712,,True
2117,16.92806617000042,0.007997898000212444,True,0.0,0.938827141485991,0.010977993516136446,,True
2118,16.936067598000136,0.008001427999715816,True,0.0,0.9376498963025757,0.011195939259626773,,True
2119,16.944069610000042,0.008002011999906244,True,0.0,0.937199468171822,0.01134444389122134,,True
2120,16.952068340000096,0.00799873000005391,True,0.0,0.9367802074494477,0.011914236126495724,,True
2121,16.960069028000362,0.008000688000265654,True,0.0,0.9352498874302712,0.011800293347703088,,True
2122,16.968118317000062,0.008049288999700366,True,0.0,0.933853584042606,0.011794180348350105,,True
2123,16.97607791700011,0.00795960000004925,True,0.0,0.933224036115547,0.01197150062587959,,True
2124,16.984114908000265,0.008036991000153648,True,0.0,0.9329637224109263,0.012291137834111465,,True
2125,16.99206283300009,0.007947924999825773,True,0.0,0.9313563046141183,0.012404739496358645,,True
2126,17.00006047800025,0.007997645000159537,True,0.0,0.9297239721881375,0.012582137920369585,,True
2127,17.008070350000253,0.00800987200000236,True,0.0,0.9288136974901436,0.013451961546015839,,True
2128,17.016074377000223,0.008004026999969938,True,0.0,0.9280216838299462,0.013096830510087403,,True
2129,17.02405997300002,0.007985595999798534,True,0.0,0.9263533855774823,0.014783705529376742,,True
2130,17.032096131000344,0.008036158000322757,True,0.0,0.9255198810274503,0.01500915192151819,,True
2131,17.040060347000235,0.007964215999891167,True,0.0,0.9253934965445811,0.014284638250879717,,True
2132,17.048063897000247,0.008003550000012183,True,0.0,0.9243199120252757,0.015445880492276532,,True
2133,17.056098561,0.008034663999751501,True,0.0,0.923215844418058,0.0154829213062241,,True
2134,17.06406775800042,0.007969197000420536,True,0.0,0.9223002205743284,0.015995859269317528,,True
2135,17.07209816600016,0.008030407999740419,True,0.0,0.9215100073487779,0.016197660384899278,,True
2136,17.080059634999998,0.007961468999837962,True,0.0,0.9219823141076745,0.014629704352111039,,True
2137,17.088064251000105,0.00800461600010749,True,0.0,0.9201804592299242,0.015809693499594414,,True
2138,17.096064816000307,0.008000565000202187,True,0.0,0.9197437719549292,0.015830850984714567,,True
2139,17.10412631700001,0.00806150099970182,True,0.0,0.9192149130429249,0.015795580442371615,,True
2140,17.11206630100014,0.007939984000131517,True,0.0,0.9180907074968546,0.01628807255317108,,True
2141,17.12010951900038,0.008043218000238994,True,0.0,0.9172369224852753,0.016747146148349774,,True
2142,17.12806728500027,0.007957765999890398,True,0.0,0.9165408180501758,0.016974704431174728,,True
2143,17.136131772000226,0.008064486999955989,True,0.0,0.916055018401897,0.016352349483066374,,True
2144,17.14409515100033,0.007963379000102577,True,0.0,0.9148009448629658,0.017439999590761004,,True
2145,17.15206831200021,0.007973160999881657,True,0.0,0.9148681407336812,0.015950518637855588,,True
2146,17.160063812000317,0.007995500000106404,True,0.0,0.9135621559887965,0.017027651483335002,,True
2147,17.168067818000054,0.008004005999737274,True,0.0,0.9135156399090746,0.016121054400804864,,True
2148,17.176063414000055,0.00799559600000066,True,0.0,0.913158817931938,0.0157624509517652,,True
2149,17.184064159000172,0.008000745000117604,True,0.0,0.9118402020386205,0.016867040890745262,,True
2150,17.192129728000054,0.008065568999882089,True,0.0,0.9115901481755585,0.0162358779072815,,True
2151,17.20006288100012,0.00793315300006725,True,0.0,0.9112093542109057,0.01531785601837025,,True
2152,17.208080522000273,0.008017641000151343,True,0.0,0.9102161061906634,0.0158625745638223,,True
2153,17.216066151000177,0.007985628999904293,True,0.0,0.9110979523854958,0.013434023090269512,,True
2154,17.22408062300019,0.008014472000013484,True,0.0,0.9093313508901404,0.015566799357136006,,True
2155,17.232065165000222,0.00798454200003107,True,0.0,0.9092440909435049,0.0140429379865303,,True
2156,17.240136132000316,0.008070967000094242,True,0.0,0.9087934855519305,0.01345528687765099,,True
2157,17.248070247000214,0.007934114999898156,True,0.0,0.9082433345612878,0.013648975400100951,,True
2158,17.256068574000437,0.007998327000223071,True,0.0,0.9081010323019291,0.013556097934973312,,True
2159,17.264066918000026,0.007998343999588542,True,0.0,0.9067369262568045,0.013882432972151863,,True
2160,17.27206290600043,0.007995988000402576,True,0.0,0.9070662775555879,0.012511272919604846,,True
2161,17.28006795700003,0.008005050999599916,True,0.0,0.9058290078675728,0.012883853565946275,,True
2162,17.28806515100041,0.007997194000381569,True,0.0,0.9052534307435968,0.013254028601288702,,True
2163,17.296110539000438,0.008045388000027742,True,0.0,0.9047982093390771,0.012443274214174294,,True
2164,17.304070761000276,0.007960221999837813,True,0.0,0.9042315628656274,0.01261619249777456,,True
2165,17.312116581000282,0.008045820000006643,True,0.0,0.9041399083326569,0.011995045916621538,,True
2166,17.320076996000353,0.007960415000070498,True,0.0,0.9029363543417256,0.012725304269196467,,True
2167,17.328103656000167,0.008026659999814001,True,0.0,0.9025505959826069,0.012576311265527204,,True
2168,17.336059435000152,0.007955778999985341,True,0.0,0.9018533071662842,0.011943553259260171,,True
2169,17.344095845000084,0.008036409999931493,True,0.0,0.9010374929205656,0.012152279345648777,,True
2170,17.352072175000103,0.007976330000019516,True,0.0,0.9009701056186411,0.011585951251503511,,True
2171,17.360118477000015,0.00804630199991152,True,0.0,0.9000943607110369,0.011877025921351836,,True
2172,17.368070278000232,0.007951801000217529,True,1.3552527156068805e-20,0.8994432186012494,0.011922646123226443,,True
2173,17.376108363000185,0.008038084999952844,True,0.0,0.8993337130880711,0.011846685893858226,,True
2174,17.38406674700036,0.007958384000176011,True,0.0,0.8989977320194626,0.011360180261880645,,True
2175,17.392110571000103,0.008043823999742017,True,0.0,0.8980518309668908,0.011459631294602288,,True
2176,17.40006938100032,0.007958810000218364,True,0.0,0.8978049415811873,0.010661820777717572,,True
2177,17.408139294000193,0.008069912999872031,True,0.0,0.8973462828196157,0.01053054364965156,,True
2178,17.416068472999996,0.007929178999802389,True,0.0,0.8964097959138346,0.011089071194874591,,True
2179,17.424108434000118,0.008039961000122275,True,0.0,0.8957304053760285,0.010273782037134157,,True
2180,17.43206671600001,0.00795828199989046,True,0.0,0.8948149960951144,0.010492307254161294,,True
2181,17.44006433300001,0.0079976170000009,True,0.0,0.8947914740140845,0.010871310854369095,,True
2182,17.4481170250001,0.008052692000092065,True,0.0,0.8943491338675771,0.009959827552533823,,True
2183,17.45606071400016,0.00794368900005793,True,0.0,0.8937611290930509,0.01018946671334932,,True
2184,17.46406146800018,0.008000754000022425,True,0.0,0.8943322361791709,0.009339049087313167,,True
2185,17.47209941400024,0.008037946000058582,True,0.0,0.8934843090737994,0.009591954810068052,,True
2186,17.48006340100028,0.007963987000039197,True,0.0,0.8928530937813358,0.009607816590794306,,True
2187,17.488077051000346,0.008013650000066264,True,0.0,0.892470391528299,0.010005063323633287,,True
2188,17.496068866000314,0.007991814999968483,True,0.0,0.890159562806895,0.010043167386471048,,True
2189,17.50405886300041,0.007989997000095173,True,0.0,0.8903074850080045,0.009731766430707257,,True
2190,17.51207391400021,0.008015050999802042,True,0.0,0.8904260030950321,0.009275993697698767,,True
2191,17.52007530100036,0.008001387000149407,True,0.0,0.8891639255931947,0.009224658020854794,,True
2192,17.52806519600017,0.007989894999809621,True,0.0,0.8884516039289573,0.009517968932273928,,True
2193,17.536079297000015,0.008014100999844231,True,0.0,0.8893731176458557,0.009330101440433992,,True
2194,17.544066063000173,0.00798676600015824,True,0.0,0.8882784953557554,0.009006470098672368,,True
2195,17.552126212000076,0.008060148999902594,True,0.0,0.8890313181163781,0.009061007431634176,,True
2196,17.56010171700018,0.007975505000104022,True,0.0,0.8886638010721656,0.009455215147222789,,True
2197,17.568069782000293,0.007968065000113711,True,0.0,0.8871414191555657,0.009092146049259326,,True
2198,17.576115925000067,0.00804614299977402,True,0.0,0.8847876705396671,0.009385858568709082,,True
2199,17.58407065900019,0.007954734000122698,True,0.0,0.8851731741767175,0.009198644109217516,,True
2200,17.592078372000287,0.008007713000097283,True,0.0,0.8854472846363987,0.009624859538902665,,True
2201,17.600064997000118,0.007986624999830383,True,0.0,0.88383453651974,0.009382635079412928,,True
2202,17.608147486000234,0.008082489000116766,True,0.0,0.8828027187704349,0.009901488987209515,,True
2203,17.616066136000427,0.007918650000192429,True,0.0,0.8849851489344978,0.009542167426792281,,True
2204,17.624111152000296,0.008045015999869065,True,0.0,0.8823327907253902,0.009703372147181305,,True
2205,17.632068795000123,0.00795764299982693,True,0.0,0.8802666819684821,0.010028448938250402,,True
2206,17.64006620600003,0.007997410999905696,True,0.0,0.8808000244440463,0.010111060233885711,,True
2207,17.648074123000242,0.008007917000213638,True,0.0,0.8794238925759391,0.010369152630439426,,True
2208,17.656100313000024,0.008026189999782218,True,0.0,0.8780704468614895,0.010642179031252084,,True
2209,17.664070006000202,0.007969693000177358,True,0.0,0.8756345366279356,0.011926829548419627,,True
2210,17.672097662000397,0.008027656000194838,True,0.0,0.8750422128653412,0.012641652112126851,,True
2211,17.680066071000056,0.007968408999659005,True,0.0,0.8748719658893674,0.012473711564150025,,True
2212,17.688067262000004,0.008001190999948449,True,0.0,0.8740246169333454,0.013963091541892141,,True
2213,17.69606117400008,0.007993912000074488,True,0.0,0.8745568258484091,0.012121390551642665,,True
2214,17.704120974000034,0.00805979999995543,True,0.0,0.873480643458922,0.013140272347381162,,True
2215,17.712105461000192,0.00798448700015797,True,0.0,0.8737937198364442,0.013230306189444872,,True
2216,17.720064406000347,0.007958945000154927,True,0.0,0.8739652148160598,0.013622592135482609,,True
2217,17.72807416500018,0.008009758999833139,True,0.0,0.8760795697394903,0.013568715696863388,,True
2218,17.736067214000286,0.007993049000106112,True,0.0,0.8773702191612907,0.013644887449384014,,True
2219,17.74412802400002,0.008060809999733465,True,0.0,0.8800993330437495,0.013794634749946126,,True
2220,17.752061319000404,0.007933295000384533,True,0.0,0.8842585164696559,0.01335176432423771,,True
2221,17.76011789100039,0.008056571999986772,True,0.0,0.886305461195046,0.015058927431939765,,True
2222,17.768062766000185,0.007944874999793683,True,0.0,0.8903550118111985,0.015386075970003436,,True
2223,17.77610450500015,0.008041738999963854,True,0.0,0.8960434237368817,0.014465885108673972,,True
2224,17.784069438000188,0.00796493300003931,True,0.0,0.9018476853574892,0.015143793714065155,,True
2225,17.792098081000404,0.008028643000216107,True,0.0,0.9054646428552884,0.016178740240737753,,True
2226,17.800063840000348,0.007965758999944228,True,0.0,0.9153364083853112,0.015522336802175941,,True
2227,17.80812981100007,0.008065970999723504,True,0.0,0.9219246619891764,0.017356498501692737,,True
2228,17.816063174000192,0.007933363000120153,True,0.0,0.9349503945693869,0.015834759330270946,,True
2229,17.824080076000428,0.00801690200023586,True,0.0,0.9472898974006618,0.01608089317033888,,True
2230,17.83209770500025,0.0080176289998235,True,0.0,0.9543611634462604,0.01885876942691626,,True
2231,17.84012296000037,0.008025255000120524,True,0.0,0.9673016611056579,0.021339762740145606,,True
2232,17.848103606000222,0.007980645999850822,True,0.0,0.9823765905486987,0.024472703350221343,,True
2233,17.85606731000007,0.007963703999848804,True,0.0,0.9973771468666454,0.027953281136564576,,True
2234,17.86410138700012,0.008034077000047546,True,0.0,1.011291811217048,0.033001369722430486,,True
2235,17.872107509000216,0.008006122000097093,True,0.0,1.0280869996380118,0.0387941633880424,,True
2236,17.88007136100032,0.007963852000102634,True,0.0,1.0460144962615852,0.04455431981333502,,True
2237,17.88810028500029,0.008028923999972903,True,0.0,1.0625423352877545,0.051167355843452555,,True
2238,17.896069681000426,0.00796939600013502,True,0.0,1.0808515555254181,0.05962641123481753,,True
2239,17.904067367000152,0.007997685999725945,True,0.0,1.1010657286712986,0.0673847166774365,,True
2240,17.91206430400007,0.007996936999916215,True,0.0,1.1108960783548623,0.0764735914067935,,True
2241,17.92006755500006,0.008003250999990996,True,0.0,1.1307511489229871,0.08544095769269325,,True
2242,17.92806007800027,0.007992523000211804,True,0.0,1.1425801088809915,0.0957299921745734,,True
2243,17.93612286000007,0.008062781999797153,True,0.0,1.158075594544486,0.10654824070869041,,True
2244,17.944076836000022,0.0079539759999534,True,0.0,1.172901365063432,0.11727810349441058,,True
2245,17.952138786000432,0.008061950000410434,True,0.0,1.1894160927492357,0.12853164083135804,,True
2246,17.96005937300015,0.007920586999716761,True,0.0,1.2073389045794183,0.1394363973424317,,True
2247,17.968071196000437,0.008011823000288132,True,0.0,1.225279299018691,0.15098545107391914,,True
2248,17.976108776000274,0.008037579999836453,True,0.0,1.2386082674170695,0.16246474547439158,,True
2249,17.98406969200005,0.007960915999774443,True,0.0,1.2536868444939528,0.17418137831476674,,True
2250,17.99206679400004,0.007997101999990264,True,0.0,1.2646614591257732,0.1864813768714981,,True
2251,18.000072897000337,0.008006103000298026,True,0.0,1.284876013495277,0.19709195544619443,,True
2252,18.008067224000115,0.007994326999778423,True,0.0,1.3003788843621358,0.20951048391304497,,True
2253,18.01607353700001,0.008006312999896181,True,0.0,1.3093103296545676,0.22165789787929344,,True
2254,18.02406442900019,0.007990892000179883,True,0.0,1.316730163425025,0.23414670758626552,,True
2255,18.032069235000108,0.008004805999917153,True,0.0,1.3299557152070944,0.24498535041777136,,True
2256,18.0400661650001,0.007996929999990243,True,0.0,1.3493489186534002,0.2555122297913567,,True
2257,18.04806928900007,0.00800312399996983,True,0.0,1.3657494398790742,0.266416616251521,,True
2258,18.05607733600027,0.008008047000203078,True,0.0,1.3753400590238611,0.27702291301265225,,True
2259,18.06406917100003,0.007991834999756975,True,0.0,1.3772729553969139,0.2880972841643257,,True
2260,18.07214003600029,0.008070865000263439,True,0.0,1.380165787991303,0.30014268397160526,,True
2261,18.080069046000062,0.007929009999770642,True,0.0,1.3896920289059242,0.3101777027809014,,True
2262,18.088091671000257,0.008022625000194239,True,0.0,1.3945711485399326,0.32090501520412684,,True
2263,18.09606455400035,0.007972883000093134,True,0.0,1.3912449587193194,0.3318264626597781,,True
2264,18.104110631000367,0.008046077000017249,True,0.0,1.3961338884525354,0.34189094843310064,,True
2265,18.112068267000268,0.007957635999900958,True,0.0,1.3987112623279874,0.3501469307463812,,True
2266,18.12008602800006,0.00801776099979179,True,0.0,1.406451295064993,0.3599135218358466,,True
2267,18.128113183000096,0.008027155000036146,True,0.0,1.4095994760897241,0.3683492243823454,,True
2268,18.136067515000377,0.007954332000281283,True,0.0,1.4099041863490296,0.37676419223967894,,True
2269,18.144067437000103,0.007999921999726212,True,0.0,1.4194833111259735,0.3842879157129774,,True
2270,18.15207056600002,0.008003128999916953,True,0.0,1.4167315004196814,0.39289430320643065,,True
2271,18.16007400000035,0.008003434000329435,True,0.0,1.424048700861217,0.3992704953970673,,True
2272,18.168065194000064,0.007991193999714596,True,0.0,1.4298853785605383,0.40578924973902947,,True
2273,18.176065689000097,0.00800049500003297,True,0.0,1.4315234688364582,0.41285402979613095,,True
2274,18.1841073100004,0.008041621000302257,True,0.0,1.43024551778914,0.4204840623108557,,True
2275,18.192067408000185,0.00796009799978492,True,0.0,1.4411712979766986,0.42621484992591446,,True
2276,18.200067652000143,0.008000243999958911,True,0.0,1.4516468947850356,0.4318640382887733,,True
2277,18.208066410000356,0.007998758000212547,True,0.0,1.4511069372218788,0.438042952224003,,True
2278,18.21606586000007,0.00799944999971558,True,0.0,1.4634677451589038,0.44316610085092323,,True
2279,18.224116903000322,0.008051043000250502,True,0.0,1.4721968065998994,0.4477225096523215,,True
2280,18.23206635300039,0.007949450000069191,True,0.0,1.4848049414632518,0.4519192154549883,,True
2281,18.24006737300033,0.008001019999937853,True,0.0,1.5004271414192474,0.4564496349379053,,True
2282,18.248069145000045,0.008001771999715857,True,0.0,1.5171867089850317,0.46022520891342317,,True
2283,18.256135742000424,0.00806659700037926,True,0.0,1.5342890136897795,0.4658045439884346,,True
2284,18.264070976000312,0.007935233999887714,True,0.0,1.5479015651245833,0.46890630283510665,,True
2285,18.27206303400044,0.007992058000127145,True,0.0,1.558793388819063,0.47388727194265406,,True
2286,18.280067944000166,0.008004909999726806,True,0.0,1.567249397249124,0.47878086597799124,,True
2287,18.288111633000426,0.008043689000260201,True,0.0,1.587113264395904,0.4838553496180181,,True
2288,18.29607230700003,0.007960673999605206,True,0.0,1.5916319700959642,0.4886403482853756,,True
2289,18.30406905100017,0.007996744000138278,True,0.0,1.6014460338883685,0.49436226560295476,,True
2290,18.31213017400023,0.008061123000061343,True,0.0,1.616124881559603,0.4986330166884986,,True
2291,18.320069077000426,0.007938903000194841,True,0.0,1.6247073478538712,0.5026796909669539,,True
2292,18.32807633700031,0.008007259999885719,True,0.0,1.6357520792023774,0.5077553851675012,,True
2293,18.336081678000028,0.008005340999716282,True,0.0,1.6320752069950248,0.5131541638247908,,True
2294,18.344070193000334,0.007988515000306506,True,0.0,1.6302641942843823,0.5183751001126863,,True
2295,18.352099822000127,0.008029628999793204,True,0.0,1.6261360941866985,0.5226095861501561,,True
2296,18.360071668000273,0.007971846000145888,True,0.0,1.6300566674506396,0.5262985491614767,,True
2297,18.36806890800017,0.0079972399998951,True,0.0,1.6277700841771872,0.5288668798164683,,True
2298,18.37608014000034,0.00801123200017173,True,0.0,1.6341295519966044,0.5318003022653092,,True
2299,18.384066899000118,0.007986758999777521,True,0.0,1.6322391198155888,0.5333536544051586,,True
2300,18.39206140200031,0.007994503000190889,True,0.0,1.6462283771126407,0.5323763972998772,,True
2301,18.40006968300031,0.008008281000002171,True,0.0,1.6570754801789123,0.5326348993020874,,True
2302,18.40806799400025,0.00799831099993753,True,0.0,1.6631714994946287,0.5312246430063801,,True
2303,18.416071578000356,0.008003584000107367,True,0.0,1.67292683761525,0.5301894434755409,,True
2304,18.424101972000244,0.008030393999888474,True,0.0,1.6740408292739302,0.5282630209343336,,True
2305,18.432133422000334,0.008031450000089535,True,0.0,1.6735166270121615,0.5253706718711497,,True
2306,18.440081512000233,0.007948089999899821,True,0.0,1.6743857877558292,0.5218041878713401,,True
2307,18.448069111000223,0.007987598999989132,True,0.0,1.6828781709308016,0.5173434058852789,,True
2308,18.45608243200013,0.008013320999907592,True,0.0,1.6718589413813574,0.5139964803617465,,True
2309,18.464064168000277,0.007981736000147066,True,0.0,1.6723799267283763,0.5095423855517632,,True
2310,18.47206072500012,0.007996556999842142,True,0.0,1.6741862460594512,0.5033658891783197,,True
2311,18.480067080000026,0.008006354999906762,True,0.0,1.6721863622319784,0.4975542365306482,,True
2312,18.488072710000324,0.00800563000029797,True,0.0,1.6704458505239625,0.4906180830113736,,True
2313,18.496073195999998,0.008000485999673401,True,0.0,1.6677500700171173,0.4820309473441498,,True
2314,18.504108094000003,0.008034898000005342,True,0.0,1.654744966170338,0.47576922354583095,,True
2315,18.512072445000285,0.007964351000282477,True,0.0,1.6328759369752024,0.4666632366488246,,True
2316,18.520078256000033,0.008005810999748064,True,0.0,1.6209332614032497,0.45671027088844185,,True
2317,18.52806708800017,0.007988832000137336,True,0.0,1.599753304586814,0.44763590125565783,,True
2318,18.536072641000374,0.00800555300020278,True,0.0,1.5607681989784368,0.43946493953743465,,True
2319,18.54406508000011,0.007992438999735896,True,0.0,1.5406590607421027,0.43018313482465015,,True
2320,18.552059654000004,0.007994573999894783,True,0.0,1.5157231151389035,0.4197902535236789,,True
2321,18.560064074000366,0.008004420000361279,True,0.0,1.48500288040989,0.40964782758634055,,True
2322,18.568139114000132,0.008075039999766886,True,0.0,1.4554007756499914,0.3992324884608183,,True
2323,18.5760627880004,0.007923674000267056,True,0.0,1.4224742893210907,0.3893781719494333,,True
2324,18.584068874000423,0.00800608600002306,True,0.0,1.3868717491358915,0.3806980713969444,,True
2325,18.592135755000072,0.008066880999649584,True,0.0,1.3638965873924078,0.36895762802416165,,True
2326,18.600071176000256,0.007935421000183851,True,0.0,1.3388638015504641,0.35690693564526155,,True
2327,18.608068361000278,0.007997185000022,True,0.0,1.3146487732826644,0.34514143244583506,,True
2328,18.616113229000348,0.008044868000069982,True,0.0,1.289448091501451,0.33162833820314835,,True
2329,18.624069303000397,0.00795607400004883,True,0.0,1.2688386794040407,0.31611122402881653,,True
2330,18.632068579000133,0.00799927599973671,True,0.0,1.2495425528095447,0.29890131688326843,,True
2331,18.640060315000028,0.007991735999894445,True,0.0,1.2260557387821074,0.2834838365901066,,True
2332,18.648065478000262,0.008005163000234461,True,0.0,1.2090394729008846,0.26851409253359987,,True
2333,18.65612778500008,0.008062306999818247,True,0.0,1.1912693529739868,0.2520376310846469,,True
2334,18.664063824000095,0.007936039000014716,True,0.0,1.1708040403884405,0.2352125714001761,,True
2335,18.67208094200032,0.00801711800022531,True,0.0,1.1485321936511246,0.21918473929663257,,True
2336,18.680064575000415,0.007983633000094414,True,0.0,1.1340707626179505,0.20235911593269756,,True
2337,18.688098421000177,0.00803384599976198,True,0.0,1.1132592592672435,0.1855379851701799,,True
2338,18.696064351000132,0.007965929999954824,True,0.0,1.0950566112301106,0.16868419084020495,,True
2339,18.70410679500037,0.008042444000238902,True,0.0,1.081097567131175,0.15269553057235818,,True
2340,18.712062980000155,0.007956184999784455,True,0.0,1.0623932957157185,0.1373298895230816,,True
2341,18.720068365000316,0.008005385000160459,True,0.0,1.0499548389369089,0.12015259152294325,,True
2342,18.72810298400009,0.008034618999772647,True,0.0,1.0388012211022424,0.103887175378018,,True
2343,18.736067606000233,0.007964622000145027,True,0.0,1.0262881062372846,0.08767125059444908,,True
2344,18.744065967000097,0.007998360999863507,True,0.0,1.0160617299329118,0.07103414397043864,,True
2345,18.752066484000352,0.008000517000255059,True,4.336808689942018e-19,1.008425391225933,0.0561761077778801,,True
2346,18.760067543000332,0.00800105899998016,True,0.0,0.9999905065776282,0.03940786213680322,,True
2347,18.76806656900044,0.007999026000106824,True,0.0,0.9932137029857271,0.025110966610783953,,True
2348,18.776112601000023,0.008046031999583647,True,0.0,0.9851632268461736,0.011856841237148946,,True
2349,18.78406175100008,0.00794915000005858,True,2.168404344971009e-19,0.9766426939306755,0.006047998583691352,,True
2350,18.792059212000368,0.007997461000286421,True,0.0,0.9705783208003196,0.016734091183618093,,True
2351,18.800066380000317,0.00800716799994916,True,0.0,0.9653564403236151,0.029522728731448074,,True
2352,18.808070988000054,0.008004607999737345,True,0.0,0.9603739760170253,0.04190756666459943,,True
2353,18.816066683000372,0.007995695000317937,True,0.0,0.9570280624950842,0.05268188006778138,,True
2354,18.824059982000108,0.007993298999735998,True,0.0,0.953893514444051,0.06441719137056486,,True
2355,18.832066473000395,0.008006491000287497,True,0.0,0.9513046872118547,0.07338380266477161,,True
2356,18.840059091000057,0.007992617999661888,True,0.0,0.9499276174873094,0.08281134139929178,,True
2357,18.84807184200008,0.008012751000023854,True,0.0,0.949130923099021,0.0916795456265608,,True
2358,18.85606683800006,0.007994995999979437,True,0.0,0.9479442795015828,0.09865761381473849,,True
2359,18.864069465000284,0.008002627000223583,True,0.0,0.9477805395859792,0.10590908501104573,,True
2360,18.872067319000053,0.007997853999768267,True,0.0,0.9495112691834742,0.11116073055664893,,True
2361,18.880065175000254,0.007997856000201864,True,0.0,0.9505287024052407,0.11612490512157411,,True
2362,18.88808172500012,0.008016549999865674,True,6.776263578034403e-21,0.952569966589936,0.12104759827086177,,True
2363,18.896071740000025,0.007990014999904815,True,0.0,0.9544697982979359,0.12399906662712552,,True
2364,18.904147399000067,0.008075659000041924,True,0.0,0.955259734137808,0.12641708006678626,,True
2365,18.912068523000016,0.007921123999949486,True,2.710505431213761e-20,0.9569208269033992,0.12832419055840935,,True
2366,18.92010161600001,0.008033092999994551,True,0.0,0.962088302360619,0.1283187226305567,,True
2367,18.92806670200025,0.007965086000240262,True,2.710505431213761e-20,0.9629724148579737,0.12836327834681652,,True
2368,18.936070030000337,0.008003328000086185,True,0.0,0.9640509270601731,0.128436351328771,,True
2369,18.944065789000433,0.007995759000095859,True,0.0,0.9668896246693464,0.12718492893137456,,True
2370,18.95206622600017,0.008000436999736849,True,0.0,0.9662211363858436,0.12611521615120536,,True
2371,18.960095163999995,0.008028937999824848,True,0.0,0.9672659308466274,0.12447395122850041,,True
2372,18.968067660000088,0.007972496000093088,True,0.0,0.9699158316255932,0.12218902063605473,,True
2373,18.976157571000385,0.008089911000297434,True,0.0,0.968424413727889,0.12128857200204944,,True
2374,18.98406790600029,0.0079103349999059,True,5.421010862427522e-20,0.9680330998996381,0.11919113736516448,,True
2375,18.99207176100026,0.008003854999969917,True,0.0,0.9677156640229702,0.11646659110131585,,True
2376,19.000060659000155,0.007988897999894107,True,0.0,0.9659957228909936,0.11383786802447259,,True
2377,19.008066962000157,0.008006303000001935,True,0.0,0.9651587504886378,0.10985651235562878,,True
2378,19.016073303000212,0.008006341000054817,True,0.0,0.9621288200281708,0.10671186241467086,,True
2379,19.024067631000435,0.007994328000222595,True,0.0,0.9609908812465793,0.1021284671633274,,True
2380,19.032100134000302,0.008032502999867575,True,0.0,0.958242181258903,0.09904897393242944,,True
2381,19.040073230000417,0.00797309600011431,True,0.0,0.956017415317317,0.09389874000365078,,True
2382,19.0480658030001,0.007992572999683034,True,0.0,0.9555410543097803,0.08887278487740058,,True
2383,19.05606590100024,0.008000098000138678,True,0.0,0.9548719621607874,0.0839210169360425,,True
2384,19.064067021000028,0.008001119999789807,True,0.0,0.9508478791943296,0.07979635620384681,,True
2385,19.072106332000203,0.008039311000175076,True,0.0,0.9480837644868689,0.07484372577271074,,True
2386,19.080066758000157,0.007960425999954168,True,0.0,0.9486345290235619,0.06857781759383615,,True
2387,19.08814142900019,0.00807467100003123,True,0.0,0.9465030451463361,0.06357829160061144,,True
2388,19.096061597000244,0.007920168000055128,True,0.0,0.9465965511444102,0.05740183258115273,,True
2389,19.10406107200015,0.007999474999905942,True,0.0,0.9444367272454656,0.052539097319335426,,True
2390,19.11206172900029,0.008000657000138744,True,0.0,0.9424897624711678,0.04767504305764794,,True
2391,19.12010162100023,0.008039891999942483,True,0.0,0.9415901293676363,0.04207797572517317,,True
2392,19.12806258200044,0.007960961000208044,True,0.0,0.9408946736165273,0.03688956674368264,,True
2393,19.13607393800021,0.008011355999769876,True,0.0,0.9392396421562432,0.03199144273774459,,True
2394,19.144076435000443,0.008002497000234143,True,0.0,0.9391770169550246,0.027330518987543757,,True
2395,19.152066754000316,0.007990318999873125,True,0.0,0.9386588163161038,0.023752054074518424,,True
2396,19.16005837900002,0.007991624999704072,True,0.0,0.9350664148778204,0.020151595071174453,,True
2397,19.168107716000122,0.008049337000102241,True,0.0,0.9340566512383369,0.01780871007229418,,True
2398,19.176067482000235,0.007959766000112722,True,0.0,0.9341467520619603,0.013647790317833692,,True
2399,19.184072338000078,0.00800485599984313,True,0.0,0.9357534531459666,0.01205351480068499,,True
2400,19.192161015000238,0.008088677000159805,True,0.0,0.9318620998395158,0.012481631729210517,,True
2401,19.200062251000418,0.007901236000179779,True,0.0,0.933594551414355,0.008821803577396526,,True
2402,19.208133950000047,0.008071698999629007,True,0.0,0.9328530796313266,0.011554846801946683,,True
2403,19.21606624800006,0.00793229800001427,True,0.0,0.9307029187639156,0.012070809452718994,,True
2404,19.224059949000093,0.00799370100003216,True,0.0,0.9311262959726567,0.011990870267630328,,True
2405,19.23209501400015,0.008035065000058239,True,0.0,0.9314176316905697,0.01449999019779994,,True
2406,19.240097486000195,0.008002472000043781,True,0.0,0.9305227898348248,0.01479845810417558,,True
2407,19.248072374000003,0.007974887999807834,True,0.0,0.9299893775058108,0.016413616761794318,,True
2408,19.256066876000205,0.007994502000201464,True,0.0,0.9303855274286208,0.017613023693917672,,True
2409,19.264067146000343,0.008000270000138698,True,0.0,0.9295993751320342,0.018669202528490456,,True
2410,19.272066996000376,0.007999850000032893,True,0.0,0.9272030832114382,0.019792130499710316,,True
2411,19.28006718300003,0.008000186999652215,True,0.0,0.9282888509862387,0.019609877407005018,,True
2412,19.288141093000377,0.008073910000348405,True,0.0,0.926828360562398,0.019916663327377248,,True
2413,19.296065930000168,0.007924836999791296,True,0.0,0.9259648810689631,0.019675685094702466,,True
2414,19.304074688000128,0.008008757999959926,True,0.0,0.9246965672792092,0.021273092882935277,,True
2415,19.31210414000043,0.008029452000300807,True,0.0,0.9249849795648943,0.01970144104853911,,True
2416,19.320066792000034,0.007962651999605441,True,0.0,0.9241725044239101,0.01814488481088758,,True
2417,19.328071426000406,0.00800463400037188,True,0.0,0.9222722442995964,0.018508856561170517,,True
2418,19.33607298600009,0.008001559999684105,True,0.0,0.9215672446934955,0.018104594627081857,,True
2419,19.344064553000408,0.007991567000317445,True,0.0,0.9208505735852206,0.01623309784737642,,True
2420,19.35207385600006,0.0080093029996533,True,0.0,0.9203027380951349,0.014406475828566329,,True
2421,19.360066092000125,0.007992236000063713,True,0.0,0.9196411110933389,0.014088944284742985,,True
2422,19.368065112000295,0.007999020000170276,True,0.0,0.9188272651618645,0.012985235762171405,,True
2423,19.376059181000073,0.007994068999778392,True,0.0,0.918004606884263,0.01043764947721936,,True
2424,19.384060352000233,0.008001171000159957,True,0.0,0.9173855080041702,0.011871536157735672,,True
2425,19.392128601000422,0.008068249000189098,True,0.0,0.9166502099922264,0.010068707913410723,,True
2426,19.400115366000136,0.007986764999714069,True,0.0,0.9159633622173934,0.008997822261225998,,True
2427,19.408065517000068,0.007950150999931793,True,0.0,0.9150002025738997,0.009608131746697519,,True
2428,19.416112701000202,0.008047184000133711,True,0.0,0.9152696270373109,0.012035154518877312,,True
2429,19.424075610000273,0.007962909000070795,True,0.0,0.9148317213660312,0.013064490510277485,,True
2430,19.432066062000104,0.007990451999830839,True,0.0,0.9146018062954102,0.014021900722338616,,True
2431,19.44006160700019,0.007995545000085258,True,0.0,0.9140727270328711,0.015177958433446687,,True
2432,19.448065984000095,0.008004376999906526,True,0.0,0.9139977650877654,0.015670065973217535,,True
2433,19.456069291000404,0.008003307000308268,True,0.0,0.9147543769670301,0.017991500367006183,,True
2434,19.464066599000034,0.00799730799963072,True,0.0,0.9131563137230897,0.01846591511342482,,True
2435,19.472066732000258,0.008000133000223286,True,0.0,0.9116159697623385,0.01837785865764873,,True
2436,19.480066787000396,0.008000055000138673,True,0.0,0.9116456503632504,0.020782964908944185,,True
2437,19.48808108100002,0.008014293999622168,True,0.0,0.910788282446277,0.022107965316843465,,True
2438,19.496104522000223,0.008023441000204912,True,0.0,0.9100498081790872,0.02327821967882706,,True
2439,19.504139796000345,0.008035274000121717,True,0.0,0.9091594079043972,0.023631632106500454,,True
2440,19.512075214000106,0.00793541799976083,True,0.0,0.9088958443403375,0.02483010290030486,,True
2441,19.520077005000076,0.008001790999969671,True,0.0,0.9083631862077263,0.02691037389654075,,True
2442,19.528064861000075,0.007987855999999738,True,0.0,0.9078885162736117,0.027926357740054107,,True
2443,19.536073547000342,0.008008686000266607,True,0.0,0.906696039789738,0.029799838323968982,,True
2444,19.54406338400031,0.007989836999968247,True,0.0,0.9066562185864016,0.030536240925666983,,True
2445,19.552067916000397,0.008004532000086328,True,0.0,0.9044175140825202,0.03174812871892489,,True
2446,19.560069254000155,0.008001337999758107,True,0.0,0.9042681058253216,0.033181242338106674,,True
2447,19.56806591400027,0.007996660000117117,True,0.0,0.9026653478063968,0.03220564008228674,,True
2448,19.57607574800022,0.008009833999949478,True,0.0,0.9016059529278444,0.03404863150671124,,True
2449,19.584068001000105,0.007992252999883931,True,0.0,0.9011002414878256,0.03548477458362661,,True
2450,19.59213618700005,0.008068185999945854,True,0.0,0.9009962479775857,0.03644665215165105,,True
2451,19.600061130000086,0.007924943000034546,True,0.0,0.9005562055743341,0.03757013102939065,,True
2452,19.608070115000373,0.008008985000287794,True,0.0,0.8992960792920643,0.04015941724599336,,True
2453,19.61606859800031,0.00799848299993755,True,0.0,0.8994781632691491,0.041972621386218115,,True
2454,19.624109493000105,0.008040894999794546,True,0.0,0.8981426575532786,0.043196667570327855,,True
2455,19.632075213999997,0.007965720999891346,True,5.421010862427522e-20,0.8975442745433277,0.043850389421185,,True
2456,19.64007109100021,0.007995877000212204,True,0.0,0.8966018660358361,0.04453005667754428,,True
2457,19.648070027000358,0.007998936000149115,True,0.0,0.8950678215183726,0.045448519729480406,,True
2458,19.65606116800018,0.007991140999820345,True,0.0,0.8942447003876078,0.045426479331874534,,True
2459,19.66407141000036,0.008010242000182188,True,0.0,0.8933839896579505,0.04516375033915978,,True
2460,19.672072849000415,0.008001439000054233,True,0.0,0.8922907092489287,0.046038399614412695,,True
2461,19.680099487999996,0.008026638999581337,True,0.0,0.8915583458447304,0.0457952233604741,,True
2462,19.68813594700032,0.008036459000322793,True,0.0,0.8914478000732386,0.045702421849906985,,True
2463,19.696068804000333,0.007932857000014337,True,0.0,0.8922402945954588,0.04539974396118128,,True
2464,19.70406750500024,0.00799870099990585,True,0.0,0.8920273836601734,0.04427656348760592,,True
2465,19.712061155000356,0.007993650000116759,True,0.0,0.8940421162848683,0.043556720270139536,,True
2466,19.720145313000103,0.008084157999746822,True,0.0,0.8967331688678908,0.04168071360839553,,True
2467,19.728061682000316,0.007916369000213308,True,0.0,0.899642366192828,0.04204248938909633,,True
2468,19.736146222000116,0.008084539999799745,True,0.0,0.9034767943993365,0.041574762548208063,,True
2469,19.744106334000207,0.007960112000091613,True,0.0,0.9085628722854268,0.03789427311758638,,True
2470,19.752069893000225,0.007963559000017995,True,0.0,0.9136520733971879,0.034917641654195065,,True
2471,19.760101184000177,0.008031290999952034,True,0.0,0.9206227028348622,0.0300412779620502,,True
2472,19.768066795000323,0.007965611000145145,True,0.0,0.9298769677316746,0.02631293220626806,,True
2473,19.776065669000218,0.007998873999895295,True,0.0,0.9364081908418413,0.020604636432133068,,True
2474,19.784106070000234,0.008040401000016573,True,0.0,0.9470464982131588,0.013976787468796971,,True
2475,19.792076208000253,0.007970138000018778,True,0.0,0.9572367911193613,0.01078914839901503,,True
2476,19.800064936000126,0.007988727999872935,True,0.0,0.9685831745590009,0.00892553740429952,,True
2477,19.808078050000404,0.00801311400027771,True,0.0,0.9837378944334116,0.013801694034286252,,True
2478,19.81606845000033,0.007990399999926012,True,0.0,0.9940507314144067,0.022409764634484686,,True
2479,19.824081016000036,0.008012565999706567,True,0.0,1.0106345943698298,0.030426308899360557,,True
2480,19.832097100000283,0.008016084000246337,True,0.0,1.0236008139423087,0.03935990854912363,,True
2481,19.840069654000217,0.007972553999934462,True,0.0,1.0389944353593386,0.049147618143532856,,True
2482,19.848099174000254,0.008029520000036428,True,0.0,1.053480857759613,0.05990320128295362,,True
2483,19.856067351000092,0.00796817699983876,True,0.0,1.0649505670393011,0.0704026187000957,,True
2484,19.864104877000045,0.008037525999952777,True,0.0,1.073932674083635,0.08137896251310119,,True
2485,19.872071062000032,0.00796618499998658,True,0.0,1.0867013159659922,0.09186773982579023,,True
2486,19.88010863100044,0.00803756900040753,True,0.0,1.1017796043787627,0.10289510539037888,,True
2487,19.888072568000098,0.007963936999658472,True,0.0,1.1191457123433735,0.11426752484404995,,True
2488,19.896070162000342,0.007997594000244135,True,0.0,1.1357286574711565,0.12498994709466198,,True
2489,19.90409178500022,0.008021622999876854,True,0.0,1.1410712184806064,0.1361605683880331,,True
2490,19.912071935000313,0.007980150000094,True,0.0,1.165380246078812,0.1462055687587646,,True
2491,19.920067026000197,0.007995090999884269,True,0.0,1.1746149862525501,0.1570154115675778,,True
2492,19.928100049000022,0.008033022999825334,True,0.0,1.1914565273905793,0.16614973504269276,,True
2493,19.936123167000005,0.008023117999982787,True,0.0,1.1966669813865272,0.17680629211164822,,True
2494,19.944072019000032,0.007948852000026818,True,0.0,1.2000281618517952,0.18761582449986175,,True
2495,19.95211689100006,0.00804487200002768,True,0.0,1.2056574907345585,0.19804647876626008,,True
2496,19.960067806000097,0.00795091500003764,True,0.0,1.2071257200481431,0.20789171160340364,,True
2497,19.968067609000173,0.00799980300007519,True,0.0,1.2051861722143726,0.21796062085226478,,True
2498,19.976071269000386,0.00800366000021313,True,0.0,1.2024733866323656,0.22688134532791338,,True
2499,19.98406741000008,0.007996140999694035,True,0.0,1.2012364753689178,0.23658358416907505,,True
2500,19.992126819000077,0.008059408999997686,True,0.0,1.1984799153485384,0.2451358558700476,,True
2501,20.000125585000205,0.007998766000127944,True,0.0,1.1950386836766012,0.25311680346553334,,True
2502,20.00806742800023,0.007941843000025983,True,0.0,1.1870524396647384,0.2610875380751909,,True
2503,20.016073940000297,0.008006512000065413,True,0.0,1.1864928533856867,0.26796552433482707,,True
2504,20.02406740000015,0.007993459999852348,True,0.0,1.1710477291296861,0.27495821650487234,,True
2505,20.03211096000041,0.008043560000260186,True,0.0,1.1703700304780158,0.28004796080677513,,True
2506,20.040068583000448,0.007957623000038438,True,0.0,1.1647791952873419,0.2852004737220535,,True
2507,20.048097514000347,0.008028930999898876,True,0.0,1.15838995576637,0.2899069481548881,,True
2508,20.056070675000228,0.007973160999881657,True,0.0,1.156633173433184,0.2931912511942967,,True
2509,20.06406727300009,0.007996597999863297,True,0.0,1.1484362870346965,0.2961484890779486,,True
2510,20.072059364000324,0.007992091000232904,True,0.0,1.1397634186918109,0.2997485448027403,,True
2511,20.080068753000432,0.008009389000108058,True,0.0,1.1329066104221988,0.30212325660046013,,True
2512,20.088064104000296,0.007995350999863149,True,0.0,1.1255251154631571,0.30333600058157645,,True
2513,20.09606679200033,0.008002688000033231,True,0.0,1.1110682966141125,0.30606183821116983,,True
2514,20.104126547000305,0.008059754999976576,True,0.0,1.1078096716546897,0.3063929994175352,,True
2515,20.112070551000215,0.00794400399990991,True,0.0,1.1029783279004899,0.306655966682433,,True
2516,20.120075097000154,0.008004545999938273,True,0.0,1.102414546701883,0.3057879058495062,,True
2517,20.12806879300024,0.007993696000085038,True,0.0,1.0967971650176271,0.3057684243284828,,True
2518,20.136145646000386,0.008076853000147821,True,0.0,1.0826786008902345,0.3074032048910207,,True
2519,20.14407026500021,0.007924618999822997,True,0.0,1.0929647294775169,0.3047210882823668,,True
2520,20.152076610000222,0.008006345000012516,True,0.0,1.0971856580962638,0.3037971370941545,,True
2521,20.16010586700031,0.008029257000089274,True,0.0,1.0955947933520054,0.3024616723415314,,True
2522,20.16806840700019,0.007962539999880391,True,0.0,1.0933283585492486,0.30040879877643517,,True
2523,20.176104853000197,0.008036446000005526,True,0.0,1.090593872439187,0.2999975408436436,,True
2524,20.184067725000205,0.007962872000007337,True,0.0,1.093188200322914,0.29819195440870033,,True
2525,20.192118898000444,0.008051173000239942,True,0.0,1.08748664197803,0.2967283433965425,,True
2526,20.200066767000408,0.007947868999963248,True,0.0,1.0818212622797485,0.29513395806719867,,True
2527,20.20809311300036,0.008026345999951445,True,0.0,1.0774243215214878,0.29448509873884376,,True
2528,20.21605973700025,0.007966623999891453,True,0.0,1.0768525949315781,0.29316434592819207,,True
2529,20.224064360000284,0.008004623000033462,True,0.0,1.0725422100989568,0.29203314675483477,,True
2530,20.232068587000413,0.008004227000128594,True,0.0,1.0680720927460408,0.2902798260645967,,True
2531,20.24006565000036,0.007997062999947957,True,0.0,1.0612890279569425,0.28999315027071165,,True
2532,20.248113088000082,0.008047437999721296,True,0.0,1.0617137786527113,0.2892066231973926,,True
2533,20.256068019000395,0.007954931000313081,True,0.0,1.0657076706883049,0.287644636941111,,True
2534,20.26410274400041,0.008034725000015897,True,0.0,1.0674314794988142,0.2876732187634703,,True
2535,20.27206900300007,0.007966258999658749,True,0.0,1.0698666683137177,0.2869464658788469,,True
2536,20.280105417000414,0.008036414000343939,True,0.0,1.0635029874454696,0.2864451464694392,,True
2537,20.288062294000156,0.007956876999742235,True,0.0,1.0597710868822425,0.28495163723335987,,True
2538,20.296069199000158,0.008006905000002007,True,0.0,1.0604726827083877,0.28304352876856603,,True
2539,20.304072098000233,0.008002899000075558,True,0.0,1.058742020666373,0.2816394718335592,,True
2540,20.312072964000436,0.008000866000202222,True,0.0,1.0635121371590708,0.27970690175873564,,True
2541,20.320067533000383,0.00799456899994766,True,0.0,1.0599927875474795,0.27747085039149794,,True
2542,20.328100332000304,0.008032798999920487,True,0.0,1.0594150876323714,0.27543324832824495,,True
2543,20.336136393000288,0.008036060999984329,True,0.0,1.0673265067594444,0.27254600235220067,,True
2544,20.34406789500008,0.00793150199979209,True,0.0,1.0761544562854242,0.26966079584543146,,True
2545,20.352112351000414,0.008044456000334321,True,0.0,1.0789351930807043,0.2651657200120335,,True
2546,20.360078903000158,0.007966551999743388,True,0.0,1.07241891757044,0.2640729949866981,,True
2547,20.368104011000014,0.008025107999856118,True,0.0,1.0644755790765066,0.262942894043292,,True
2548,20.376069781000297,0.007965770000282646,True,0.0,1.061556865196198,0.26019645472145236,,True
2549,20.384114926000166,0.00804514499986908,True,0.0,1.0548743572435846,0.25816422036423325,,True
2550,20.39210429800005,0.007989371999883588,True,0.0,1.0458317169196003,0.25634688539160055,,True
2551,20.400123011000233,0.008018713000183197,True,0.0,1.0343480276860446,0.2546580664072295,,True
2552,20.408067658000164,0.007944646999931138,True,0.0,1.0205972367201026,0.252638234829772,,True
2553,20.416070199000387,0.008002541000223573,True,0.0,1.0092997830636468,0.25023762532325755,,True
2554,20.42406780700003,0.007997607999641332,True,0.0,0.9961704272878882,0.24868418233499195,,True
2555,20.432074933000422,0.008007126000393328,True,0.0,0.9774874840821369,0.2462500450947308,,True
2556,20.440066384000147,0.007991450999725203,True,0.0,0.96511204301281,0.24336934228546625,,True
2557,20.448104389000036,0.008038004999889381,True,0.0,0.9413320667702284,0.24159512727776658,,True
2558,20.456079253000098,0.007974864000061643,True,0.0,0.9273827467948531,0.23565945027162083,,True
2559,20.464069178000045,0.007989924999947107,True,0.0,0.8975903943713652,0.23238182281613257,,True
2560,20.472064265000427,0.007995087000381318,True,0.0,0.8748839381004836,0.22650245606342853,,True
2561,20.480071783000312,0.00800751799988575,True,0.0,0.848037841470569,0.22176219213130444,,True
2562,20.48806930200044,0.007997519000127795,True,0.0,0.8300764465027826,0.21479509613958356,,True
2563,20.49607215800006,0.008002855999620806,True,0.0,0.8084034196729722,0.20708990839748628,,True
2564,20.50406466000004,0.00799250199997914,True,0.0,0.7880633868233653,0.19809840677989388,,True
2565,20.512069196000084,0.008004536000044027,True,0.0,0.7656919793959406,0.18993277399667305,,True
2566,20.520076004000202,0.008006808000118326,True,0.0,0.7391406982245229,0.17876746861808668,,True
2567,20.528060100000403,0.007984096000200225,True,2.168404344971009e-19,0.7218504882679024,0.16873587886659827,,True
2568,20.536102180000398,0.008042079999995622,True,0.0,0.6939052326789827,0.1581484001480096,,True
2569,20.544060882000394,0.007958701999996265,True,0.0,0.6698469019923053,0.14626005765811645,,True
2570,20.552103663000253,0.008042780999858223,True,0.0,0.6446182702069561,0.13604949863123467,,True
2571,20.56007179900007,0.007968135999817605,True,0.0,0.6169950401668028,0.1246867273303535,,True
2572,20.568068015000335,0.007996216000265122,True,0.0,0.5941307394441139,0.11383602676176396,,True
2573,20.576115398000184,0.008047382999848196,True,0.0,0.5765478479637061,0.10162602229505817,,True
2574,20.584067443000094,0.007952044999910868,True,5.421010862427522e-20,0.5587811243483748,0.08981033821839583,,True
2575,20.59205907200021,0.007991629000116518,True,0.0,0.5417014745509622,0.07707574481545452,,True
2576,20.600069299000097,0.008010226999886072,True,1.3552527156068805e-20,0.531883911424719,0.06651133309256856,,True
2577,20.60805981600015,0.007990517000052932,True,1.3552527156068805e-20,0.5233162476347591,0.054765877739047175,,True
2578,20.616069928000343,0.008010112000192748,True,0.0,0.5180662785747008,0.04378767756399315,,True
2579,20.624065927000174,0.0079959989998315,True,2.710505431213761e-20,0.5151400351052906,0.03376446256003872,,True
2580,20.632068966000134,0.008003038999959244,True,0.0,0.5128928588078491,0.022965275287442105,,True
2581,20.640065765000145,0.007996799000011379,True,0.0,0.5138764341285286,0.018368279002288622,,True
2582,20.648067989000083,0.008002223999937996,True,5.421010862427522e-20,0.5182748623259932,0.0151690969987521,,True
2583,20.656059509000443,0.007991520000359742,True,0.0,0.52389048307254,0.02374464237902253,,True
2584,20.664066218000244,0.008006708999801049,True,0.0,0.5283569487654107,0.02917199878398713,,True
2585,20.672108559000208,0.008042340999963926,True,1.0842021724855044e-19,0.5398606867656992,0.038114645194893555,,True
2586,20.680080718000227,0.007972159000019019,True,0.0,0.5459712501088066,0.04536425413018073,,True
2587,20.688067314000364,0.00798659600013707,True,0.0,0.5573515139470303,0.05227637024070542,,True
2588,20.696060790000047,0.007993475999683142,True,0.0,0.5726373710347098,0.058792350452613856,,True
2589,20.704124177000267,0.008063387000220246,True,0.0,0.5814013290480986,0.06505483308378407,,True
2590,20.712067178000325,0.007943001000057848,True,0.0,0.5904632725223505,0.07146362065964314,,True
2591,20.72006639600022,0.007999217999895336,True,0.0,0.6025862167965745,0.07699196580524371,,True
2592,20.728066243000285,0.00799984700006462,True,0.0,0.6063918840338444,0.08279038505526506,,True
2593,20.73613743900023,0.008071195999946212,True,0.0,0.6150519218700005,0.0883400918277925,,True
2594,20.744059100000413,0.007921661000182212,True,0.0,0.613266962176841,0.0929690754652247,,True
2595,20.752127323000423,0.008068223000009311,True,0.0,0.623645488342772,0.09667652204534131,,True
2596,20.76007679600025,0.007949472999825957,True,0.0,0.6224053139323874,0.09940527261585594,,True
2597,20.768127431000266,0.008050635000017792,True,0.0,0.6218227733446255,0.10306981678266125,,True
2598,20.776069403000292,0.007941972000025999,True,0.0,0.6270480649365948,0.10536327003503104,,True
2599,20.78407169600041,0.008002293000117788,True,0.0,0.6278990980457013,0.10693668958951802,,True
2600,20.79206111600024,0.007989419999830716,True,0.0,0.6262147293637099,0.10889353482063718,,True
2601,20.800059875000443,0.007998759000201972,True,0.0,0.624106403108583,0.1099248597105401,,True
2602,20.808068156000445,0.008008281000002171,True,0.0,0.6195119981547206,0.11106012524769858,,True
2603,20.816065392000382,0.007997235999937402,True,0.0,0.6151995907399617,0.11243635340398059,,True
2604,20.824069806000352,0.008004413999969984,True,0.0,0.6129835329737633,0.1123480320734955,,True
2605,20.832065268000406,0.007995462000053521,True,0.0,0.6054076482182387,0.11362785224533503,,True
2606,20.840082023000377,0.008016754999971454,True,0.0,0.5959408533338082,0.11352291824204658,,True
2607,20.848094978000063,0.008012954999685462,True,0.0,0.586768058526757,0.11433201000954417,,True
2608,20.85606662600003,0.00797164799996608,True,0.0,0.5763573362901186,0.11444633866899548,,True
2609,20.864108110000416,0.008041484000386845,True,0.0,0.5627983192995013,0.11388369024569253,,True
2610,20.87205946300037,0.007951352999953087,True,0.0,0.5477822031973725,0.114063012550223,,True
2611,20.880107779000355,0.008048315999985789,True,0.0,0.5391686278591215,0.11293223506600648,,True
2612,20.88806300000033,0.0079552209999747,True,0.0,0.5291864105646745,0.11108087370330492,,True
2613,20.89610631600044,0.0080433160001121,True,0.0,0.5197017582760405,0.10932943462107582,,True
2614,20.904061299000205,0.00795498299976316,True,0.0,0.5127800257680509,0.10903777711962151,,True
2615,20.912068407000334,0.008007108000128937,True,0.0,0.5048603436974821,0.10763831498833663,,True
2616,20.92006690700009,0.007998499999757769,True,0.0,0.4974335505849739,0.10524210030581474,,True
2617,20.92806784800041,0.008000941000318562,True,0.0,0.4907202554192989,0.10284489497126467,,True
2618,20.936068052000337,0.00800020399992718,True,0.0,0.48768659453456736,0.09983852465900817,,True
2619,20.94407450200015,0.008006449999811593,True,0.0,0.48433744648863847,0.09684142882747292,,True
2620,20.95207087000017,0.007996368000021903,True,0.0,0.47713885124315547,0.0950814507812635,,True
2621,20.96006922200013,0.007998351999958686,True,0.0,0.4767007554814517,0.09223720852413392,,True
2622,20.968095475000155,0.008026253000025463,True,0.0,0.47564275107912646,0.08932111018272879,,True
2623,20.976081567000165,0.007986092000010103,True,0.0,0.47582262403786785,0.08649739054456251,,True
2624,20.984130975000426,0.008049408000260883,True,0.0,0.47915787310089775,0.08328772944186644,,True
2625,20.992067354000028,0.007936378999602312,True,0.0,0.4819410242308387,0.07980745952460201,,True
2626,21.000110128000415,0.008042774000386999,True,0.0,0.4811938111917968,0.0759024439730489,,True
2627,21.00806705800005,0.007956929999636486,True,0.0,0.4830173911644544,0.07307983072823217,,True
2628,21.016073099000096,0.008006041000044206,True,0.0,0.4866922875651263,0.06980434911942601,,True
2629,21.024065609000445,0.007992510000349284,True,0.0,0.48730518846021775,0.06592754874988487,,True
2630,21.032073722000405,0.008008112999959849,True,0.0,0.48882424149155346,0.06267132765930652,,True
2631,21.040069530000437,0.007995808000032412,True,0.0,0.49255387495122643,0.05910576200486562,,True
2632,21.04810434800038,0.008034817999941879,True,0.0,0.4937226786736476,0.05456785120149007,,True
2633,21.056080937000388,0.007976589000008971,True,0.0,0.49296650362012223,0.05064138142233879,,True
2634,21.06406548000041,0.007984543000020494,True,0.0,0.49557459177295715,0.04690985927113975,,True
2635,21.07215222700006,0.00808674699965195,True,0.0,0.4973013984396851,0.04357176497221461,,True
2636,21.080066947000432,0.007914720000371744,True,0.0,0.4964571514315431,0.03848867219703968,,True
2637,21.08814086500024,0.008073917999809055,True,0.0,0.4975965746512015,0.03648999181412862,,True
2638,21.096068961000128,0.007928095999886864,True,0.0,0.4984950032499595,0.03233338108330882,,True
2639,21.104060878000382,0.007991917000254034,True,0.0,0.4995768858213547,0.029458542746326182,,True
2640,21.11210026300023,0.008039384999847243,True,0.0,0.5006045844235227,0.026959437041388947,,True
2641,21.120132731000012,0.008032467999782966,True,0.0,0.5014745398274649,0.02482536490053326,,True
2642,21.128067063000344,0.007934332000331779,True,0.0,0.5015021596382364,0.022449503647523315,,True
2643,21.136123496000437,0.008056433000092511,True,0.0,0.501563038220064,0.019763524757564675,,True
2644,21.14407188000041,0.007948383999973885,True,0.0,0.5026666641789945,0.017583017155423118,,True
2645,21.15206501700004,0.007993136999630224,True,0.0,0.5031878012020414,0.015213453903489141,,True
2646,21.160120329000165,0.008055312000124104,True,0.0,0.503677957062985,0.01410586491829706,,True
2647,21.168069216000276,0.007948887000111426,True,0.0,0.5050133046442714,0.011860519132733723,,True
2648,21.176125341000443,0.008056125000166503,True,0.0,0.5060964085579351,0.011461819153755888,,True
2649,21.18406592700012,0.007940585999676841,True,0.0,0.5067826515106538,0.012305644807452455,,True
2650,21.19210888600037,0.008042959000249539,True,0.0,0.5099493162813211,0.01214878143106015,,True
2651,21.200069868000355,0.007960981999985961,True,0.0,0.5107779111528238,0.013037668455002323,,True
2652,21.208060607000334,0.00799073899997893,True,0.0,0.5119970951391679,0.01336391607604484,,True
2653,21.21610208500033,0.00804147799999555,True,0.0,0.5163730601003224,0.01587807231099392,,True
2654,21.22406952900019,0.007967443999859825,True,0.0,0.5174628118346948,0.014661643643743495,,True
2655,21.232067375000042,0.00799784599985287,True,0.0,0.5171771334233729,0.015161544365473473,,True
2656,21.24007052600018,0.008003151000139042,True,0.0,0.52338781449827,0.01693972973336804,,True
2657,21.24806543600016,0.007994909999979427,True,0.0,0.5252724703385724,0.01968404577321408,,True
2658,21.256066941000427,0.008001505000265752,True,0.0,0.5218527969756522,0.01676598320904361,,True
2659,21.264063547000205,0.007996605999778694,True,0.0,0.5311650495619108,0.020351364074345277,,True
2660,21.272080844000357,0.008017297000151302,True,0.0,0.5281424733129025,0.01819953576540433,,True
2661,21.28006378000009,0.007982935999734764,True,0.0,0.5299404953960022,0.018782632425987874,,True
2662,21.288068107000072,0.008004326999980549,True,0.0,0.5384859229951638,0.019548119585283342,,True
2663,21.296074668000074,0.008006561000001966,True,0.0,0.5398749688290196,0.020217530480367667,,True
2664,21.30406887800018,0.00799421000010625,True,0.0,0.5388390566081852,0.0218080422888555,,True
2665,21.312115415000335,0.008046537000154785,True,0.0,0.5414243544690298,0.021870392512981476,,True
2666,21.32006934300034,0.007953928000006272,True,0.0,0.537467429111922,0.022465677613782216,,True
2667,21.328072534000057,0.008003190999716026,True,0.0,0.5395869083503253,0.023808703414525026,,True
2668,21.33606636000013,0.007993826000074478,True,0.0,0.5339452834190471,0.023776168218782857,,True
2669,21.344066351000038,0.007999990999906004,True,0.0,0.5354523624077285,0.025172984385851596,,True
2670,21.352066293999997,0.007999942999958876,True,0.0,0.5368947178059934,0.02702236473570054,,True
2671,21.360059283000282,0.007992989000285888,True,0.0,0.5390348156238277,0.028483964829844152,,True
2672,21.36814449800022,0.008085214999937307,True,0.0,0.5330598181479952,0.02995425434930992,,True
2673,21.3761063070001,0.007961808999880304,True,0.0,0.5371660672993941,0.03143527493377491,,True
2674,21.384078409000267,0.00797210200016707,True,0.0,0.5360317682145578,0.03256027707156707,,True
2675,21.392067347000193,0.007988937999925838,True,0.0,0.5343442327594407,0.035152340839169474,,True
2676,21.400118475,0.00805112799980634,True,0.0,0.5385390502512304,0.03594533877843057,,True
2677,21.408063659000163,0.007945184000163863,True,0.0,0.5330293531039023,0.03842883666699982,,True
2678,21.41610062000018,0.008036961000016163,True,0.0,0.5335306466433412,0.039645615024354285,,True
2679,21.424070032000145,0.007969411999965814,True,0.0,0.5376427615203128,0.04056795016071748,,True
2680,21.432066084000326,0.007996052000180498,True,0.0,0.5313864449681673,0.04240610400733169,,True
2681,21.440132028000335,0.00806594400000904,True,0.0,0.5289400069696817,0.04443199834337543,,True
2682,21.448066135000317,0.00793410699998276,True,0.0,0.5271944661016925,0.04583412156243307,,True
2683,21.456152511000255,0.008086375999937445,True,0.0,0.526000624449019,0.046971927054425704,,True
2684,21.464059225000256,0.007906714000000648,True,0.0,0.5270688769955761,0.047870926823901566,,True
2685,21.472146391000024,0.008087165999768331,True,0.0,0.5258810071894603,0.04908524770393952,,True
2686,21.480067563000375,0.007921172000351362,True,0.0,0.5248018309537812,0.04952896398609004,,True
2687,21.48807441100007,0.00800684799969531,True,0.0,0.5238257634256259,0.05087960735320358,,True
2688,21.496074908000082,0.00800049700001182,True,0.0,0.5247996516658066,0.05223826421427409,,True
2689,21.504109147000236,0.00803423900015332,True,0.0,0.522093578643911,0.05286060781024908,,True
2690,21.51207172600016,0.007962578999922698,True,0.0,0.5223131657062005,0.052743291141715345,,True
2691,21.520073960000445,0.00800223400028699,True,0.0,0.5221567772633128,0.05411223626939026,,True
2692,21.528067344000192,0.007993383999746584,True,0.0,0.5220200113557297,0.054846798851066206,,True
2693,21.536073706000025,0.008006361999832734,True,0.0,0.5208584099386928,0.05538838202521125,,True
2694,21.544066406000184,0.007992700000158948,True,0.0,0.5227140036086638,0.05465071013301974,,True
2695,21.552066458000354,0.008000052000170399,True,0.0,0.5223196359064577,0.05554781503574768,,True
2696,21.560069122000186,0.008002663999832293,True,0.0,0.5193554925988602,0.054884483663361704,,True
2697,21.568109920000097,0.008040797999910865,True,0.0,0.5177718915806838,0.05564162067629128,,True
2698,21.576074258000062,0.00796433799996521,True,0.0,0.5182730494826366,0.05552247909249245,,True
2699,21.58406618700019,0.00799192900012713,True,0.0,0.517861944883146,0.05540546835860462,,True
2700,21.592069228000128,0.008003040999938094,True,0.0,0.518429357935589,0.05550152860825263,,True
2701,21.60006782900018,0.007998601000053895,True,0.0,0.5178321044687153,0.05453409357103183,,True
2702,21.608165932000247,0.008098103000065748,True,0.0,0.5179133122925521,0.05374257721840833,,True
2703,21.616069237000374,0.007903305000127148,True,0.0,0.5178308599364575,0.05367064572665713,,True
2704,21.624101033000443,0.008031796000068425,True,0.0,0.5195986047308981,0.0537614385652982,,True
2705,21.63206687400043,0.00796584099998654,True,0.0,0.519212590973894,0.05179883458718001,,True
2706,21.640114562000235,0.00804768799980593,True,0.0,0.5190622612665816,0.051178307347295296,,True
2707,21.64807041200038,0.007955850000143982,True,0.0,0.5201080663866889,0.05102486842591289,,True
2708,21.65606849400001,0.007998081999630813,True,0.0,0.5195818474199714,0.050097119097857246,,True
2709,21.66411539200044,0.008046898000429792,True,0.0,0.5266424420680362,0.04981330093050006,,True
2710,21.672078517000045,0.007963124999605498,True,2.168404344971009e-19,0.5251661547586695,0.04846845348664498,,True
2711,21.68009959500023,0.00802107800018348,True,0.0,0.527736990676586,0.04747487838813644,,True
2712,21.688106410000273,0.008006815000044298,True,0.0,0.5302591245418119,0.047538993779725605,,True
2713,21.696072989000186,0.007966578999912599,True,0.0,0.5348042888839352,0.04593585300375979,,True
2714,21.70406810300028,0.007995114000095782,True,0.0,0.5400076326575973,0.045110179272431945,,True
2715,21.712108597000224,0.008040493999942555,True,0.0,0.5512526332219183,0.044607009817582574,,True
2716,21.720070276000115,0.007961678999890864,True,0.0,0.5538300114983972,0.04428178507377365,,True
2717,21.72811380500025,0.008043529000133276,True,0.0,0.5662745499893482,0.04413319489870322,,True
2718,21.736068206000255,0.007954401000006328,True,0.0,0.5785634935455232,0.04336705617193077,,True
2719,21.744076560000394,0.008008354000139661,True,0.0,0.5916331596187243,0.043268201660996514,,True
2720,21.75206624400016,0.007989683999767294,True,0.0,0.5974505887928602,0.041920315064240474,,True
2721,21.760074380000333,0.008008136000171362,True,0.0,0.6050074565852603,0.04187465549969587,,True
2722,21.768078505000176,0.008004124999843043,True,0.0,0.6341600215735514,0.04205621183626734,,True
2723,21.776123717000246,0.008045212000070023,True,0.0,0.6440066850351642,0.04206415213243753,,True
2724,21.784066367000378,0.007942650000131835,True,0.0,0.6592351630837494,0.043161692343982816,,True
2725,21.792071792000115,0.008005424999737443,True,0.0,0.6824826845276275,0.0458228678552478,,True
2726,21.80007723000017,0.00800543800005471,True,0.0,0.7083474819227371,0.049454463608230144,,True
2727,21.808153299000423,0.008076069000253483,True,0.0,0.7475142130769298,0.05385600804809179,,True
2728,21.816069464000066,0.007916164999642206,True,0.0,0.7467040338730657,0.062201968829282576,,True
2729,21.824065549000352,0.007996085000286257,True,0.0,0.7810919481202421,0.06892469515944762,,True
2730,21.832101756000156,0.008036206999804563,True,0.0,0.8136891277357637,0.07668537956566643,,True
2731,21.840134630000193,0.008032874000036827,True,0.0,0.8321675488317021,0.08635286766029801,,True
2732,21.848071332000018,0.007936701999824436,True,0.0,0.8677834890164206,0.09773700486680989,,True
2733,21.856067628000346,0.007996296000328584,True,0.0,0.8772101047330777,0.11019293535646897,,True
2734,21.86407026100005,0.008002632999705384,True,0.0,0.9123746021269692,0.1211003898930654,,True
2735,21.872070669000095,0.008000408000043535,True,0.0,0.9348331752063666,0.13425364228101816,,True
2736,21.88013141600004,0.008060746999944968,True,0.0,0.9748090424522139,0.14775898304171478,,True
2737,21.888135874,0.008004457999959413,True,0.0,1.017368065426832,0.15987644755341215,,True
2738,21.896069915000226,0.007934041000225989,True,0.0,1.025370235583011,0.17556942906858883,,True
2739,21.904064700000163,0.00799478499993711,True,0.0,1.0578237562385278,0.1898907364071902,,True
2740,21.912067760000355,0.008003060000191908,True,0.0,1.0935189737878732,0.20344487526005778,,True
2741,21.92007443400007,0.00800667399971644,True,0.0,1.1120292779146472,0.21705853803616207,,True
2742,21.928072415000315,0.007997981000244181,True,0.0,1.1325439663627659,0.2339549462352331,,True
2743,21.936068499000157,0.007996083999842085,True,0.0,1.1612421138994011,0.24772291189581455,,True
2744,21.94410409000011,0.008035590999952547,True,0.0,1.1862585064635958,0.263502664122125,,True
2745,21.952071163000255,0.00796707300014532,True,0.0,1.2242417431831247,0.2762293502262153,,True
2746,21.960072418000436,0.008001255000181118,True,0.0,1.240220365475532,0.29300155852576154,,True
2747,21.968140420000054,0.00806800199961799,True,0.0,1.2719426577247919,0.30687741835488064,,True
2748,21.976078712000344,0.007938292000289948,True,0.0,1.2916886479886895,0.32060044134386295,,True
2749,21.984105769000053,0.008027056999708293,True,0.0,1.296397275990459,0.3369050904082442,,True
2750,21.992060846000186,0.007955077000133315,True,0.0,1.3175196578948145,0.3493843402378804,,True
2751,22.000142810000398,0.008081964000211883,True,0.0,1.3499478966400342,0.36316548894251405,,True
2752,22.008064019000358,0.007921208999960072,True,0.0,1.3560185167070529,0.37608469295038577,,True
2753,22.01607537400014,0.008011354999780451,True,0.0,1.391613563653447,0.3877941686809153,,True
2754,22.024124260999997,0.00804888699985895,True,0.0,1.4036748869251372,0.4016413485135337,,True
2755,22.032075377000183,0.00795111600018572,True,0.0,1.4117436433339772,0.4121410629652534,,True
2756,22.04009976100042,0.00802438400023675,True,0.0,1.4033177216391066,0.42517315518246007,,True
2757,22.048069875000238,0.00797011399981784,True,0.0,1.4399018898299933,0.4334283836031789,,True
2758,22.05611692100001,0.008047045999774127,True,0.0,1.448649334708024,0.4438616793127397,,True
2759,22.06410018600036,0.007983265000348183,True,0.0,1.4579420498897113,0.45324316216747157,,True
2760,22.072121254000194,0.008021067999834486,True,0.0,1.4638283936146828,0.46302727184043907,,True
2761,22.080067646000316,0.007946392000121705,True,0.0,1.483290277143442,0.46955520227990716,,True
2762,22.08806705400002,0.007999407999705,True,0.0,1.491807634590686,0.47850450372601466,,True
2763,22.096066388000054,0.007999334000032832,True,0.0,1.5015238501087642,0.48579556955019665,,True
2764,22.104075405000003,0.008009016999949381,True,0.0,1.5023706386262432,0.4926847749288503,,True
2765,22.112069328000416,0.007993923000412906,True,0.0,1.508082834964709,0.4993826772166332,,True
2766,22.120141369000066,0.008072040999650199,True,0.0,1.5114463111266736,0.505015933346088,,True
2767,22.128099969000232,0.007958600000165461,True,0.0,1.5399951415256712,0.5091252322561938,,True
2768,22.136070632000155,0.007970662999923661,True,0.0,1.5339558971525515,0.5146017421919648,,True
2769,22.144116666000173,0.008046034000017244,True,0.0,1.5161816831360448,0.520641754396708,,True
2770,22.152067088000422,0.007950422000249091,True,0.0,1.539358714426851,0.5245608063964172,,True
2771,22.160100916000374,0.008033827999952337,True,0.0,1.5329801771083378,0.5287232877017514,,True
2772,22.16809480300026,0.007993886999884126,True,0.0,1.528394594337645,0.5323280050249434,,True
2773,22.176073739000003,0.007978935999744863,True,0.0,1.5421424882120705,0.533498781213433,,True
2774,22.18413412400014,0.008060385000135284,True,0.0,1.542390302904883,0.5368745209148583,,True
2775,22.19207409300043,0.007939969000290148,True,0.0,1.537995967184949,0.5379120472933788,,True
2776,22.20006880100027,0.007994707999841921,True,0.0,1.5314964124919854,0.5400458949496351,,True
2777,22.208130852000068,0.008062050999797066,True,0.0,1.5227383400921577,0.5407070695333707,,True
2778,22.216067674000442,0.007936822000374377,True,0.0,1.516579288251868,0.5405113400387325,,True
2779,22.224122723000164,0.008055048999722203,True,0.0,1.5101484121887288,0.5405007102121802,,True
2780,22.232109303000016,0.007986579999851529,True,0.0,1.470151440147122,0.5412668555426159,,True
2781,22.240071404000446,0.007962101000430266,True,0.0,1.4618421846794876,0.5407116388381269,,True
2782,22.248068806000447,0.007997402000000875,True,0.0,1.4130886950817023,0.5398927511383793,,True
2783,22.25606785300033,0.00799904699988474,True,0.0,1.3805828112351954,0.5387299107564464,,True
2784,22.264068522000343,0.00800066900001184,True,0.0,1.3434305189823554,0.53705686523465,,True
2785,22.27206022600012,0.00799170399977811,True,0.0,1.2985099719706104,0.5351313231116395,,True
2786,22.280066654000166,0.008006428000044252,True,0.0,1.2784405815590127,0.5329406988401509,,True
2787,22.288082563000444,0.008015909000278043,True,0.0,1.2333615617728444,0.5299320487610795,,True
2788,22.29606766400002,0.007985100999576389,True,0.0,1.2198819072978095,0.5274485787550881,,True
2789,22.304074761000265,0.008007097000245267,True,0.0,1.153135070490828,0.5244722260102018,,True
2790,22.31210211900043,0.008027358000163076,True,0.0,1.1257935088135187,0.5214237173680761,,True
2791,22.32005929900015,0.00795717999972112,True,0.0,1.100414495207591,0.5152997290916177,,True
2792,22.328060851000373,0.008001552000223455,True,0.0,1.0696256074857335,0.5104627017181006,,True
2793,22.33606615900044,0.00800530800006527,True,0.0,1.06383012869352,0.5010354038311312,,True
2794,22.344066363000366,0.00800020399992718,True,0.0,1.0421119184903533,0.49524878992152305,,True
2795,22.352106760000424,0.008040397000058874,True,0.0,1.035071247857699,0.4874575825603454,,True
2796,22.360100454000076,0.007993693999651441,True,0.0,0.994967431787929,0.480035378925943,,True
2797,22.36806870800001,0.00796825399993395,True,0.0,0.9671038156615707,0.47136052947470664,,True
2798,22.376065891000053,0.007997183000043151,True,0.0,0.9476010358722737,0.46133011037162486,,True
2799,22.384157275000234,0.008091384000181279,True,0.0,0.9554434468817536,0.44901857421044133,,True
2800,22.39208092800027,0.007923653000034392,True,0.0,0.9462204156216504,0.43871250621071356,,True
2801,22.400101421000272,0.008020493000003626,True,0.0,0.9140942627121676,0.4303548988530328,,True
2802,22.40813555500017,0.008034133999899495,True,0.0,0.9120202435446586,0.41853231004052416,,True
2803,22.416068844000165,0.007933288999993238,True,0.0,0.9039241368741145,0.4069212806171299,,True
2804,22.42411978200016,0.008050937999996677,True,0.0,0.8940904255702146,0.39763452358792756,,True
2805,22.43206908600041,0.007949304000248958,True,0.0,0.8712687632275355,0.3890000178056472,,True
2806,22.44008163200033,0.008012545999918075,True,0.0,0.8602349358524689,0.3804148511573839,,True
2807,22.448063962000106,0.007982329999776994,True,0.0,0.8681369958762643,0.3694876028060954,,True
2808,22.45610747200044,0.008043510000334209,True,0.0,0.871901496197604,0.3602733375663673,,True
2809,22.46406336500013,0.00795589299968924,True,0.0,0.8867342876441084,0.3503798038549013,,True
2810,22.47206952200031,0.008006157000181702,True,0.0,0.8716976174479181,0.34242509712577884,,True
2811,22.480067822000365,0.00799830000005386,True,0.0,0.8757161838448831,0.332588214423449,,True
2812,22.48805927000012,0.007991447999756929,True,0.0,0.8988387152709011,0.3232028746040507,,True
2813,22.496102243000223,0.008042973000101483,True,0.0,0.9376697627458779,0.31431414115426237,,True
2814,22.504067864000262,0.007965621000039391,True,0.0,0.9598180575548606,0.30455772671005515,,True
2815,22.512077432000297,0.00800956800003405,True,0.0,0.9727943655969613,0.2975654607789114,,True
2816,22.520072972000435,0.007995540000138135,True,0.0,0.9827704256091598,0.2897168017568217,,True
2817,22.528065573000276,0.00799260099984167,True,0.0,0.9687701558552199,0.28260644981633065,,True
2818,22.53607367800032,0.008008105000044452,True,0.0,0.9616182669011721,0.27643897979876614,,True
2819,22.544060445000014,0.007986766999692918,True,0.0,0.9735374242447796,0.26884107594177675,,True
2820,22.5520702900003,0.008009845000287896,True,0.0,0.9672923009468252,0.2628080376085175,,True
2821,22.56007266700044,0.00800237700013895,True,0.0,0.9537110846024759,0.25775392119915064,,True
2822,22.568062680000367,0.007990012999925966,True,0.0,0.9437859560065127,0.25437416210678376,,True
2823,22.576066267000442,0.00800358700007564,True,0.0,0.9165413823141947,0.25298442577733643,,True
2824,22.584068031000243,0.00800176399980046,True,0.0,0.9143540593600309,0.2489486342527943,,True
2825,22.592118785000366,0.008050754000123561,True,0.0,0.9010509183874688,0.2480806094797419,,True
2826,22.600077144000352,0.007958358999985649,True,0.0,0.9078804969124356,0.24564005591116053,,True
2827,22.60808048600029,0.00800334199993813,True,0.0,0.9203327233281415,0.2440632045254404,,True
2828,22.616066772000067,0.007986285999777465,True,0.0,0.8956751657146149,0.2428450692318612,,True
2829,22.62415950400009,0.008092732000022806,True,0.0,0.896776906242222,0.2434928673193363,,True
2830,22.632067095000366,0.007907591000275715,True,0.0,0.8997451967548465,0.24122904654774163,,True
2831,22.640157423000346,0.008090327999980218,True,0.0,0.8953796717923564,0.24224177262952795,,True
2832,22.648071128000083,0.007913704999737092,True,0.0,0.8983788227769327,0.24240297174102798,,True
2833,22.656099667000035,0.008028538999951707,True,0.0,0.8990067170307217,0.24438977493778935,,True
2834,22.664071349000096,0.007971682000061264,True,0.0,0.8911122724513956,0.24417280846203274,,True
2835,22.672069831000044,0.007998481999948126,True,0.0,0.888551648230854,0.24644162875927714,,True
2836,22.680071154000416,0.008001323000371485,True,0.0,0.8949473554070083,0.2483745912025295,,True
2837,22.68814695300034,0.00807579899992561,True,0.0,0.8788966398670801,0.25024584678941614,,True
2838,22.696075786000165,0.007928832999823499,True,0.0,0.895469361933101,0.2524812687392597,,True
2839,22.70407616600005,0.008000379999884899,True,0.0,0.8651758271831382,0.2566894863700024,,True
2840,22.71209789400018,0.008021728000130679,True,0.0,0.8531598642676599,0.2600046505100435,,True
2841,22.720070711000062,0.007972816999881616,True,0.0,0.8645872549381053,0.26310105758713254,,True
2842,22.72812332400008,0.008052613000018027,True,0.0,0.8615731013865933,0.26385290369146924,,True
2843,22.736066868000307,0.00794354400022712,True,0.0,0.8624248618729954,0.2668051001656924,,True
2844,22.744080988000405,0.008014120000098046,True,0.0,0.8458015712363105,0.27093773811305466,,True
2845,22.752076756000406,0.00799576800000068,True,0.0,0.8685965560160639,0.2738603247579296,,True
2846,22.76007209100044,0.007995335000032355,True,0.0,0.8761667707937618,0.2770519006558464,,True
2847,22.768068397000206,0.007996305999768083,True,0.0,0.872422205760282,0.27864977210167363,,True
2848,22.776111610000044,0.008043212999837124,True,0.0,0.8590487321470298,0.2830030635031172,,True
2849,22.784074359000442,0.007962749000398617,True,0.0,0.8717818074923612,0.2851849767630937,,True
2850,22.792065946000093,0.00799158699965119,True,0.0,0.8855092898343485,0.2865714250892225,,True
2851,22.800144558000284,0.008078612000190333,True,0.0,0.8797358278810962,0.28936985415964706,,True
2852,22.808069657000033,0.007925098999749025,True,0.0,0.8954376500610065,0.29147796869642917,,True
2853,22.816067430000203,0.007997773000170127,True,0.0,0.8962214085605873,0.2932441568157874,,True
2854,22.824068575000183,0.00800114499998017,True,0.0,0.9101844259955031,0.2921183260282842,,True
2855,22.832066660000237,0.007998085000053834,True,0.0,0.9141974513087143,0.2920982083094836,,True
2856,22.840066393000143,0.007999732999905973,True,0.0,0.904332473398997,0.29278469817513225,,True
2857,22.84810294700037,0.008036554000227625,True,0.0,0.9216423769385085,0.2880665466730011,,True
2858,22.856076753000252,0.007973805999881733,True,0.0,0.906779039836318,0.2860580036701138,,True
2859,22.864132530000006,0.008055776999754016,True,0.0,0.903577599639623,0.28095872575948455,,True
2860,22.872069206000106,0.007936676000099396,True,0.0,0.9031223969592846,0.2749460609929771,,True
2861,22.880070591000276,0.008001385000170558,True,0.0,0.8962908904374391,0.26792764494350607,,True
2862,22.888071733000288,0.008001142000011896,True,0.0,0.8882515758662609,0.26024198989050074,,True
2863,22.896066777000215,0.007995043999926565,True,0.0,0.8815764280125151,0.25212728257123523,,True
2864,22.90407330400012,0.008006526999906782,True,0.0,0.876629207111584,0.24135947819064033,,True
2865,22.91205900900013,0.007985705000010057,True,0.0,0.849754003518229,0.23338707422925745,,True
2866,22.920070379000208,0.008011370000076568,True,0.0,0.8358286552921691,0.22321929268267937,,True
2867,22.928100202000223,0.008029823000015313,True,0.0,0.8274938287759528,0.21048030542518037,,True
2868,22.936072541000158,0.007972338999934436,True,0.0,0.825537545892504,0.1965983579543498,,True
2869,22.944059500000094,0.007986958999936178,True,0.0,0.7884717626227311,0.18533608771743412,,True
2870,22.95210902000008,0.008049519999985932,True,0.0,0.7756180693158502,0.17410785318893493,,True
2871,22.96006775800015,0.007958738000070298,True,0.0,0.7564712087071995,0.16079775380133912,,True
2872,22.968068364000374,0.008000606000223343,True,5.421010862427522e-20,0.7417145701202847,0.14817690811151277,,True
2873,22.976060559000416,0.007992195000042557,True,0.0,0.7293633037213302,0.13424643577992407,,True
2874,22.98406981800008,0.00800925899966387,True,0.0,0.7229220866605182,0.12158187777627574,,True
2875,22.992069562000324,0.007999744000244391,True,0.0,0.7049359719699143,0.10830212307980255,,True
2876,23.000065604000156,0.007996041999831505,True,2.710505431213761e-20,0.7043684588400175,0.09505816690489853,,True
2877,23.00807230800001,0.008006703999853926,True,0.0,0.702671887724554,0.08052243805203023,,True
2878,23.016074325000318,0.008002017000308115,True,0.0,0.6866533976349689,0.0711464149883912,,True
2879,23.02406673500036,0.007992410000042582,True,0.0,0.6878279848673515,0.05983544728484924,,True
2880,23.032061849,0.007995113999641035,True,0.0,0.6817139286028341,0.05292873182820126,,True
2881,23.04006481000033,0.008002961000329378,True,0.0,0.6815371344969411,0.046467301007444596,,True
2882,23.048100730000442,0.008035920000111219,True,0.0,0.6816255236575729,0.04466271600054263,,True
2883,23.056118398000308,0.008017667999865807,True,0.0,0.6842761281849276,0.045068194198023,,True
2884,23.064067910000176,0.007949511999868264,True,0.0,0.6898742113756717,0.04901695223843522,,True
2885,23.07207332400003,0.008005413999853772,True,0.0,0.6969633104394722,0.0542318317535425,,True
2886,23.08006850200036,0.007995178000328451,True,0.0,0.7011406433882116,0.0630982328084775,,True
2887,23.088068233000286,0.007999730999927124,True,0.0,0.7097136435597419,0.07170265460225429,,True
2888,23.096068244000435,0.008000011000149243,True,0.0,0.7294608918934073,0.07511882426394646,,True
2889,23.104068415000256,0.008000170999821421,True,0.0,0.7369192146910647,0.08442455769218637,,True
2890,23.112068143000215,0.00799972799995885,True,1.0842021724855044e-19,0.7456607735083152,0.09240912222427089,,True
2891,23.120097888000146,0.008029744999930699,True,0.0,0.7645096346315566,0.09852698164268453,,True
2892,23.128064880000238,0.007966992000092432,True,0.0,0.7732663944317171,0.1048581341920587,,True
2893,23.136067722999996,0.008002842999758286,True,0.0,0.7905257551796868,0.11016927500262823,,True
2894,23.14406802600024,0.008000303000244458,True,0.0,0.7976957401568967,0.11600779809385618,,True
2895,23.152080333000413,0.008012307000171859,True,0.0,0.8049257987280884,0.1213357743038958,,True
2896,23.160059488000115,0.007979154999702587,True,0.0,0.8172254191102558,0.125333609133187,,True
2897,23.168081030000394,0.008021542000278714,True,0.0,0.8195356507955742,0.13082615471650377,,True
2898,23.17606291500033,0.007981884999935573,True,0.0,0.8444832551813121,0.1319759975426574,,True
2899,23.184066852000342,0.008003937000012229,True,0.0,0.8413450155380291,0.13676653337354341,,True
2900,23.192058289000215,0.007991436999873258,True,0.0,0.8463800575540985,0.13959178300269579,,True
2901,23.200069868000355,0.008011579000140046,True,0.0,0.850676913524313,0.14136435801717323,,True
2902,23.20806631100004,0.007996442999683495,True,0.0,0.8612958549186207,0.14134927748903267,,True
2903,23.216066226000294,0.007999915000254987,True,0.0,0.859431305395004,0.14176188414484817,,True
2904,23.2240664320002,0.00800020599990603,True,0.0,0.8511281439623096,0.14314004633810506,,True
2905,23.232122170000366,0.008055738000166457,True,0.0,0.8514404221739413,0.1422835056765997,,True
2906,23.240076968000267,0.00795479799990062,True,0.0,0.857725045383034,0.14047046861747225,,True
2907,23.248068009000235,0.00799104099996839,True,0.0,0.8602884951211338,0.13705697004212375,,True
2908,23.256069523000406,0.008001514000170573,True,0.0,0.8550150165400632,0.13729426537887834,,True
2909,23.26409624900043,0.00802672600002552,True,0.0,0.8521544871381047,0.13482987389864368,,True
2910,23.272153921000154,0.008057671999722515,True,0.0,0.8518569138919576,0.13317961340467,,True
2911,23.280068707000282,0.007914786000128515,True,0.0,0.8453470715025501,0.12989444712054235,,True
2912,23.28806841400001,0.007999706999726186,True,0.0,0.8391771948389243,0.12935084438281505,,True
2913,23.296069224000348,0.008000810000339698,True,0.0,0.8368917754362201,0.12588722955437742,,True
2914,23.304070017000413,0.008000793000064732,True,0.0,0.8402431324075841,0.12073151314047685,,True
2915,23.31210069000008,0.008030672999666422,True,0.0,0.8284459531146194,0.11858247364924722,,True
2916,23.320108383000388,0.008007693000308791,True,0.0,0.8250884381237659,0.11508173234244522,,True
2917,23.328067055000247,0.00795867199985878,True,0.0,0.8196346793222826,0.11185714418059599,,True
2918,23.33606632200008,0.007999266999831889,True,0.0,0.8125369548167056,0.10784693536311685,,True
2919,23.34410348900019,0.008037167000111367,True,0.0,0.8045880104016764,0.10384305571634694,,True
2920,23.352070433000335,0.007966944000145304,True,0.0,0.7956133109033501,0.09983127005338893,,True
2921,23.360069187000136,0.007998753999800101,True,0.0,0.7917097537830704,0.09403578040553302,,True
2922,23.36806985000021,0.008000663000075292,True,0.0,0.7797361459518873,0.09112353464744816,,True
2923,23.376077254000393,0.00800740400018185,True,0.0,0.7730350606932688,0.08726395889043154,,True
2924,23.38410539000006,0.00802813599966612,True,0.0,0.7775961407820002,0.08054004941264738,,True
2925,23.392064352000034,0.007958961999975145,True,0.0,0.7698566698819208,0.07671468004021509,,True
2926,23.400067781000416,0.008003429000382312,True,0.0,0.7599115224368733,0.07415583596582384,,True
2927,23.408070179000333,0.008002397999916866,True,0.0,0.7580068329998663,0.069430428498044,,True
2928,23.41609574200038,0.008025563000046532,True,0.0,0.7631660801025653,0.06282823491037871,,True
2929,23.424066829000367,0.007971086999987165,True,0.0,0.7514968853472798,0.06151916903185659,,True
2930,23.43206611100004,0.007999281999673258,True,0.0,0.7476857479995093,0.05769361573229727,,True
2931,23.440094049000436,0.008027938000395807,True,0.0,0.7473407120479656,0.0526637821933688,,True
2932,23.448067584,0.007973534999564436,True,0.0,0.7432810737192492,0.050933251272478,,True
2933,23.45607188000031,0.008004296000308386,True,0.0,0.7420820128633181,0.048358804888132954,,True
2934,23.46409784000025,0.008025959999940824,True,0.0,0.7440989016852713,0.043887235953740146,,True
2935,23.472078843000418,0.00798100300016813,True,0.0,0.7394511384016011,0.042693771929358915,,True
2936,23.480067775000407,0.00798893199998929,True,0.0,0.737926348468473,0.04029509117973779,,True
2937,23.48806142400008,0.007993648999672587,True,0.0,0.7358577193915419,0.038578170071885874,,True
2938,23.496067664000293,0.008006240000213438,True,0.0,0.7338685872336413,0.0372369763187711,,True
2939,23.504093059000297,0.00802539500000421,True,0.0,0.7316484929980641,0.03598236565806428,,True
2940,23.512074037000275,0.007980977999977767,True,0.0,0.7309965423593536,0.03440088401094914,,True
2941,23.520076444000097,0.008002406999821687,True,0.0,0.7308619409396905,0.033669829617853496,,True
2942,23.52806765100013,0.007991207000031864,True,0.0,0.7290532809620898,0.0335219569204927,,True
2943,23.536109992000092,0.008042340999963926,True,0.0,0.7281580908784121,0.03381822431554645,,True
2944,23.544069888000195,0.007959896000102162,True,0.0,0.7272554536104662,0.033338828481513566,,True
2945,23.552068322000196,0.007998434000000998,True,0.0,0.7265911746393644,0.03300345034472238,,True
2946,23.560069696000028,0.00800137399983214,True,0.0,0.7295118915551211,0.03214544046869888,,True
2947,23.56806736000044,0.007997664000413351,True,0.0,0.726921594138056,0.03213761884639085,,True
2948,23.576067847000104,0.008000486999662826,True,0.0,0.7279572909141526,0.032247599970873154,,True
2949,23.584118950000175,0.008051103000070725,True,0.0,0.727927344537215,0.032203839006766745,,True
2950,23.592067885000233,0.007948935000058555,True,0.0,0.7286167969461573,0.03221789792085205,,True
2951,23.600102015000175,0.008034129999941797,True,0.0,0.7286477941227154,0.03335416814198236,,True
2952,23.6081148520002,0.008012837000023865,True,0.0,0.7287011708289579,0.03482267549924179,,True
2953,23.61606973300013,0.007954880999932357,True,0.0,0.7315716261568649,0.03603822657460958,,True
2954,23.624067247000312,0.007997514000180672,True,0.0,0.7294424463824843,0.03693767079061109,,True
2955,23.632067602999996,0.008000355999683961,True,0.0,0.731471381325087,0.03868299007755872,,True
2956,23.640122432000226,0.008054829000229802,True,0.0,0.7325460805404205,0.04028304968481451,,True
2957,23.6480674000004,0.007944968000174413,True,0.0,0.7326117641333729,0.04286191064058105,,True
2958,23.656101960000342,0.008034559999941848,True,0.0,0.7315988479891326,0.043520923576611525,,True
2959,23.66412686600006,0.008024905999718612,True,0.0,0.7333910886642412,0.04470063745136351,,True
2960,23.672068353000213,0.007941487000152847,True,0.0,0.7333552986898813,0.045924101796007616,,True
2961,23.680072017000384,0.00800366400017083,True,0.0,0.7344174783427372,0.04813476745637319,,True
2962,23.68807324000045,0.008001223000064783,True,0.0,0.7391280535406219,0.049832122833942664,,True
2963,23.696070389000397,0.007997148999947967,True,0.0,0.7408294043822609,0.05136527461007568,,True
2964,23.7040661420001,0.007995752999704564,True,0.0,0.7416442741018429,0.052501286680533214,,True
2965,23.712096746000043,0.008030603999941377,True,0.0,0.742559465896421,0.054870871169640255,,True
2966,23.72006811600022,0.007971370000177558,True,0.0,0.7423155406921439,0.05631504912537068,,True
2967,23.728101383000194,0.00803326699997342,True,0.0,0.7445743391443579,0.05615728608942666,,True
2968,23.73610290500028,0.00800152200008597,True,0.0,0.7404193578508796,0.057689337306822915,,True
2969,23.74408968800026,0.007986782999978459,True,0.0,0.742937686564104,0.057295342516044456,,True
2970,23.752073505000226,0.00798381699996753,True,0.0,0.7451329158357021,0.05721171577789397,,True
2971,23.760068327000226,0.007994822000000568,True,0.0,0.7478770112445995,0.05959551432472096,,True
2972,23.768078143000366,0.008009816000139836,True,0.0,0.7485073369314537,0.06092005698506576,,True
2973,23.7760940940002,0.008015950999833876,True,0.0,0.7461558265657681,0.061251189910672674,,True
2974,23.78406801600022,0.007973922000019229,True,0.0,0.7502029400247208,0.06261722289646116,,True
2975,23.79209787300033,0.008029857000110496,True,0.0,0.750062207421517,0.061520330460491754,,True
2976,23.800068280000232,0.00797040699990248,True,0.0,0.749507249396145,0.0618576760437248,,True
2977,23.80809901700013,0.00803073699989909,True,0.0,0.7497631086392302,0.06084271028529487,,True
2978,23.816060701000424,0.007961684000292735,True,0.0,0.7478080214118981,0.06055604772529811,,True
2979,23.824067684000056,0.008006982999631873,True,0.0,0.7489199221354661,0.06284398880503747,,True
2980,23.832106597000347,0.008038913000291359,True,0.0,0.7464297879632539,0.06382687372131676,,True
2981,23.840076756000144,0.007970158999796695,True,0.0,0.7461592111744108,0.06471118545980158,,True
2982,23.848059149000164,0.007982393000020238,True,0.0,0.745860283423022,0.06503748111485738,,True
2983,23.85606537500007,0.008006225999906746,True,0.0,0.7478926759286084,0.06566076251149716,,True
2984,23.864117819000057,0.00805244399998628,True,0.0,0.7485886747068806,0.06480981009737664,,True
2985,23.872119496000323,0.008001677000265772,True,0.0,0.747084678696825,0.06602293664951184,,True
2986,23.880065517000276,0.007946020999952452,True,0.0,0.7435782629254775,0.06736725703159088,,True
2987,23.88806809400012,0.008002576999842859,True,0.0,0.7457143643027173,0.0672376962781544,,True
2988,23.896080663000248,0.008012569000129588,True,0.0,0.7505943153987392,0.06433833031275414,,True
2989,23.9040683850003,0.0079877220000526,True,0.0,0.7468015660053359,0.06512931873774386,,True
2990,23.912058933000026,0.007990547999725095,True,0.0,0.7481310565542056,0.06511113272302643,,True
2991,23.920067257000028,0.008008324000002176,True,0.0,0.7497282240308569,0.06486266904095628,,True
2992,23.928070657000262,0.008003400000234251,True,0.0,0.7486166771868642,0.06573375857228927,,True
2993,23.93606615500039,0.007995498000127554,True,0.0,0.7494995880868326,0.0659391567386613,,True
2994,23.944095863000257,0.008029707999867242,True,0.0,0.748720114807498,0.0667441751937461,,True
2995,23.95205881400034,0.007962951000081375,True,0.0,0.7508722431427699,0.06544978811022142,,True
2996,23.960064286000033,0.008005471999695146,True,0.0,0.7529749221522346,0.0651067265471851,,True
2997,23.968134512000233,0.00807022600019991,True,0.0,0.7541104853497268,0.06457698322792989,,True
2998,23.976066536000417,0.007932024000183446,True,0.0,0.7562426461429286,0.06431382244347722,,True
2999,23.984059095000248,0.00799255899983109,True,0.0,0.7538993537911319,0.06627930624300044,,True
3000,23.99206958800005,0.0080104929998015,True,0.0,0.7550159348622334,0.06552980236507329,,True
3001,24.000135587000386,0.008065999000336888,True,0.0,0.7539328775759407,0.06553968766412704,,True
3002,24.00806973500039,0.007934148000003916,True,0.0,0.753838807435243,0.06537903086697733,,True
3003,24.016072726000402,0.008002991000012116,True,0.0,0.7575047806310987,0.06359844833921441,,True
3004,24.024067093000212,0.007994366999810154,True,0.0,0.7566651259146987,0.06427922458706409,,True
3005,24.03207747100032,0.008010378000108176,True,0.0,0.7575976650514297,0.0632136096108478,,True
3006,24.040064051000172,0.007986579999851529,True,0.0,0.7635606280745678,0.06090952775994633,,True
3007,24.048066279000068,0.008002227999895695,True,0.0,0.7617709321443495,0.06147989209815609,,True
3008,24.056079666000187,0.00801338700011911,True,0.0,0.7661912125347753,0.05947695522402248,,True
3009,24.06406628900004,0.007986622999851534,True,0.0,0.765687556552258,0.05822022536455897,,True
3010,24.072065487000145,0.007999198000106844,True,0.0,0.7690946326807561,0.05749384140146557,,True
3011,24.08006698600002,0.008001498999874457,True,0.0,0.7682022509307502,0.055661115523384416,,True
3012,24.08814265500041,0.008075669000390917,True,0.0,0.7649350985366256,0.056771661683925015,,True
3013,24.096063456000138,0.007920800999727362,True,0.0,0.7652889019630874,0.0563671914497028,,True
3014,24.104066307000267,0.00800285100012843,True,0.0,0.765251480279146,0.05495371741354993,,True
3015,24.11206585800028,0.007999551000011706,True,0.0,0.7689551970500975,0.05354151702383718,,True
3016,24.12009764600043,0.008031788000153028,True,0.0,0.7702878766673567,0.052400698351574106,,True
3017,24.128067895000186,0.007970248999754403,True,0.0,0.7718564639572272,0.05038222712959177,,True
3018,24.13606948800043,0.008001593000244611,True,0.0,0.7707124294966089,0.05149619700692253,,True
3019,24.144066664000093,0.007997175999662431,True,0.0,0.773271278033956,0.050321465805361405,,True
3020,24.152103530000204,0.008036866000111331,True,0.0,0.7729650331309146,0.049071889711615434,,True
3021,24.160074931000054,0.00797140099984972,True,0.0,0.7717986269067505,0.05048387412802237,,True
3022,24.16806643000018,0.007991499000127078,True,0.0,0.7693602363333082,0.05021475928230667,,True
3023,24.17606598300017,0.007999552999990556,True,0.0,0.7690632242215445,0.04899504389965416,,True
3024,24.184071527000015,0.008005543999843212,True,0.0,0.7676091851623138,0.04961840704130293,,True
3025,24.192068040000322,0.00799651300030746,True,0.0,0.7701228830603661,0.04942900094156756,,True
3026,24.20012658700034,0.008058547000018734,True,0.0,0.7699150671648628,0.049352364100676845,,True
3027,24.208066667000367,0.007940080000025773,True,0.0,0.7687162572014781,0.04989920468973556,,True
3028,24.216067038000347,0.008000370999980078,True,0.0,0.765727013722549,0.05031192336533783,,True
3029,24.22406873800037,0.008001700000022538,True,0.0,0.7673454317334454,0.04929661073801557,,True
3030,24.232067654000275,0.007998915999905876,True,0.0,0.7671118517186187,0.049064350048036644,,True
3031,24.240070238000044,0.00800258399976883,True,0.0,0.7677743963155357,0.04981185152236766,,True
3032,24.248067747000277,0.00799750900023355,True,0.0,0.7675689295830952,0.04933380316561839,,True
3033,24.25606756900015,0.007999821999874257,True,4.336808689942018e-19,0.7721194798569556,0.05030898667508796,,True
3034,24.264065251000375,0.007997682000222994,True,0.0,0.783693197813292,0.04827552128930117,,True
3035,24.272065489000397,0.008000238000022364,True,0.0,0.7758061881040591,0.051222956351227956,,True
3036,24.280065602000377,0.008000112999980047,True,0.0,0.7898724034207968,0.04923596855711749,,True
3037,24.28814168200006,0.008076079999682406,True,0.0,0.7878745140801136,0.053026437674198366,,True
3038,24.296063626000432,0.007921944000372605,True,0.0,0.8056400214158589,0.05326130009489024,,True
3039,24.30407346300035,0.008009836999917752,True,0.0,0.8093095959390868,0.05651552954239553,,True
3040,24.312065572000392,0.007992109000042547,True,0.0,0.8351541713330239,0.058595453432212743,,True
3041,24.320065163000436,0.007999591000043438,True,5.421010862427522e-20,0.8387448682430374,0.06443062656687926,,True
3042,24.328103746000124,0.008038582999688515,True,5.421010862427522e-20,0.8587952240718952,0.06942550232425097,,True
3043,24.336067532000015,0.007963785999891115,True,1.0842021724855044e-19,0.8820158439713027,0.0751416730461848,,True
3044,24.344071566000366,0.008004034000350657,True,0.0,0.9177206076235873,0.0806592777957538,,True
3045,24.35207657500041,0.008005009000044083,True,0.0,0.9293627542659607,0.09081339257335996,,True
3046,24.360069102000125,0.007992526999714755,True,0.0,0.9707176296323875,0.09775132178856533,,True
3047,24.36814898700004,0.008079884999915521,True,0.0,0.9959784669422529,0.10761290764625847,,True
3048,24.376075817000128,0.007926830000087648,True,0.0,1.0411433432837558,0.11512761515289978,,True
3049,24.384066003000044,0.007990185999915411,True,0.0,1.0763659794913263,0.12698600818936798,,True
3050,24.39207284000031,0.008006837000266387,True,0.0,1.1137244632701033,0.13783460629375574,,True
3051,24.4000680930003,0.007995252999990043,True,0.0,1.15555552790334,0.14904068388813274,,True
3052,24.408067296000354,0.007999203000053967,True,0.0,1.199666061476479,0.16011055469957475,,True
3053,24.41606504800029,0.007997751999937464,True,0.0,1.2457203403972061,0.1725363650734109,,True
3054,24.42406950600025,0.008004457999959413,True,0.0,1.2959572905845167,0.18559705235581864,,True
3055,24.432065565000357,0.00799605900010647,True,0.0,1.3315906896843648,0.20067905298812924,,True
3056,24.4400675210004,0.00800195600004372,True,0.0,1.388522748638877,0.21211070859180162,,True
3057,24.448069584000223,0.008002062999821646,True,0.0,1.437466865744088,0.22490381881445412,,True
3058,24.45606737900016,0.007997794999937469,True,0.0,1.5023121058312094,0.238017994931328,,True
3059,24.464064686000256,0.007997307000096043,True,0.0,1.5482783034859355,0.25238145804850864,,True
3060,24.472063526000056,0.007998839999800111,True,0.0,1.5941326418108592,0.2656971158390385,,True
3061,24.480099731000337,0.00803620500028046,True,0.0,1.639091223976158,0.28039141192008404,,True
3062,24.48806336000007,0.007963628999732464,True,0.0,1.697321548652635,0.2924127934300386,,True
3063,24.496066005000102,0.008002645000033226,True,0.0,1.754607061168557,0.30522185387232226,,True
3064,24.504076897000232,0.008010892000129388,True,0.0,1.8012733735367223,0.3183565471259806,,True
3065,24.512067152000327,0.007990255000095203,True,0.0,1.8458362763574816,0.33287317797296734,,True
3066,24.52007725300018,0.00801010099985433,True,0.0,1.8958311086193569,0.345940283113675,,True
3067,24.528069185000277,0.007991932000095403,True,0.0,1.9410418866942558,0.35988755216816043,,True
3068,24.53607488500029,0.008005700000012439,True,0.0,2.0016903137990845,0.37213188012265136,,True
3069,24.544069845000195,0.007994959999905404,True,0.0,2.0470050037472056,0.38372499929342807,,True
3070,24.55206983700009,0.007999991999895428,True,0.0,2.1005633813385463,0.3969917606140524,,True
3071,24.560063194000122,0.00799335700003212,True,0.0,2.13240786875477,0.4083730116323805,,True
3072,24.56807191200005,0.008008717999928194,True,0.0,2.1869053667591394,0.42035946839196964,,True
3073,24.57607572400002,0.008003811999969912,True,0.0,2.232287378708442,0.4303850121360452,,True
3074,24.584140932000082,0.00806520800006183,True,0.0,2.2761846859752746,0.44151010139474045,,True
3075,24.59206834500037,0.007927413000288652,True,0.0,2.300835224229494,0.4536140642149719,,True
3076,24.600077953000437,0.008009608000065782,True,0.0,2.3462941541914937,0.4642964211133031,,True
3077,24.608064556000045,0.007986602999608294,True,0.0,2.3969824218456495,0.4734651726318022,,True
3078,24.61606896300009,0.008004407000044012,True,0.0,2.4216349313768286,0.48435498622685286,,True
3079,24.624064187000386,0.00799522400029673,True,0.0,2.464100135001295,0.4932705705204011,,True
3080,24.632070567000028,0.008006379999642377,True,0.0,2.5075531764335213,0.5012127791642904,,True
3081,24.64011537200031,0.008044805000281485,True,0.0,2.5396531215127944,0.5105750469246827,,True
3082,24.648068093000347,0.007952721000037855,True,0.0,2.580748702999464,0.519420567553253,,True
3083,24.656070162000105,0.008002068999758194,True,0.0,2.6141434055427153,0.527196047813737,,True
3084,24.664062109000042,0.007991946999936772,True,0.0,2.6498862480029697,0.534957138067654,,True
3085,24.672112421000293,0.008050312000250415,True,0.0,2.687941272776809,0.5438259688331222,,True
3086,24.680061509000097,0.00794908799980476,True,0.0,2.725598435812236,0.5514100605067658,,True
3087,24.68807602600009,0.008014516999992338,True,0.0,2.7622265444662606,0.5602130955821193,,True
3088,24.69606843700012,0.007992411000032007,True,0.0,2.8009937634227757,0.5680575196843368,,True
3089,24.70406489700008,0.00799645999995846,True,0.0,2.832381974050141,0.5768295841525531,,True
3090,24.712062407000303,0.007997510000222974,True,0.0,2.881198461740621,0.5827277081128854,,True
3091,24.72007484900041,0.008012442000108422,True,0.0,2.921275533943794,0.5912170920606242,,True
3092,24.728103767000448,0.008028918000036356,True,0.0,2.94972579872726,0.6003940111890689,,True
3093,24.7360928410003,0.007989073999851826,True,0.0,2.9943646573599807,0.6086514459438943,,True
3094,24.744069240000044,0.00797639899974456,True,0.0,3.0293543651326753,0.616804697853929,,True
3095,24.752060494000034,0.007991253999989567,True,0.0,3.0619043495767357,0.6262828059463582,,True
3096,24.760071208000227,0.00801071400019282,True,0.0,3.094424821080092,0.6344175151678174,,True
3097,24.768066963000365,0.00799575500013816,True,0.0,3.1192587088905843,0.6424256402174229,,True
3098,24.776113846000044,0.008046882999678928,True,0.0,3.1497113812337965,0.6506662843013683,,True
3099,24.78407160500001,0.007957758999964426,True,0.0,3.1761463138318407,0.6602609741953498,,True
3100,24.79213482000023,0.008063215000220225,True,0.0,3.2081738986602173,0.6703992248213315,,True
3101,24.80006664700022,0.007931826999993064,True,0.0,3.2253342625115486,0.6789502680475928,,True
3102,24.808066491000318,0.007999844000096346,True,0.0,3.2490240187817445,0.6907129972071159,,True
3103,24.816096442000344,0.008029951000025903,True,0.0,3.2733370209230777,0.6992285492762402,,True
3104,24.824080339000375,0.007983897000030993,True,0.0,3.314737059136149,0.7072755547866052,,True
3105,24.832068131000142,0.007987791999767069,True,0.0,3.3372048899596916,0.716756658150453,,True
3106,24.840098070000295,0.008029939000152808,True,0.0,3.375047468492409,0.7257699835366995,,True
3107,24.848107889000403,0.00800981900010811,True,0.0,3.408901324518903,0.734012981688905,,True
3108,24.856060059000356,0.007952169999953185,True,0.0,3.450285748297481,0.7403989643135945,,True
3109,24.864068126000348,0.00800806699999157,True,0.0,3.487668759553017,0.7489882710180126,,True
3110,24.87211416800028,0.00804604199993264,True,0.0,3.549730900112434,0.7556545735112163,,True
3111,24.880067498000244,0.007953329999963898,True,0.0,3.6137729855265355,0.7611714886559401,,True
3112,24.88807589900034,0.008008401000097365,True,0.0,3.663192537420079,0.7670508373946833,,True
3113,24.896070625000448,0.007994726000106311,True,0.0,3.7097084107986196,0.7717093307876373,,True
3114,24.904084373000387,0.008013747999939369,True,0.0,3.749954484696482,0.776824712522249,,True
3115,24.91210160000037,0.008017226999982086,True,0.0,3.7986735833583185,0.7836459792688637,,True
3116,24.920058664000408,0.007957064000038372,True,0.0,3.840811321288081,0.7860722513149504,,True
3117,24.928068935000283,0.008010270999875502,True,0.0,3.8812858809018116,0.7923566956508755,,True
3118,24.93617961200016,0.008110676999876887,True,0.0,3.9295173516031827,0.7963323661267154,,True
3119,24.9441051470003,0.007925535000140371,True,0.0,3.970232543661813,0.7996025389449885,,True
3120,24.952097705000142,0.007992557999841665,True,0.0,4.01606706456493,0.8013119688543031,,True
3121,24.96011085100008,0.008013145999939297,True,0.0,4.0530154037374295,0.8027933952698267,,True
3122,24.968068444000437,0.0079575930003557,True,0.0,4.085768838757873,0.8043386218297928,,True
3123,24.976106507000168,0.008038062999730755,True,0.0,4.113784667982214,0.8056459334666141,,True
3124,24.9841021430002,0.007995636000032391,True,0.0,4.129478932485683,0.8088811513639012,,True
3125,24.992067061000398,0.00796491800019794,True,0.0,4.14813745357808,0.808490615963588,,True
3126,25.00005925100004,0.007992189999640686,True,0.0,4.174725574328834,0.8078668375651933,,True
3127,25.008068258000094,0.008009007000055135,True,0.0,4.198903435472233,0.8075124286718148,,True
3128,25.01607408000018,0.008005822000086482,True,0.0,4.220958186331738,0.8075671495016485,,True
3129,25.02406061800002,0.007986537999840948,True,0.0,4.238103396919381,0.8073097111454075,,True
3130,25.03209667400006,0.008036056000037206,True,0.0,4.260788524414741,0.8071384291482552,,True
3131,25.04009527700009,0.007998603000032745,True,0.0,4.279172169950106,0.806986914383462,,True
3132,25.04807038400031,0.007975107000220305,True,0.0,4.291488355196915,0.8071667296277533,,True
3133,25.05606859200043,0.007998208000117302,True,0.0,4.319926037699226,0.8040253485799833,,True
3134,25.064121651000278,0.008053058999848872,True,0.0,4.355750998152063,0.8020196238452437,,True
3135,25.07207072600022,0.00794907499994224,True,0.0,4.393477100420035,0.7967705122034331,,True
3136,25.080102400000214,0.008031673999994382,True,0.0,4.4417740948029785,0.7905038332706773,,True
3137,25.088071732000117,0.007969331999902352,True,0.0,4.4735401621864614,0.7836938338027973,,True
3138,25.09606773800033,0.007996006000212219,True,0.0,4.5226516624445,0.7746207146014182,,True
3139,25.104111412000293,0.008043673999964085,True,0.0,4.570125640614533,0.76505578749029,,True
3140,25.112069031000374,0.00795761900008074,True,0.0,4.603037152747489,0.7540409623666594,,True
3141,25.12006041900031,0.007991387999936705,True,0.0,4.635209064995658,0.74301633942683,,True
3142,25.12806896400025,0.00800854499993875,True,0.0,4.66144963588983,0.733884857903667,,True
3143,25.136081646000093,0.008012681999844062,True,0.0,4.694487688727314,0.7189136250607938,,True
3144,25.14406120900003,0.007979562999935297,True,0.0,4.727509657131997,0.7039175017586174,,True
3145,25.15210085600029,0.00803964700025972,True,0.0,4.754538681194674,0.6868211739439426,,True
3146,25.160063269000148,0.007962412999859225,True,0.0,4.7786702389923565,0.671364464357532,,True
3147,25.16810466800007,0.008041398999921512,True,0.0,4.800704549367892,0.6537639275795001,,True
3148,25.176070822000383,0.007966154000314418,True,4.336808689942018e-19,4.7998556982677565,0.6396569512246685,,True
3149,25.184069441000247,0.007998618999863538,True,0.0,4.807543577998549,0.6221377180523593,,True
3150,25.19206724300011,0.007997801999863441,True,1.734723475976807e-18,4.801306681386259,0.6073831339408963,,True
3151,25.200068709000334,0.008001466000223445,True,0.0,4.795043490368725,0.5912930814510057,,True
3152,25.208123570000225,0.008054860999891389,True,0.0,4.806017182874304,0.5738330629363354,,True
3153,25.216144143000292,0.008020573000067088,True,0.0,4.801265695112812,0.5598932136544128,,True
3154,25.224133642000197,0.007989498999904754,True,0.0,4.808602797609911,0.5435131014245553,,True
3155,25.23206876100039,0.00793511900019439,True,0.0,4.816135018055997,0.5249355772913512,,True
3156,25.240076914000383,0.00800815299999158,True,0.0,4.818976263518275,0.5070208201510603,,True
3157,25.2480696800003,0.007992765999915719,True,0.0,4.830768773209028,0.4884275821853549,,True
3158,25.256070212000395,0.008000532000096428,True,5.421010862427522e-20,4.834687637544743,0.47094474614617654,,True
3159,25.264062115000343,0.007991902999947342,True,1.0842021724855044e-19,4.821892967610464,0.45842692027385323,,True
3160,25.272104472000137,0.00804235699979472,True,0.0,4.8314425193235175,0.43824435095487074,,True
3161,25.280074469000283,0.007969997000145668,True,0.0,4.844285658885399,0.4187002482023735,,True
3162,25.288075739000305,0.008001270000022487,True,1.3552527156068805e-20,4.857569210156739,0.3972018061531019,,True
3163,25.296102321000035,0.008026581999729387,True,0.0,4.861157854541439,0.3802963119515353,,True
3164,25.304066031000275,0.007963710000240098,True,0.0,4.869337316198359,0.36026490736909283,,True
3165,25.31206682400034,0.008000793000064732,True,0.0,4.881849684300342,0.33934806907048715,,True
3166,25.32006549300013,0.007998668999789516,True,0.0,4.880688794002016,0.3211292715493035,,True
3167,25.328065610000067,0.008000116999937745,True,5.421010862427522e-20,4.888438639697543,0.2993718817615129,,True
3168,25.336067856000227,0.008002246000160085,True,5.421010862427522e-20,4.888945976206936,0.28189092817324496,,True
3169,25.344067214000006,0.007999357999779022,True,0.0,4.8823545093828855,0.26639726006069875,,True
3170,25.3520734130002,0.008006199000192282,True,0.0,4.882086521811411,0.2502645364980471,,True
3171,25.36007157200038,0.007998159000180749,True,0.0,4.884425244381266,0.23629587203966076,,True
3172,25.368068325000422,0.0079967530000431,True,0.0,4.892229164289639,0.2200434730597305,,True
3173,25.376067613000032,0.007999287999609805,True,0.0,4.897456296539885,0.20700300036592117,,True
3174,25.384069621000435,0.008002008000403293,True,0.0,4.907220282034815,0.19183933303400982,,True
3175,25.392068831000415,0.00799920999997994,True,0.0,4.913216300741455,0.1820726907013822,,True
3176,25.400125178000053,0.008056346999637753,True,0.0,4.918489166955008,0.1702513680891009,,True
3177,25.40807771200025,0.007952534000196465,True,0.0,4.9225531682713655,0.16372240135034694,,True
3178,25.41606459200011,0.00798687999986214,True,0.0,4.931636791370307,0.15746615669008351,,True
3179,25.424080624,0.008016031999886764,True,0.0,4.9399503481826885,0.15128541535931284,,True
3180,25.432065350000357,0.007984726000358933,True,0.0,4.948558790676532,0.14821103378172273,,True
3181,25.44008021100035,0.00801486099999238,True,0.0,4.959423318021821,0.1442876350960403,,True
3182,25.44806642900039,0.007986218000041845,True,0.0,4.969408224062172,0.14238607097564818,,True
3183,25.456059975000244,0.007993545999852358,True,0.0,4.9787762276115615,0.14179765135305716,,True
3184,25.464070181000352,0.008010206000108155,True,0.0,4.985212025859062,0.1419172811831445,,True
3185,25.47206708800013,0.00799690699977873,True,0.0,4.991279591841264,0.14398269773243888,,True
3186,25.480066331000216,0.007999243000085698,True,0.0,4.997270334272379,0.1463318563023957,,True
3187,25.488066821000302,0.008000490000085847,True,5.421010862427522e-20,5.003769970051748,0.14804202695323007,,True
3188,25.496066143999997,0.007999322999694414,True,0.0,5.008550867684998,0.15133429532453166,,True
3189,25.50407476700002,0.008008623000023363,True,0.0,5.012831797038047,0.1530143468858092,,True
3190,25.512071900000137,0.007997133000117174,True,2.710505431213761e-20,5.016065496237282,0.15542001965368726,,True
3191,25.520072156000424,0.008000256000286754,True,0.0,5.019777855698885,0.1566597547418488,,True
3192,25.528068158000224,0.007996001999799773,True,0.0,5.021511634626876,0.15714979829811968,,True
3193,25.53607223300014,0.008004074999917066,True,6.776263578034403e-21,5.0243970373215046,0.15889162099512238,,True
3194,25.54406495300009,0.00799271999994744,True,0.0,5.025571375191735,0.15849662218624067,,True
3195,25.55206661000011,0.008001657000022533,True,0.0,5.024451352811169,0.1579132228701113,,True
3196,25.56006503200024,0.007998422000127903,True,0.0,5.02335304573549,0.15778174562804972,,True
3197,25.56807039200021,0.008005359999970096,True,0.0,5.023650641789057,0.1567918164330592,,True
3198,25.576061718000346,0.007991326000137633,True,0.0,5.021214251373276,0.15529544017481509,,True
3199,25.58406687700017,0.008005158999822015,True,0.0,5.020466105174212,0.1534706185193515,,True
3200,25.592064850000042,0.007997972999874037,True,0.0,5.01584777947875,0.15143967098619807,,True
3201,25.600064008000118,0.007999158000075113,True,0.0,5.015466024726267,0.14938665764647593,,True
3202,25.60806734300013,0.008003335000012157,True,0.0,5.010409020437304,0.14644567249988324,,True
3203,25.616064584000014,0.007997240999884525,True,0.0,5.009062308433048,0.14320264688226098,,True
3204,25.624066531000153,0.008001947000138898,True,0.0,5.0041751082484325,0.1393596919587637,,True
3205,25.6320646260001,0.00799809499994808,True,0.0,4.999285964738004,0.13498884157122124,,True
3206,25.640059509000366,0.007994883000264963,True,0.0,4.992728034195354,0.13078114909160604,,True
3207,25.64806468000006,0.00800517099969511,True,0.0,4.9871108140809275,0.12731694227787385,,True
3208,25.656065816000137,0.008001136000075348,True,0.0,4.9796595548280065,0.12120297784956106,,True
3209,25.664065634000053,0.007999817999916559,True,0.0,4.974356915367167,0.1161376814507222,,True
3210,25.67206378200035,0.007998148000297078,True,0.0,4.963673575917307,0.11173826816609882,,True
3211,25.68006735600011,0.008003573999758373,True,0.0,4.957701503648406,0.10806203150542722,,True
3212,25.688065997000194,0.007998641000085627,True,0.0,4.9493902390594275,0.10243518788161175,,True
3213,25.696068462000312,0.008002465000117809,True,0.0,4.94144048526627,0.09596557418481376,,True
3214,25.704065908000302,0.007997445999990305,True,0.0,4.930696957437315,0.09174932722289451,,True
3215,25.712065111000356,0.007999203000053967,True,0.0,4.921521473359945,0.08434268654092919,,True
3216,25.720067288000337,0.008002176999980293,True,0.0,4.911794008691212,0.07984103998037753,,True
3217,25.72811784500027,0.008050556999933178,True,0.0,4.902142860808542,0.0726462547372205,,True
3218,25.736065252000117,0.007947406999846862,True,0.0,4.8941200679294665,0.06614885257432049,,True
3219,25.744066447000023,0.008001194999906147,True,0.0,4.885605352637226,0.06065159327941348,,True
3220,25.752142622000065,0.008076175000041985,True,0.0,4.877556871984514,0.052752220608534364,,True
3221,25.76006764700014,0.007925025000076857,True,0.0,4.869143116938741,0.04675578711408865,,True
3222,25.76805880200027,0.007991155000127037,True,0.0,4.860516517179696,0.03946334389042709,,True
3223,25.77606417800007,0.00800537599980089,True,0.0,4.852580021264239,0.03391776236107137,,True
3224,25.78407108400006,0.008006905999991432,True,0.0,4.844561745490792,0.027313883782234028,,True
3225,25.792102912000246,0.00803182800018476,True,0.0,4.836495404982136,0.02065495236418907,,True
3226,25.80006673600019,0.007963823999943997,True,0.0,4.82919140261461,0.015066381106908758,,True
3227,25.808063447000222,0.00799671100003252,True,0.0,4.821643641227162,0.010436961382416869,,True
3228,25.816064905000076,0.0080014579998533,True,0.0,4.815068886391073,0.006754794129703641,,True
3229,25.824074015000406,0.00800911000033011,True,0.0,4.808599546809487,0.005288877182821281,,True
3230,25.832067002000258,0.007992986999852292,True,0.0,4.8012971895700005,0.009308672099454803,,True
3231,25.84006871800011,0.008001715999853332,True,0.0,4.795065777312225,0.011532624598702202,,True
3232,25.848071646000335,0.00800292800022362,True,0.0,4.78964494040361,0.013131220496258332,,True
3233,25.856067219000124,0.007995572999789147,True,0.0,4.782734260911837,0.018223386536161564,,True
3234,25.86410508500012,0.00803786599999512,True,0.0,4.777379489288463,0.020711200235785404,,True
3235,25.87206573200001,0.007960646999890741,True,0.0,4.772328904632769,0.022456631176414055,,True
3236,25.880067084000075,0.008001352000064799,True,0.0,4.766500067692788,0.026197789364587703,,True
3237,25.888112470000124,0.008045386000048893,True,0.0,4.761948832250438,0.02644193220917929,,True
3238,25.896065013000225,0.007952543000101286,True,0.0,4.756278532832203,0.02982215293137417,,True
3239,25.904066849000174,0.008001835999948526,True,0.0,4.751575735992736,0.031142944778379734,,True
3240,25.912063790000047,0.007996940999873914,True,0.0,4.746148349253219,0.033579238191442456,,True
3241,25.92006700400043,0.008003214000382286,True,0.0,4.741811827879549,0.034078714551468,,True
3242,25.92807033400004,0.008003329999610287,True,0.0,4.737527723896266,0.034752352606838476,,True
3243,25.936070095000105,0.007999761000064609,True,0.0,4.732559328400754,0.03616828176629029,,True
3244,25.94406069600018,0.007990601000074093,True,0.0,4.72869428600145,0.036566692228239474,,True
3245,25.952157632000308,0.008096936000129062,True,0.0,4.724323753389382,0.0371185104628681,,True
3246,25.96005883600037,0.007901204000063444,True,0.0,4.720841338076875,0.03681113570392002,,True
3247,25.968130824000127,0.008071987999755947,True,0.0,4.717311476889382,0.0365651209521992,,True
3248,25.97608266000043,0.007951836000302137,True,0.0,4.714840462181424,0.035783589127943286,,True
3249,25.98406884000042,0.007986179999988963,True,0.0,4.710041385226041,0.03638622055608121,,True
3250,25.992068315000324,0.007999474999905942,True,0.0,4.706074399855634,0.03656630232721589,,True
3251,26.000067438000315,0.007999122999990504,True,0.0,4.7024553126291035,0.03789877360771159,,True
3252,26.0080714970004,0.008004059000086272,True,0.0,4.698603889083474,0.037378662630646264,,True
3253,26.01607082800001,0.00799933099960981,True,0.0,4.696260845117245,0.03628281864787805,,True
3254,26.02406868600019,0.007997858000180713,True,0.0,4.6924479858171075,0.03739016672396223,,True
3255,26.032067549000203,0.007998863000011625,True,0.0,4.689151447407841,0.03865914566846455,,True
3256,26.040066958000352,0.007999409000149171,True,0.0,4.684871712824622,0.03920215644992519,,True
3257,26.048064312000406,0.007997354000053747,True,0.0,4.68126889513073,0.03982449881166589,,True
3258,26.056064872000206,0.008000559999800316,True,0.0,4.678543471119005,0.04026374167139183,,True
3259,26.064064957000028,0.00800008499982141,True,0.0,4.6769787095765585,0.04043855742623143,,True
3260,26.072064669000156,0.007999712000128056,True,0.0,4.673150932506532,0.04227133365650957,,True
3261,26.08006432100001,0.007999651999853086,True,0.0,4.67005105208109,0.04321201842896765,,True
3262,26.08806549200017,0.008001171000159957,True,0.0,4.6668382977588525,0.04447874233127566,,True
3263,26.096062366000297,0.007996874000127718,True,0.0,4.663460766230291,0.04646034725555592,,True
3264,26.104059773000245,0.007997406999947998,True,0.0,4.660681296104016,0.046558592319729475,,True
3265,26.112068988000374,0.008009215000129188,True,0.0,4.658151089477458,0.04792654478342063,,True
3266,26.1200663970003,0.007997408999926847,True,0.0,4.6548116579717504,0.0491512172413639,,True
3267,26.128074782000112,0.008008384999811824,True,0.0,4.651003598782124,0.05105355581120901,,True
3268,26.136109380000107,0.00803459799999473,True,0.0,4.647888888359382,0.05183586244094114,,True
3269,26.144078166000327,0.007968786000219552,True,0.0,4.646362765702395,0.05264921423257422,,True
3270,26.152081409000402,0.0080032430000756,True,0.0,4.642829122191968,0.05304619734024376,,True
3271,26.160119021000355,0.008037611999952787,True,0.0,4.639058034800828,0.054379679905357824,,True
3272,26.168072577000203,0.007953555999847595,True,0.0,4.63589704675011,0.05551489980849887,,True
3273,26.176066622000235,0.007994045000032202,True,0.0,4.6325629574055585,0.056941136473165316,,True
3274,26.184065250000003,0.00799862799976836,True,0.0,4.628783797399025,0.05761575075159797,,True
3275,26.19206974100007,0.008004491000065173,True,0.0,4.625987563831165,0.058301490009016944,,True
3276,26.20006727000009,0.007997529000022041,True,0.0,4.623121989109001,0.059016935084326774,,True
3277,26.208068004000324,0.008000734000233933,True,0.0,4.619397783090254,0.05981308351002552,,True
3278,26.21606970000039,0.00800169600006484,True,0.0,4.61634538667427,0.06041079834926382,,True
3279,26.224058296000294,0.007988595999904646,True,0.0,4.611921340893219,0.060728937174434026,,True
3280,26.232063395000296,0.008005099000001792,True,0.0,4.607358655535515,0.0609135887704393,,True
3281,26.24006429100018,0.00800089599988496,True,0.0,4.604035520066361,0.0612383684641796,,True
3282,26.248077748000014,0.00801345699983358,True,0.0,4.599758883156366,0.06160558105400756,,True
3283,26.256064858000173,0.007987110000158282,True,0.0,4.595656182661886,0.06053234486795664,,True
3284,26.264067274000354,0.008002416000181256,True,0.0,4.591704848845494,0.061069620918869,,True
3285,26.27206548500044,0.007998211000085576,True,0.0,4.587281708302844,0.061245485710589395,,True
3286,26.280065508999996,0.008000023999557015,True,0.0,4.583290568526594,0.061104381935356285,,True
3287,26.288096515000234,0.00803100600023754,True,0.0,4.579827497276075,0.060685944621400735,,True
3288,26.296068883000316,0.007972368000082497,True,0.0,4.575464226951004,0.06060918412280498,,True
3289,26.304059714000232,0.007990830999915488,True,0.0,4.571774999206331,0.06024389814170176,,True
3290,26.312071087000277,0.008011373000044841,True,0.0,4.56765063934787,0.05975279385124054,,True
3291,26.320065113000055,0.007994025999778387,True,0.0,4.563020150499887,0.05924184421446869,,True
3292,26.328065966000395,0.008000853000339703,True,0.0,4.558824086060396,0.05783939299462405,,True
3293,26.336064379000163,0.007998412999768334,True,0.0,4.555027445404988,0.05780961039499478,,True
3294,26.34406379000029,0.00799941100012802,True,0.0,4.550664007098997,0.057657146114264084,,True
3295,26.352076579000368,0.008012789000076737,True,0.0,4.546731988873101,0.05695509830706034,,True
3296,26.36006029500004,0.007983715999671404,True,0.0,4.542094593047688,0.05625648174845875,,True
3297,26.36809809000033,0.008037795000291226,True,0.0,4.536908632105291,0.05482614956834591,,True
3298,26.376067458000307,0.007969367999976384,True,0.0,4.532948316044401,0.053683763781664465,,True
3299,26.384069185000044,0.008001726999737002,True,0.0,4.528060393682789,0.05265344301910355,,True
3300,26.39208197400012,0.008012789000076737,True,0.0,4.523715225619968,0.05220666924276692,,True
3301,26.400068804000057,0.007986829999936162,True,0.0,4.5194256533737285,0.05082568433125148,,True
3302,26.40806571100029,0.007996907000233477,True,0.0,4.51557223773278,0.0508896517633821,,True
3303,26.416089557000305,0.0080238460000146,True,0.0,4.50999708992557,0.04989672435432213,,True
3304,26.424070493000272,0.007980935999967187,True,0.0,4.505326512240033,0.04900287675848409,,True
3305,26.432063353000103,0.007992859999831126,True,0.0,4.501193342109281,0.047372852631843265,,True
3306,26.440063139000358,0.007999786000254971,True,0.0,4.496849238159826,0.04677682970844198,,True
3307,26.448067428000286,0.008004288999927667,True,0.0,4.492021570205549,0.045219514562220016,,True
3308,26.456072706000214,0.008005277999927785,True,0.0,4.488001034310746,0.04428041296324357,,True
3309,26.46406865500012,0.007995948999905522,True,0.0,4.483064236037233,0.04340551636033185,,True
3310,26.472072109000237,0.008003454000117927,True,0.0,4.478621454636032,0.04282294129301191,,True
3311,26.480066778000037,0.007994668999799615,True,0.0,4.475197479504052,0.041046533110440674,,True
3312,26.488064121000207,0.007997343000170076,True,0.0,4.469998474729486,0.04095896307876811,,True
3313,26.49606577900022,0.008001658000011957,True,0.0,4.466194896817401,0.040231171848198674,,True
3314,26.504068095000093,0.008002315999874554,True,0.0,4.461806729353751,0.039068668415377775,,True
3315,26.512069174000317,0.008001079000223399,True,0.0,4.456977476609395,0.03864751324150845,,True
3316,26.520072861000244,0.008003686999927595,True,0.0,4.452943604601888,0.03900102047829837,,True
3317,26.528061794000223,0.007988932999978715,True,0.0,4.449167107958122,0.03781701000716693,,True
3318,26.536071650000395,0.008009856000171567,True,0.0,4.444936850882934,0.03807289133832323,,True
3319,26.544062448000204,0.007990797999809729,True,0.0,4.441352329489319,0.03739140503249516,,True
3320,26.552077714000006,0.008015265999802068,True,0.0,4.436841940606836,0.03657542809618447,,True
3321,26.56008367100003,0.008005957000023045,True,0.0,4.432237191618023,0.03542348692648452,,True
3322,26.568080956000358,0.007997285000328702,True,0.0,4.42987228888712,0.035724764731493025,,True
3323,26.576067453000178,0.007986496999819792,True,0.0,4.424428965182998,0.035689160988728326,,True
3324,26.58407066100017,0.008003207999990991,True,0.0,4.420243419260815,0.03566274135055181,,True
3325,26.59206946500035,0.007998804000180826,True,0.0,4.416434133334217,0.03449553284091441,,True
3326,26.60006258700014,0.007993121999788855,True,0.0,4.41127838462965,0.03621667704184935,,True
3327,26.608071104000373,0.00800851700023486,True,0.0,4.407498439058723,0.035441865605923224,,True
3328,26.61607085100013,0.007999746999757917,True,0.0,4.404319897886381,0.03517199042665889,,True
3329,26.62406606200011,0.007995210999979463,True,0.0,4.399318728861366,0.03534827965867499,,True
3330,26.632068343000356,0.008002281000244693,True,0.0,4.395370449519927,0.034776724409230214,,True
3331,26.64007140600006,0.008003062999705435,True,0.0,4.390704635805873,0.036485558473402194,,True
3332,26.648067321000326,0.007995915000265086,True,0.0,4.387550710562275,0.03766343501535183,,True
3333,26.656073561000085,0.00800623999975869,True,0.0,4.383494451243877,0.03762047609725662,,True
3334,26.66406741400033,0.00799385300024369,True,0.0,4.378851227179361,0.03811613390981931,,True
3335,26.672068106000097,0.008000691999768605,True,0.0,4.375041096926546,0.03982378834902357,,True
3336,26.680067960000088,0.007999853999990592,True,0.0,4.370922952876269,0.0400840418418225,,True
3337,26.68810934000021,0.008041380000122444,True,0.0,4.367469955813814,0.04067522119016969,,True
3338,26.696062537000216,0.007953197000006185,True,0.0,4.363314626132359,0.03976859550928777,,True
3339,26.70406810800023,0.008005571000012424,True,0.0,4.359675558170967,0.04021475897655367,,True
3340,26.71206791800023,0.007999810000001162,True,0.0,4.355622380131538,0.03988740584181735,,True
3341,26.7200674730002,0.007999554999969405,True,0.0,4.351334203125446,0.041175144653698065,,True
3342,26.728065618000073,0.007998144999874057,True,0.0,4.347877563877194,0.04033992989849572,,True
3343,26.73607664400015,0.008011026000076527,True,0.0,4.343543870957345,0.04207881034299528,,True
3344,26.744066859000213,0.007990215000063472,True,0.0,4.339813589086411,0.04134091396436688,,True
3345,26.752077721000205,0.008010861999991903,True,0.0,4.336672986784518,0.04113361570959217,,True
3346,26.76008061900029,0.008002898000086134,True,0.0,4.333232443771812,0.04194152581713465,,True
3347,26.76806377400044,0.007983155000147235,True,0.0,4.329201591478313,0.04180745582874666,,True
3348,26.776070039000388,0.008006264999949053,True,0.0,4.326145109633153,0.04215645716800289,,True
3349,26.78407253200021,0.008002492999821698,True,0.0,4.322937545453546,0.043784786195991854,,True
3350,26.792077084000084,0.00800455199987482,True,0.0,4.3208190626355805,0.04372217512266667,,True
3351,26.80007258200021,0.007995498000127554,True,0.0,4.318710630259917,0.04384597691463026,,True
3352,26.80807302500034,0.008000443000128143,True,0.0,4.316579324194746,0.04399362528811699,,True
3353,26.816072626000278,0.007999600999937684,True,0.0,4.314019857459961,0.04497859368162353,,True
3354,26.824064674000056,0.007992047999778151,True,0.0,4.313282917999695,0.04586513752742908,,True
3355,26.832063465000374,0.007998791000318306,True,0.0,4.312412583795907,0.04850673101625198,,True
3356,26.840072668000175,0.008009202999801346,True,0.0,4.310693928894882,0.05153629996273811,,True
3357,26.84806507200028,0.007992404000106035,True,0.0,4.312824390835971,0.055586430379980505,,True
3358,26.856065714000124,0.008000641999842628,True,0.0,4.3131907627771975,0.05931355345820978,,True
3359,26.864060103000156,0.007994389000032243,True,0.0,4.313661846930069,0.06565563826968619,,True
3360,26.87206563000018,0.008005527000022994,True,0.0,4.312018845783234,0.07285074339694796,,True
3361,26.880069050000202,0.008003420000022743,True,0.0,4.313079661308511,0.0797411711697765,,True
3362,26.888078306000352,0.008009256000150344,True,0.0,4.3157080226185585,0.08864155418621138,,True
3363,26.89606947900029,0.00799117299993668,True,0.0,4.3179292278474755,0.09833640017311152,,True
3364,26.90406461600014,0.007995136999852548,True,0.0,4.322076440921312,0.10890041395135659,,True
3365,26.912067498000397,0.00800288200025534,True,0.0,4.3235875348439246,0.11904641408847166,,True
3366,26.920111309000276,0.008043810999879497,True,0.0,4.3247259678309495,0.1313784837923494,,True
3367,26.92806896600041,0.007957657000133622,True,0.0,4.328391014249965,0.14470933818126547,,True
3368,26.93606529300041,0.007996327000000747,True,0.0,4.336209091370848,0.15653789636158483,,True
3369,26.94407508400036,0.008009790999949473,True,0.0,4.34020808330606,0.1700645291323173,,True
3370,26.952064455000254,0.007989370999894163,True,0.0,4.340337739200778,0.18387594921981626,,True
3371,26.96008008700028,0.008015632000024198,True,0.0,4.346044433505073,0.19829773279576032,,True
3372,26.9680684570003,0.00798837000002095,True,0.0,4.3474295349368655,0.21189679615005047,,True
3373,26.976071748000322,0.008003291000022728,True,0.0,4.348608941161854,0.22747477447127176,,True
3374,26.98413004000031,0.008058291999986977,True,0.0,4.351941956154255,0.24290504367960825,,True
3375,26.99206227400009,0.007932233999781602,True,0.0,4.348624509273777,0.25908753745139773,,True
3376,27.000069910000093,0.008007636000002094,True,0.0,4.355666518492272,0.2734962047421907,,True
3377,27.00807009800019,0.008000188000096387,True,0.0,4.355310613293823,0.2880368141174384,,True
3378,27.016075720000117,0.008005621999927826,True,0.0,4.363194968251125,0.303026310733586,,True
3379,27.024066860000403,0.007991140000285668,True,0.0,4.358956309563761,0.3190760029912259,,True
3380,27.032067628000277,0.00800076799987437,True,0.0,4.379082776743102,0.33106410181541446,,True
3381,27.040067040000395,0.007999412000117445,True,0.0,4.3703662866422235,0.34829636233343697,,True
3382,27.04806846700012,0.008001426999726391,True,0.0,4.370141606560125,0.3630469839665854,,True
3383,27.056064982000407,0.007996515000286308,True,0.0,4.374322722713865,0.3782907105839778,,True
3384,27.064064400999996,0.00799941899958867,True,0.0,4.368515918113812,0.39276680833869543,,True
3385,27.072073510000337,0.008009109000340686,True,0.0,4.370013765306389,0.40850788902588486,,True
3386,27.08006593900018,0.00799242899984165,True,0.0,4.371074254009588,0.4220955341056441,,True
3387,27.088068187000317,0.008002248000138934,True,0.0,4.370147565089898,0.43510076994912367,,True
3388,27.096064395000212,0.007996207999894978,True,0.0,4.366594351904163,0.45091123082777435,,True
3389,27.104064661000393,0.008000266000181,True,0.0,4.377140029825112,0.46064209599449385,,True
3390,27.112066119000247,0.0080014579998533,True,0.0,4.37888123960218,0.4748210851388012,,True
3391,27.120064408000417,0.007998289000170189,True,0.0,4.376676889594195,0.4859368007152484,,True
3392,27.128107330000148,0.008042921999731334,True,0.0,4.373128904380566,0.49765858113899014,,True
3393,27.136067449000166,0.007960119000017585,True,0.0,4.366360789853333,0.5094152378898178,,True
3394,27.144069521000347,0.008002072000181215,True,0.0,4.35693230113325,0.5189373339605984,,True
3395,27.152068403000158,0.007998881999810692,True,0.0,4.353953266748694,0.5274704384996469,,True
3396,27.160066952000307,0.007998549000149069,True,0.0,4.345785321188325,0.5375359897853194,,True
3397,27.168063803000223,0.007996850999916205,True,0.0,4.335167828471208,0.5466949812377044,,True
3398,27.1760778820003,0.00801407900007689,True,0.0,4.324997936216556,0.5566570445428191,,True
3399,27.184063829000024,0.007985946999724547,True,0.0,4.317352446410982,0.5639161316038108,,True
3400,27.192065674000332,0.008001845000308094,True,0.0,4.307068021715428,0.5712962726448645,,True
3401,27.200066461000006,0.008000786999673437,True,0.0,4.307571272919478,0.5759763517837856,,True
3402,27.208071578000272,0.008005117000266182,True,0.0,4.292572156485201,0.583793507565923,,True
3403,27.216075491000083,0.008003912999811291,True,0.0,4.280269555716304,0.588428074497507,,True
3404,27.224077883000064,0.008002391999980318,True,0.0,4.271670208415646,0.5909298443612299,,True
3405,27.23206833100039,0.007990448000327888,True,0.0,4.2524653563829045,0.5950903311959878,,True
3406,27.24006767100036,0.00799933999996938,True,0.0,4.244210648390157,0.5977583592306435,,True
3407,27.248067369000182,0.007999697999821365,True,0.0,4.217372717517634,0.6018940605770985,,True
3408,27.25607122700012,0.008003857999938191,True,0.0,4.201838980269474,0.6033959280625816,,True
3409,27.264062453000406,0.007991226000285678,True,0.0,4.190185186702007,0.6043413722361896,,True
3410,27.272066736000397,0.00800428299999112,True,0.0,4.173685936858536,0.6037671366395928,,True
3411,27.280063487000007,0.007996750999609503,True,0.0,4.161085360584618,0.6042492860452462,,True
3412,27.288080099000126,0.008016612000119494,True,0.0,4.147228462120721,0.601871181903026,,True
3413,27.29606373600018,0.007983637000052113,True,0.0,4.120791695193749,0.6003963276599159,,True
3414,27.3040631570002,0.007999421000022267,True,0.0,4.106031217580975,0.5970613005440244,,True
3415,27.312083666000035,0.00802050899983442,True,0.0,4.091277477134197,0.5954925822191278,,True
3416,27.32006514600016,0.007981480000125885,True,0.0,4.074196139683115,0.5922463162754698,,True
3417,27.328065599000183,0.00800045300002239,True,0.0,4.065163490752974,0.589048976813095,,True
3418,27.336062695000237,0.007997096000053716,True,0.0,4.05126700867593,0.5840353011188142,,True
3419,27.34410449400002,0.008041798999784078,True,0.0,4.037911504835417,0.5794969656531719,,True
3420,27.352061446000334,0.007956952000313322,True,0.0,4.022127770176604,0.5763759471609394,,True
3421,27.36007207900002,0.008010632999685185,True,0.0,4.010734795378996,0.5723495162342388,,True
3422,27.368066941000052,0.007994862000032299,True,0.0,4.0005383429040675,0.565966356883792,,True
3423,27.37607551100018,0.008008570000129112,True,0.0,3.9871241164680904,0.5626404527648783,,True
3424,27.384127104000072,0.008051592999891,True,0.0,3.9767147682990953,0.5567704405409217,,True
3425,27.39206825700012,0.007941153000047052,True,0.0,3.9689817603327193,0.5512287888339723,,True
3426,27.400064120000025,0.007995862999905512,True,0.0,3.9695877806804094,0.5448809249060392,,True
3427,27.408067010000195,0.008002890000170737,True,0.0,3.951165098375687,0.5401158134424477,,True
3428,27.416063282000323,0.007996272000127647,True,0.0,3.9521563562150317,0.5351182721507259,,True
3429,27.424080484000115,0.008017201999791723,True,0.0,3.9450492628462204,0.52865397577699,,True
3430,27.4320654510002,0.007984967000083998,True,0.0,3.9352370908687773,0.5243976855784246,,True
3431,27.44006702500019,0.008001573999990796,True,0.0,3.9267965046986175,0.5210117898183498,,True
3432,27.448067040000296,0.008000015000106941,True,0.0,3.924450853145436,0.5152187668942699,,True
3433,27.456069181000203,0.00800214099990626,True,0.0,3.918281805795401,0.5111081592915376,,True
3434,27.464066738000383,0.007997557000180677,True,0.0,3.8973609163587812,0.5075119154776875,,True
3435,27.472096565000356,0.008029826999973011,True,0.0,3.900883479701951,0.5036753253671818,,True
3436,27.480068214000312,0.007971648999955505,True,0.0,3.899245371320968,0.5000684818119824,,True
3437,27.48807667200026,0.008008457999949314,True,0.0,3.884930667842233,0.49722172022185485,,True
3438,27.496075374000156,0.007998701999895275,True,0.0,3.877246055929482,0.49493957265501515,,True
3439,27.504062960000283,0.007987586000126612,True,0.0,3.872934802292668,0.49221490436549603,,True
3440,27.51207508000016,0.008012119999875722,True,0.0,3.855108502768967,0.4919825982882215,,True
3441,27.520073646000128,0.007998565999969287,True,0.0,3.849791027161988,0.4904349126231526,,True
3442,27.52806496600033,0.007991320000201085,True,5.421010862427522e-20,3.822864974404508,0.48798743227557106,,True
3443,27.536073132000183,0.0080081659998541,True,0.0,3.807133448515501,0.48742498190096634,,True
3444,27.544070319000184,0.00799718700000085,True,0.0,3.7886017246277732,0.48425025595879445,,True
3445,27.55206785700011,0.007997537999926863,True,0.0,3.7747694078134293,0.48399778894600104,,True
3446,27.560068694000165,0.008000837000054162,True,0.0,3.751791504479306,0.4836054626027343,,True
3447,27.56807019200005,0.008001497999885032,True,0.0,3.735544825770091,0.48121006943131206,,True
3448,27.57606584300038,0.007995651000328508,True,0.0,3.715056397612402,0.4806604791505473,,True
3449,27.584066752000126,0.00800090899974748,True,0.0,3.70186184323088,0.4762223776417232,,True
3450,27.592077503000382,0.008010751000256278,True,0.0,3.6891554176040553,0.4733403342254205,,True
3451,27.600066407000213,0.007988903999830654,True,0.0,3.671770904978179,0.47209135652101214,,True
3452,27.608067220000066,0.008000812999853224,True,0.0,3.666147771275,0.4676433212046218,,True
3453,27.6160659950001,0.007998775000032765,True,0.0,3.649009957234719,0.46430903702799087,,True
3454,27.624064873000407,0.007998878000307741,True,0.0,3.6364732634847186,0.46076893188982393,,True
3455,27.632068418000017,0.008003544999610313,True,0.0,3.6208135087002598,0.4576659002265583,,True
3456,27.6400702130004,0.008001795000382117,True,0.0,3.618046524233739,0.4532120244309295,,True
3457,27.64807090400018,0.00800069099977918,True,0.0,3.6074677407356366,0.44827939500849756,,True
3458,27.65606740400017,0.007996499999990192,True,0.0,3.599607371509713,0.441045223306228,,True
3459,27.66406870000037,0.008001296000202274,True,0.0,3.5955841214316018,0.43513648566928104,,True
3460,27.672069514000214,0.008000813999842649,True,0.0,3.5857331279956144,0.42867301785333606,,True
3461,27.680067486000098,0.007997971999884612,True,0.0,3.581495327020552,0.4223157128524553,,True
3462,27.688066034000258,0.007998548000159644,True,0.0,3.5681057997139964,0.4144485966190874,,True
3463,27.69609781500003,0.008031780999772309,True,0.0,3.5603188730935593,0.4090995372412046,,True
3464,27.704073534000145,0.007975719000114623,True,0.0,3.5508877262539924,0.39889997028032026,,True
3465,27.712064939000356,0.007991405000211671,True,0.0,3.5468377312310633,0.3893056536998369,,True
3466,27.720063097000093,0.007998157999736577,True,0.0,3.5393563862034023,0.37745265379622356,,True
3467,27.728068666000127,0.008005569000033574,True,0.0,3.5267087243186928,0.36667341258375774,,True
3468,27.7360814030003,0.00801273700017191,True,0.0,3.5238568625091578,0.3518011994327853,,True
3469,27.744069494000087,0.007988090999788255,True,0.0,3.519741615481251,0.33788971616744085,,True
3470,27.752071815000363,0.008002321000276424,True,0.0,3.5149156783251256,0.32410787953381665,,True
3471,27.76007355200045,0.008001737000085996,True,0.0,3.514260702558955,0.30844602697598195,,True
3472,27.768067243000132,0.007993690999683167,True,0.0,3.511924117288255,0.29294621102280816,,True
3473,27.77607074200023,0.008003499000096781,True,0.0,3.5052571368815117,0.27505020030247296,,True
3474,27.784067120000145,0.007996377999916149,True,4.336808689942018e-19,3.5011635350561097,0.2576659683997908,,True
3475,27.79206378300023,0.007996663000085391,True,0.0,3.499243548058735,0.2408533997670533,,True
3476,27.800063419000253,0.007999636000022292,True,0.0,3.4983911201337157,0.2221645246618066,,True
3477,27.808077135000076,0.008013715999823035,True,0.0,3.4957081521720514,0.20469153194688117,,True
3478,27.816064052,0.007986916999925597,True,0.0,3.4927455719081735,0.18931680766929715,,True
3479,27.824067324000225,0.00800327200022366,True,0.0,3.4904206684531642,0.17093672426362877,,True
3480,27.83207243800007,0.00800511399984316,True,0.0,3.4831742213069647,0.15499865254888112,,True
3481,27.840065772000344,0.007993334000275354,True,0.0,3.47763985300431,0.13807850225475815,,True
3482,27.848070395000377,0.008004623000033462,True,0.0,3.473424297138288,0.12388325240770827,,True
3483,27.856068331000188,0.00799793599981058,True,0.0,3.46950190106005,0.10706345291870797,,True
3484,27.864064307000262,0.007995976000074734,True,0.0,3.463611982292991,0.09378280339844566,,True
3485,27.872066750000158,0.00800244299989572,True,0.0,3.4599172162177,0.07961188244534322,,True
3486,27.880067714000234,0.008000964000075328,True,0.0,3.4586867175924416,0.0662370836054007,,True
3487,27.88806288600017,0.007995171999937156,True,2.710505431213761e-20,3.457260333606951,0.05711155614954617,,True
3488,27.896065584000098,0.008002697999927477,True,1.3552527156068805e-20,3.457208987392642,0.0488306592443917,,True
3489,27.904070906000015,0.008005321999917214,True,0.0,3.457690566121829,0.046149232484085555,,True
3490,27.91206322900007,0.007992323000053148,True,0.0,3.4586920546223867,0.04802398385186406,,True
3491,27.920062777000112,0.007999548000043433,True,0.0,3.4602708016934325,0.05215728216204906,,True
3492,27.928067338000346,0.00800456100023439,True,0.0,3.4610107026893835,0.059861123946782474,,True
3493,27.93607143600002,0.008004097999673832,True,0.0,3.4632193643065503,0.0674704827658169,,True
3494,27.9441094230001,0.008037987000079738,True,0.0,3.4652649926776204,0.07679360033450561,,True
3495,27.95208033300014,0.007970910000040021,True,0.0,3.4690072524204085,0.08422607988567614,,True
3496,27.960064461,0.007984127999861812,True,0.0,3.469215656022775,0.09373753041929199,,True
3497,27.968067406000046,0.008002945000043837,True,0.0,3.471408030726863,0.10120437640141752,,True
3498,27.976066853000248,0.007999447000202053,True,0.0,3.4759654007479934,0.10620822518414551,,True
3499,27.98406686100043,0.00800000800018097,True,0.0,3.4778050473559796,0.11455210249625773,,True
3500,27.992065420000017,0.007998558999588568,True,0.0,3.480055137236058,0.12054291674017735,,True
3501,28.000072429000284,0.008007009000266407,True,0.0,3.4819926940909482,0.12666727323141275,,True
3502,28.00806386100021,0.007991431999926135,True,0.0,3.484230082485196,0.13021487164433512,,True
3503,28.01607346200035,0.00800960100013981,True,0.0,3.48704750756056,0.13304066776900414,,True
3504,28.024059861000296,0.007986398999946687,True,0.0,3.4863241104922453,0.1377602641986808,,True
3505,28.032066871000097,0.008007009999801085,True,0.0,3.4852780844002176,0.1416391566982902,,True
3506,28.040066495000247,0.007999624000149197,True,0.0,3.4890850707883954,0.14194125300429467,,True
3507,28.048103689000072,0.008037193999825831,True,0.0,3.48890752099955,0.14246135279246833,,True
3508,28.05606458400007,0.007960894999996526,True,0.0,3.4868784982218517,0.14395346651952323,,True
3509,28.06410407500016,0.008039491000090493,True,0.0,3.487391472686688,0.1436363763458374,,True
3510,28.072055985000134,0.007951909999974305,True,0.0,3.4828961726333727,0.14338618868058775,,True
3511,28.080068486000073,0.00801250099993922,True,0.0,3.4797399174298733,0.14219504785347184,,True
3512,28.088067094000053,0.007998607999979868,True,0.0,3.4770622577559545,0.14029336386680769,,True
3513,28.096066859000075,0.007999765000022308,True,0.0,3.4718767225015985,0.14018353527780178,,True
3514,28.10407520100034,0.008008342000266566,True,0.0,3.469700630163518,0.13654004794951305,,True
3515,28.11207587900026,0.008000677999916661,True,0.0,3.4659282675091436,0.13566140053674236,,True
3516,28.120063737000237,0.007987857999978587,True,0.0,3.4611361152441145,0.13205327334815448,,True
3517,28.128069758000038,0.008006020999800967,True,0.0,3.4588653830154166,0.1293929350960664,,True
3518,28.13606279700025,0.007993039000211866,True,0.0,3.4541288818489946,0.1268251475135076,,True
3519,28.14407770600019,0.008014908999939507,True,0.0,3.451632163459935,0.12242247060191494,,True
3520,28.152063099000316,0.00798539300012635,True,0.0,3.448046407815858,0.11720140430128669,,True
3521,28.160117838000133,0.008054738999817346,True,0.0,3.4437088358027172,0.11484614728159631,,True
3522,28.16806129400038,0.007943456000248261,True,0.0,3.4403227481912064,0.10968790773520172,,True
3523,28.17606377500033,0.008002480999948602,True,0.0,3.4374337563528963,0.10564356148464496,,True
3524,28.184066064000035,0.008002288999705343,True,0.0,3.4326510751984003,0.10061839117482187,,True
3525,28.19207012400011,0.008004060000075697,True,0.0,3.4303844480875587,0.09499878517563314,,True
3526,28.200066748000154,0.007996624000043084,True,0.0,3.4272462658210734,0.09034690638688143,,True
3527,28.208080174000315,0.008013426000161417,True,0.0,3.423144057640466,0.08567724811986568,,True
3528,28.21606402200041,0.00798384800009444,True,0.0,3.4178211037286466,0.0848800831473081,,True
3529,28.22407486100019,0.00801083899978039,True,0.0,3.415733761283036,0.07911408252694822,,True
3530,28.232063419000042,0.007988557999851764,True,0.0,3.4114516593694817,0.07596855489546163,,True
3531,28.240059832000043,0.007996413000000757,True,0.0,3.4078924075271386,0.06967349778533377,,True
3532,28.248058524000044,0.007998692000001029,True,0.0,3.4043562848811773,0.0681054218781538,,True
3533,28.256074293000438,0.008015769000394357,True,0.0,3.399510252123296,0.06418214480438422,,True
3534,28.264068602000407,0.00799430899996878,True,0.0,3.397740798462719,0.06146249003326402,,True
3535,28.27206444400008,0.007995841999672848,True,0.0,3.3948468767367754,0.05707090698705854,,True
3536,28.280061005000334,0.007996561000254587,True,0.0,3.3915428474551206,0.05648187310495277,,True
3537,28.288067223000326,0.00800621799999135,True,0.0,3.389286742035693,0.0513872877049025,,True
3538,28.296070089000295,0.0080028659999698,True,0.0,3.3871591221307042,0.048634239876260935,,True
3539,28.304063041000063,0.007992951999767683,True,0.0,3.385041331153725,0.047189669424300015,,True
3540,28.31206742300037,0.008004382000308397,True,0.0,3.3821984735573642,0.04632288822411982,,True
3541,28.320063333000235,0.007995909999863215,True,0.0,3.379700946700366,0.04415571141379492,,True
3542,28.328072895000332,0.008009562000097503,True,0.0,3.3770616078583138,0.043523335868734074,,True
3543,28.336063496000406,0.007990601000074093,True,0.0,3.374584102423469,0.041653548772085845,,True
3544,28.34407790000023,0.008014403999823116,True,0.0,3.3729140773439292,0.04020787986071203,,True
3545,28.35206685600042,0.007988956000190228,True,0.0,3.369730824772528,0.041397847324855505,,True
3546,28.36006486000042,0.007998004000000947,True,0.0,3.3685748854178224,0.03916910325128078,,True
3547,28.368066612000348,0.008001751999927365,True,0.0,3.3662315831384233,0.03945096799397956,,True
3548,28.37606688400001,0.0080002719996628,True,0.0,3.363905024516388,0.04059256100856577,,True
3549,28.384067014000266,0.008000130000255012,True,0.0,3.3614553441236215,0.04108474459443323,,True
3550,28.392067280000447,0.008000266000181,True,0.0,3.3595656514491905,0.04033309997206857,,True
3551,28.400070148000395,0.008002867999948649,True,0.0,3.3570829255980557,0.040860481025388765,,True
3552,28.40806661700026,0.007996468999863282,True,0.0,3.3553180784330845,0.04040597930508303,,True
3553,28.416066568000133,0.007999950999874272,True,0.0,3.352649362627331,0.04150602008976325,,True
3554,28.424069630000304,0.008003062000170758,True,0.0,3.351238000773814,0.040701787153740475,,True
3555,28.43206727300003,0.00799764299972594,True,0.0,3.3492429736894613,0.03996327425279956,,True
3556,28.440070026000285,0.008002753000255325,True,0.0,3.347127138538505,0.04036360082516467,,True
3557,28.44806686200036,0.007996836000074836,True,0.0,3.344990826334188,0.04007055832773042,,True
3558,28.456068731000414,0.008001869000054285,True,0.0,3.3429613499499173,0.04008306067802849,,True
3559,28.464068561000204,0.007999829999789654,True,0.0,3.341724898725764,0.038885370904453466,,True
3560,28.47206295900014,0.007994397999937064,True,0.0,3.3396624170868914,0.03884296440772864,,True
3561,28.480068206000396,0.008005247000255622,True,0.0,3.3386904819984835,0.03779379918990924,,True
3562,28.488066993000302,0.00799878699990586,True,0.0,3.335575567876064,0.03893462657762459,,True
3563,28.4960666650004,0.007999672000096325,True,0.0,3.3338359989411464,0.03860371101403462,,True
3564,28.504065577000347,0.007998911999948177,True,0.0,3.3331470696270413,0.03734062793321466,,True
3565,28.512073922000127,0.008008344999780093,True,0.0,3.3302369008465527,0.03861050485246258,,True
3566,28.520074251000096,0.008000328999969497,True,0.0,3.3290929445686257,0.037779189953228855,,True
3567,28.52806053600034,0.007986285000242788,True,0.0,3.3262842220188866,0.03881657412902259,,True
3568,28.536074879000353,0.008014343000013469,True,0.0,3.325564649085786,0.037899522198309124,,True
3569,28.544059733000267,0.007984853999914776,True,0.0,3.3235898602197596,0.03830238985920982,,True
3570,28.55210193200037,0.008042199000101391,True,0.0,3.3222217316165272,0.03842773863856528,,True
3571,28.56006419700043,0.007962265000060142,True,0.0,3.3203917383524444,0.03839303543522892,,True
3572,28.56806737900024,0.008003181999811204,True,0.0,3.3193267696738396,0.03837459010061425,,True
3573,28.576079671000116,0.008012291999875742,True,0.0,3.317366710140938,0.03889222192921331,,True
3574,28.584065400000327,0.007985729000210995,True,0.0,3.3158748454299842,0.0389687473857342,,True
3575,28.592069151000032,0.008003750999705517,True,0.0,3.314922961092381,0.038737272378395866,,True
3576,28.600071484000182,0.00800233300014952,True,0.0,3.3142434191798396,0.037943724464945296,,True
3577,28.608111531000304,0.008040047000122286,True,0.0,3.3136446807376143,0.03827406339465317,,True
3578,28.616059858000426,0.007948327000121935,True,0.0,3.312039138145966,0.03883302669789353,,True
3579,28.624168929999996,0.008109071999570006,True,0.0,3.3099737478654316,0.04006529568492753,,True
3580,28.63206929600028,0.00790036600028543,True,0.0,3.3084856371133253,0.04089962741448221,,True
3581,28.640106687000298,0.008037391000016214,True,0.0,3.307625902625675,0.040628374567333016,,True
3582,28.648102285000277,0.007995597999979509,True,0.0,3.3059147069885886,0.041617557765247976,,True
3583,28.656074380000064,0.00797209499978635,True,0.0,3.304044862729893,0.04247701137044845,,True
3584,28.664100135000353,0.008025755000289791,True,0.0,3.3030678755938907,0.04240993567142305,,True
3585,28.672066742000425,0.007966607000071235,True,0.0,3.301014453280043,0.043742366728204224,,True
3586,28.68006492700033,0.007998184999905789,True,0.0,3.3006425461161624,0.043569503986803676,,True
3587,28.688118966000275,0.008054038999944169,True,0.0,3.2987570492833824,0.04524815039433215,,True
3588,28.69606655000007,0.007947583999794006,True,0.0,3.297941450485639,0.04547818912344803,,True
3589,28.704067000000123,0.008000450000054116,True,0.0,3.2956293125637037,0.04716985722759114,,True
3590,28.712068657000145,0.008001657000022533,True,0.0,3.296607876283059,0.04661185358158713,,True
3591,28.720081529000254,0.008012872000108473,True,0.0,3.2928069720153315,0.048847576608533894,,True
3592,28.72806689900017,0.007985369999914838,True,0.0,3.291632911126584,0.04847887039462418,,True
3593,28.736063557000307,0.007996658000138268,True,0.0,3.289013940608086,0.05140766056020209,,True
3594,28.744063945000107,0.008000387999800296,True,0.0,3.2890462131385414,0.049832978844732194,,True
3595,28.752069003000088,0.008005057999980636,True,0.0,3.28682885052058,0.051271112524578145,,True
3596,28.7600632650001,0.007994262000011076,True,0.0,3.2849168724228868,0.05312630910465062,,True
3597,28.768080824000208,0.008017559000109031,True,0.0,3.2813596710167676,0.054918188271780785,,True
3598,28.77606735900008,0.007986534999872674,True,0.0,3.2795323975018986,0.05535560356803474,,True
3599,28.78407599600041,0.008008637000330054,True,0.0,3.2776303305463177,0.05585712706917056,,True
3600,28.792068993000157,0.007992996999746538,True,0.0,3.2755690433747873,0.05561319878983347,,True
3601,28.80006813600039,0.007999143000233744,True,0.0,3.2738357603021755,0.05558189297365729,,True
3602,28.808067783000297,0.007999646999905963,True,0.0,3.2714584548229975,0.057073229466896705,,True
3603,28.816067038000256,0.007999254999958794,True,0.0,3.26942387083341,0.056819087667597086,,True
3604,28.824066287000278,0.007999249000022246,True,0.0,3.2679245761402047,0.05559471331262024,,True
3605,28.83206426600009,0.007997978999810584,True,0.0,3.2660495977460675,0.05631851073477846,,True
3606,28.840072882000186,0.00800861600009739,True,0.0,3.264319197639831,0.055251390488425714,,True
3607,28.848069086000123,0.00799620399993728,True,0.0,3.26110714923459,0.05776531803502197,,True
3608,28.85607347200039,0.008004386000266095,True,0.0,3.259881491291838,0.05650627047040369,,True
3609,28.864063550000083,0.007990077999693312,True,0.0,3.2588879070059753,0.05519299232967627,,True
3610,28.87206339400018,0.007999844000096346,True,0.0,3.2574525920106434,0.054161955085723586,,True
3611,28.880071243000202,0.00800784900002327,True,0.0,3.2550473553608343,0.054075710393716094,,True
3612,28.88815671600014,0.008085472999937338,True,0.0,3.253616424372993,0.05282969556995105,,True
3613,28.89606777600011,0.007911059999969439,True,0.0,3.2517425536242675,0.05250797886828977,,True
3614,28.904066411000258,0.00799863500014908,True,0.0,3.2492232197757596,0.05404234361595392,,True
3615,28.912070714000038,0.008004302999779611,True,0.0,3.247204320519306,0.05302567797269459,,True
3616,28.920070513000155,0.007999799000117491,True,0.0,3.2463478787477182,0.05174190404808337,,True
3617,28.928068214000177,0.007997701000022062,True,0.0,3.2441991614561916,0.05250540849164447,,True
3618,28.936070358000052,0.008002143999874534,True,0.0,3.242308374042942,0.05135448931032104,,True
3619,28.944097427000088,0.008027069000036136,True,0.0,3.2405513365255,0.05192315125572595,,True
3620,28.9520804470003,0.007983020000210672,True,0.0,3.2384335442941468,0.051904930590514084,,True
3621,28.960068246000446,0.007987799000147788,True,0.0,3.2364291680930135,0.04994433710065009,,True
3622,28.968069308000395,0.008001061999948433,True,0.0,3.2343620194282883,0.05139846684329616,,True
3623,28.97608041700005,0.008011108999653516,True,0.0,3.232017841663058,0.05039820841983823,,True
3624,28.984116186000392,0.008035769000343862,True,0.0,3.230956703116915,0.04993026769684017,,True
3625,28.992100024000138,0.007983837999745447,True,0.0,3.229097483906475,0.04813265877840586,,True
3626,29.000066593000156,0.007966569000018353,True,0.0,3.2273809500185693,0.047658714161303614,,True
3627,29.00806513500038,0.007998542000223097,True,0.0,3.225134850399807,0.04679338767037797,,True
3628,29.01607018300001,0.008005047999631643,True,0.0,3.2242199189483007,0.04466990811170379,,True
3629,29.024066383000445,0.007996200000434328,True,0.0,3.22200335099368,0.045302925416310806,,True
3630,29.032068563000394,0.008002179999948567,True,0.0,3.220952881748204,0.043215559197517996,,True
3631,29.040074007000385,0.008005443999991257,True,0.0,3.2185609214142166,0.043539140704925657,,True
3632,29.0481011210004,0.00802711400001499,True,0.0,3.216604311833167,0.043066972488686864,,True
3633,29.056081157000335,0.007980035999935353,True,0.0,3.2148026037441007,0.04125970484410571,,True
3634,29.06406632800008,0.007985170999745606,True,0.0,3.2131932095290825,0.040181069987609966,,True
3635,29.072066175000145,0.00799984700006462,True,0.0,3.210898626484297,0.040773811432797506,,True
3636,29.080123186000037,0.008057010999891645,True,0.0,3.2091076636564533,0.040750030950287244,,True
3637,29.08808044200032,0.007957256000281632,True,0.0,3.208785948102867,0.03733442811091106,,True
3638,29.09606253100037,0.007982089000051928,True,0.0,3.2051535390165253,0.03956322272577836,,True
3639,29.10407036200013,0.00800783099975888,True,0.0,3.2040856378720433,0.038596454819517234,,True
3640,29.11207026000011,0.007999897999980021,True,0.0,3.2021253023409635,0.038543543613027975,,True
3641,29.120063759000004,0.007993498999894655,True,0.0,3.1987417861740584,0.03979836751853975,,True
3642,29.128072069000154,0.008008310000150232,True,0.0,3.1980969631452445,0.03839779245748359,,True
3643,29.136067034999996,0.007994965999841952,True,0.0,3.196596131399245,0.038330949754484464,,True
3644,29.144074268000168,0.008007233000171254,True,0.0,3.195448445910141,0.038999160971015016,,True
3645,29.15207156700035,0.007997299000180647,True,0.0,3.1943212275031283,0.03910065945927584,,True
3646,29.16006911700015,0.007997549999799958,True,5.421010862427522e-20,3.1970907769688997,0.040311827540082244,,True
3647,29.16808015300012,0.008011035999970773,True,5.421010862427522e-20,3.2036423294841856,0.042728871382051996,,True
3648,29.17607222400011,0.007992070999989664,True,0.0,3.213184706399724,0.044309423899733455,,True
3649,29.184064480000416,0.007992256000306952,True,0.0,3.224390274596648,0.048633640452410344,,True
3650,29.19208178200006,0.008017301999643678,True,0.0,3.2389671656570935,0.053879246602826794,,True
3651,29.200066930000048,0.00798514799998884,True,0.0,3.252646338082486,0.059903224379708346,,True
3652,29.20807066100042,0.008003731000371772,True,0.0,3.271915969284883,0.0662888986905796,,True
3653,29.216061452000304,0.007990790999883757,True,0.0,3.295583727594584,0.0727582541997967,,True
3654,29.224069516000327,0.008008064000023296,True,0.0,3.317881534986483,0.08211463107789045,,True
3655,29.232071611000265,0.008002094999937981,True,0.0,3.347626484492769,0.09149353567696158,,True
3656,29.240065687000424,0.007994076000159112,True,0.0,3.371837424489853,0.10361295682481989,,True
3657,29.248070353000003,0.00800466599957872,True,0.0,3.4039822635869146,0.11290503328359187,,True
3658,29.2561126290002,0.00804227600019658,True,0.0,3.434762484807854,0.12407136271798164,,True
3659,29.264124792000075,0.008012162999875727,True,0.0,3.4597385896412978,0.1378195745789622,,True
3660,29.272073492000345,0.007948700000270037,True,0.0,3.4930461720175203,0.15022858829971616,,True
3661,29.280068189000303,0.00799469699995825,True,0.0,3.527647527219844,0.1641347833197153,,True
3662,29.28806622100001,0.007998031999704835,True,0.0,3.554622852739668,0.17877690020982018,,True
3663,29.296065315000305,0.007999094000297191,True,0.0,3.5969726951229783,0.19119355954091477,,True
3664,29.304067165000106,0.00800184999980047,True,0.0,3.635238294431964,0.20582170597343374,,True
3665,29.31206966500031,0.008002500000202417,True,0.0,3.669014660921907,0.22233599352879974,,True
3666,29.32006801200032,0.007998347000011563,True,0.0,3.705531877365854,0.2369162019019152,,True
3667,29.328068920000078,0.008000907999758056,True,0.0,3.7478764507218636,0.25077541232874073,,True
3668,29.33606749100045,0.007998571000371157,True,0.0,3.777043264036894,0.2676336764893263,,True
3669,29.34406921000027,0.008001718999821605,True,0.0,3.817401467848523,0.2802175085698952,,True
3670,29.35206567100022,0.007996460999947885,True,0.0,3.850264850927511,0.2956656372348147,,True
3671,29.360066950000146,0.008001278999927308,True,0.0,3.8846999477732274,0.3096263001903808,,True
3672,29.368071021000105,0.008004070999959367,True,0.0,3.92863243179248,0.3203047597457531,,True
3673,29.37607483900001,0.00800381799990646,True,0.0,3.965532779427815,0.3344826686974333,,True
3674,29.38406752100036,0.007992682000349305,True,5.421010862427522e-20,4.00247068916594,0.34818381480953847,,True
3675,29.39207761500029,0.008010093999928358,True,0.0,4.045672026331983,0.3601976854301722,,True
3676,29.40006659000028,0.007988974999989296,True,5.421010862427522e-20,4.081870573537123,0.37147947821780697,,True
3677,29.40806714900009,0.008000558999810892,True,0.0,4.121202621618459,0.3802793714323446,,True
3678,29.41606703000025,0.007999881000159803,True,0.0,4.157160723327382,0.3921179182049292,,True
3679,29.424066484000377,0.007999454000128026,True,0.0,4.19118420961324,0.402226920392198,,True
3680,29.432068834000347,0.008002349999969738,True,0.0,4.224426844395446,0.4126687164677949,,True
3681,29.440066141000443,0.007997307000096043,True,0.0,4.259098606570662,0.4224145921812328,,True
3682,29.448065104000307,0.00799896299986358,True,0.0,4.29398399529685,0.43077575462701123,,True
3683,29.456059024000297,0.007993919999989885,True,0.0,4.333507969957229,0.43721485209963484,,True
3684,29.464070145000278,0.008011120999981358,True,0.0,4.364554661699543,0.44706637436891955,,True
3685,29.472063611000067,0.007993465999788896,True,0.0,4.403489387600934,0.4542609855119706,,True
3686,29.4800657830001,0.00800217200003317,True,0.0,4.441320211857038,0.4609055731869307,,True
3687,29.48808013800044,0.008014355000341311,True,0.0,4.479535877336678,0.468720409996307,,True
3688,29.496067537000272,0.007987398999830475,True,0.0,4.519242172049205,0.4758695525974691,,True
3689,29.504059571000198,0.007992033999926207,True,0.0,4.559832877040995,0.48203399865007995,,True
3690,29.512069276000148,0.008009704999949463,True,0.0,4.600436453555216,0.4884384041805144,,True
3691,29.520074425000075,0.00800514899992777,True,8.673617379884035e-19,4.622956849810445,0.4724134993544659,,True
3692,29.52806893700017,0.00799451200009571,True,0.0,4.675511150006067,0.4766070452979632,,True
3693,29.536080456000036,0.008011518999865075,True,0.0,4.721978848629429,0.4812935035918548,,True
3694,29.54406996300031,0.007989507000274898,True,0.0,4.7728640387249355,0.4853563815637706,,True
3695,29.552064040000005,0.007994076999693789,True,0.0,4.8477851368850065,0.5140919450066891,,True
3696,29.56006466000008,0.008000620000075287,True,0.0,4.904847650597827,0.5198096214861586,,True
3697,29.568067154000346,0.00800249400026587,True,0.0,4.9568793959612005,0.5243195862290838,,True
3698,29.57606353600022,0.007996381999873847,True,0.0,5.009772096548233,0.530737478588522,,True
3699,29.584064152000337,0.008000616000117589,True,0.0,5.064414948999108,0.5342372812420672,,True
3700,29.59213294700021,0.008068794999871898,True,0.0,5.114447389225847,0.5393119873079282,,True
3701,29.600068869000097,0.007935921999887796,True,0.0,5.165047003836193,0.5437962958179653,,True
3702,29.608124609000242,0.008055740000145306,True,0.0,5.185017918899645,0.5233308128403925,,True
3703,29.616066532000332,0.007941923000089446,True,0.0,5.2687303717488225,0.5554892362153239,,True
3704,29.62406858600025,0.008002053999916825,True,0.0,5.322621811558719,0.5620952082734669,,True
3705,29.632070369000303,0.008001783000054274,True,0.0,5.372880532790503,0.5665226653983882,,True
3706,29.64006816700021,0.007997797999905742,True,0.0,5.432670273088894,0.5691059321535078,,True
3707,29.64806939600021,0.00800122900000133,True,0.0,5.486290593736405,0.5748258981846737,,True
3708,29.656063949000327,0.007994553000116866,True,0.0,5.53539382116308,0.5805250269023077,,True
3709,29.66413990500041,0.008075956000084261,True,0.0,5.558243332192303,0.5570905674449342,,True
3710,29.67207046800013,0.00793056299971795,True,0.0,5.6447611269882,0.591977769589934,,True
3711,29.680061952000415,0.007991484000285709,True,0.0,5.701994770954463,0.5966897192591301,,True
3712,29.688079760000164,0.008017807999749493,True,0.0,5.720027089773797,0.5678574889062494,,True
3713,29.696066911000344,0.007987151000179438,True,0.0,5.807893000015779,0.6040957033283711,,True
3714,29.704080463000082,0.00801355199973841,True,0.0,5.85755648975937,0.6096632382030142,,True
3715,29.712068911000188,0.007988448000105564,True,0.0,5.906485249958307,0.6155785850748315,,True
3716,29.7200673010002,0.007998390000011568,True,0.0,5.9602106154425,0.6187465403076289,,True
3717,29.728072155000064,0.008004853999864281,True,0.0,6.004694872242263,0.6235276958982461,,True
3718,29.736066339000445,0.00799418400038121,True,0.0,6.045602203693836,0.6300683716264025,,True
3719,29.744071084000097,0.008004744999652758,True,8.673617379884035e-19,6.0965842948054245,0.6338652236390115,,True
3720,29.75210012000025,0.0080290360001527,True,0.0,6.096925003646866,0.6067915634093994,,True
3721,29.760065429000406,0.007965309000155685,True,0.0,6.183236281843719,0.6457853287374654,,True
3722,29.768069761000334,0.008004331999927672,True,0.0,6.231555672977675,0.6499170930035276,,True
3723,29.776062775000355,0.007993014000021503,True,0.0,6.275195880389989,0.6566411155436626,,True
3724,29.78407896200042,0.008016187000066566,True,0.0,6.283591632708937,0.6274291397598255,,True
3725,29.79207619600038,0.007997233999958553,True,0.0,6.332079141309133,0.6330540718557532,,True
3726,29.800090277000436,0.00801408100005574,True,0.0,6.384349109550136,0.6392917135820388,,True
3727,29.80807570700017,0.00798542999973506,True,0.0,6.4365886417725235,0.6439666148969998,,True
3728,29.81606911000017,0.007993403000000399,True,0.0,6.522174543963888,0.6853800313195013,,True
3729,29.82411219700043,0.00804308700026013,True,0.0,6.564961187356787,0.6921057246973472,,True
3730,29.832069498000237,0.007957300999805739,True,0.0,6.6155556820739,0.6979206571899104,,True
3731,29.840063293000185,0.007993794999947568,True,0.0,6.669023265858694,0.7043718887086581,,True
3732,29.848069154000314,0.008005861000128789,True,0.0,6.701870261808187,0.671965365309675,,True
3733,29.856116601000394,0.008047447000080865,True,0.0,6.762660128364223,0.6755531531233704,,True
3734,29.864062207000188,0.00794560599979377,True,0.0,6.822598204934935,0.6799588505452966,,True
3735,29.872115019000375,0.00805281200018726,True,0.0,6.883200165259432,0.6836134008202492,,True
3736,29.88010030600026,0.007985286999883101,True,0.0,6.949078181568967,0.6865432169087452,,True
3737,29.888080727000215,0.00798042099995655,True,0.0,7.006520099080467,0.6894480802856585,,True
3738,29.89606397200032,0.007983245000104944,True,0.0,7.091191376917848,0.7326759889045174,,True
3739,29.90411378500039,0.008049813000070571,True,0.0,7.134307389164849,0.6926906017819724,,True
3740,29.912066343000333,0.007952557999942655,True,0.0,7.1915210742059985,0.6939926494893338,,True
3741,29.920075541000188,0.008009197999854223,True,0.0,7.254861328633698,0.6953280015835467,,True
3742,29.928102845000012,0.008027303999824653,True,0.0,7.310952710507125,0.6985380262465708,,True
3743,29.93606374700039,0.007960902000377246,True,0.0,7.394134372973396,0.7418385179187823,,True
3744,29.944067973000074,0.008004225999684422,True,0.0,7.436340328555736,0.6998700002798914,,True
3745,29.952065758000117,0.007997785000043223,True,0.0,7.497361661119467,0.7015180691217695,,True
3746,29.960078360000352,0.008012602000235347,True,0.0,7.558447689556674,0.7024486196422013,,True
3747,29.968079248000322,0.008000887999969564,True,0.0,7.618558789096729,0.7021693327152189,,True
3748,29.976121792000413,0.008042544000090857,True,0.0,7.677860803333667,0.7018424909978709,,True
3749,29.98407655100027,0.007954758999858313,True,0.0,7.727572998550265,0.7037560597621972,,True
3750,29.99206178200029,0.007985231000020576,True,0.0,7.808528973830864,0.7473335523181383,,True
3751,30.000070187000347,0.008008405000055063,True,0.0,7.859995849443451,0.7479825107510081,,True
3752,30.00806794900018,0.00799776199983171,True,0.0,7.88858542837248,0.7080075921468927,,True
3753,30.016074745000424,0.008006796000245231,True,0.0,7.945013299259205,0.7108107479438648,,True
3754,30.024066892000064,0.007992146999640681,True,0.0,8.024435064694549,0.7547922119314605,,True
3755,30.032065697000235,0.00799880500017025,True,0.0,8.084893699163922,0.7579765431411135,,True
3756,30.040061911000066,0.007996213999831525,True,0.0,8.147370918353417,0.7599227436190752,,True
3757,30.04807149000044,0.008009579000372469,True,0.0,8.195051923455113,0.7192900991815406,,True
3758,30.05606756000043,0.00799606999999014,True,0.0,8.2600334213906,0.7212445456478707,,True
3759,30.06407179300004,0.008004232999610394,True,0.0,8.323571554092068,0.7215174860805972,,True
3760,30.07207175600024,0.007999963000202115,True,0.0,8.395527670972616,0.7201241505326786,,True
3761,30.080102601000362,0.00803084500012119,True,0.0,8.459259256246122,0.7222841353687328,,True
3762,30.088102684000205,0.008000082999842562,True,0.0,8.520325613156748,0.7243072020726385,,True
3763,30.09606323900016,0.007960554999954184,True,0.0,8.599413223550572,0.7690632365244553,,True
3764,30.104081593000046,0.00801835399988704,True,0.0,8.651992721998065,0.7241692290927516,,True
3765,30.11211937400003,0.008037780999984534,True,0.0,8.727184302097616,0.7223656493031392,,True
3766,30.120067785000174,0.007948411000143096,True,0.0,8.805407005069906,0.7669468864586136,,True
3767,30.128117101000043,0.008049315999869577,True,0.0,8.873602252244465,0.7171994747153897,,True
3768,30.136083325000072,0.007966224000028888,True,0.0,8.951224800567516,0.7615911427995959,,True
3769,30.144070406000083,0.007987081000010221,True,0.0,9.007250289817831,0.7121473502123875,,True
3770,30.152069986000242,0.007999580000159767,True,0.0,9.06721333746216,0.7092807182742411,,True
3771,30.16011474400011,0.008044757999869034,True,0.0,9.134578412197037,0.706639568800093,,True
3772,30.168070082000213,0.00795533800010162,True,0.0,9.186483841750205,0.704436289555336,,True
3773,30.1760700130003,0.00799993100008578,True,0.0,9.248390901694682,0.7007448883547587,,True
3774,30.184069614000236,0.007999600999937684,True,8.673617379884035e-19,9.30813859785091,0.697052852631439,,True
3775,30.192068117000417,0.00799850300018079,True,0.0,9.365660951697318,0.6925813275346773,,True
3776,30.200075332000324,0.008007214999906864,True,0.0,9.42144934727069,0.6880793023125245,,True
3777,30.208118998000373,0.008043666000048688,True,0.0,9.480587197059293,0.6833628898197777,,True
3778,30.216104574000383,0.007985576000010042,True,0.0,9.53510179001926,0.6779194269303783,,True
3779,30.22412778800026,0.008023213999877044,True,0.0,9.5863794259505,0.6726885801325986,,True
3780,30.23206957800039,0.007941790000131732,True,0.0,9.64459656538848,0.7107489880205986,,True
3781,30.240076928000235,0.008007349999843427,True,0.0,9.691942670275836,0.6587473346035482,,True
3782,30.248105654000028,0.008028725999793096,True,0.0,9.745161346784224,0.6492572168678882,,True
3783,30.25610339900004,0.007997745000011491,True,0.0,9.806342253252428,0.6385937356660596,,True
3784,30.264072577000206,0.007969178000166721,True,0.0,9.864996708108276,0.6260126270329119,,True
3785,30.272069525000006,0.007996947999799886,True,0.0,9.917750989616648,0.6141695565967741,,True
3786,30.280066484000145,0.007996959000138304,True,0.0,9.968642982938489,0.5987477533029264,,True
3787,30.288118532000226,0.008052048000081413,True,0.0,10.015929415947047,0.5838890868136322,,True
3788,30.296073955000338,0.007955423000112205,True,0.0,10.064044517492817,0.5656606981183051,,True
3789,30.304068740000275,0.00799478499993711,True,0.0,10.107528454797498,0.548483105424114,,True
3790,30.312072813000214,0.008004072999938217,True,0.0,10.144143992510388,0.52849413209305,,True
3791,30.32006682300016,0.007994009999947593,True,0.0,10.175060347449474,0.5095252244966351,,True
3792,30.328071556000396,0.00800473300023441,True,0.0,10.206361754866302,0.4903452254515607,,True
3793,30.33608627600006,0.008014719999664521,True,0.0,10.232204367494672,0.4701674063966841,,True
3794,30.344069619000038,0.00798334299997805,True,1.0842021724855044e-19,10.254007008184084,0.44891283749231137,,True
3795,30.35210207900036,0.008032460000322317,True,5.421010862427522e-20,10.271911587069265,0.42609417563475444,,True
3796,30.360065320000103,0.007963240999742993,True,1.0842021724855044e-19,10.293913387552012,0.4024116053544766,,True
3797,30.368061821000083,0.007996500999979617,True,5.421010862427522e-20,10.302628082654449,0.3805960722123088,,True
3798,30.37608168800034,0.008019867000257364,True,8.673617379884035e-19,10.316693629570718,0.3559920850897156,,True
3799,30.38407248700014,0.007990798999799154,True,0.0,10.32744467121707,0.33170027905509897,,True
3800,30.39212419500018,0.00805170800003907,True,0.0,10.332150550071427,0.3085089110161159,,True
3801,30.400063735000003,0.007939539999824774,True,0.0,10.340095915291823,0.2865288718848835,,True
3802,30.40810811600022,0.008044381000217982,True,0.0,10.350140004967335,0.26333293492924725,,True
3803,30.41606655600026,0.007958440000038536,True,2.168404344971009e-19,10.363253728148315,0.23818765634672237,,True
3804,30.424059507000038,0.007992950999778259,True,0.0,10.369115672723549,0.21709511128440234,,True
3805,30.43206676400041,0.008007257000372192,True,0.0,10.366425969219717,0.22587045795789068,,True
3806,30.440078128000096,0.008011363999685273,True,0.0,10.37617486519855,0.17819673315292656,,True
3807,30.448059478000232,0.007981350000136445,True,0.0,10.37386313970774,0.16156556914621825,,True
3808,30.456107693000376,0.00804821500014441,True,0.0,10.37790923398227,0.1429712555605793,,True
3809,30.46406039400017,0.007952700999794615,True,0.0,10.382351708890422,0.1280470567174925,,True
3810,30.47210513300024,0.008044739000069967,True,0.0,10.385223613811295,0.11432547677827176,,True
3811,30.480069877000005,0.007964743999764323,True,0.0,10.379651709391316,0.11919367082746361,,True
3812,30.488066561000323,0.007996684000318055,True,1.3552527156068805e-20,10.395880908254213,0.08972293184631021,,True
3813,30.49607633200003,0.008009770999706234,True,0.0,10.399376083441451,0.08333269285718109,,True
3814,30.50406657700023,0.007990245000200957,True,1.3552527156068805e-20,10.402079629517056,0.08064246335599953,,True
3815,30.512069971000074,0.008003393999842956,True,0.0,10.405308110444267,0.07974574497593817,,True
3816,30.520074175000445,0.008004204000371828,True,0.0,10.406577982894792,0.08356505306676244,,True
3817,30.528065677000086,0.007991501999640604,True,0.0,10.409447879172884,0.08775779519149397,,True
3818,30.536072809000416,0.008007132000329875,True,0.0,10.407125850479238,0.09430197143923293,,True
3819,30.54406748800011,0.00799467899969386,True,0.0,10.408435391977921,0.10202214165315723,,True
3820,30.55206804200043,0.008000554000318516,True,0.0,10.411383475019234,0.10949573582270294,,True
3821,30.56008410600043,0.008016064000003098,True,0.0,10.407751424430318,0.11630132464636303,,True
3822,30.568061655000292,0.007977548999861028,True,0.0,10.40790306375398,0.1235280190020935,,True
3823,30.576106919000267,0.00804526399997485,True,0.0,10.406688419219192,0.13112224594993657,,True
3824,30.584068443000433,0.00796152400016581,True,0.0,10.402455965291903,0.1366403906675349,,True
3825,30.59207359300035,0.008005149999917194,True,0.0,10.397494314852585,0.14173388666560088,,True
3826,30.600077731000056,0.008004137999705563,True,0.0,10.392889639930655,0.14668253707406254,,True
3827,30.608072477000405,0.00799474600034955,True,0.0,10.388073376219943,0.15093487560375352,,True
3828,30.616069068000343,0.007996590999937325,True,0.0,10.38091185315112,0.15390724083039176,,True
3829,30.624069068000153,0.007999999999810825,True,0.0,10.373798030878433,0.15617756048062612,,True
3830,30.63206475900006,0.007995690999905491,True,0.0,10.367609646553896,0.1594430514627737,,True
3831,30.64012741400029,0.008062655000230734,True,0.0,10.360991612254418,0.1618489949767804,,True
3832,30.648087813000075,0.007960398999784957,True,0.0,10.353747203497615,0.16402529578551017,,True
3833,30.656060791000073,0.007972977999997966,True,0.0,10.342378849642191,0.16351247297084792,,True
3834,30.664069868000297,0.008009077000224352,True,0.0,10.335859849938048,0.16621950758938034,,True
3835,30.672060928000064,0.007991059999767458,True,0.0,10.324517991421375,0.16338963468292747,,True
3836,30.68006795300016,0.008007025000097201,True,0.0,10.318037878008829,0.16627938692702912,,True
3837,30.688069883000026,0.008001929999863933,True,0.0,10.305485788985637,0.16120685307105667,,True
3838,30.69606702200008,0.007997139000053721,True,0.0,10.299054647848756,0.1642528857586942,,True
3839,30.704154216999996,0.008087194999916392,True,0.0,10.288661662942705,0.16210148892656312,,True
3840,30.71206549200042,0.007911275000424212,True,0.0,10.277260497006525,0.15944023066877944,,True
3841,30.720077884000148,0.008012391999727697,True,0.0,10.265402509749267,0.15540709713677398,,True
3842,30.728066152000338,0.007988268000190146,True,0.0,10.252786255583198,0.15109875949168314,,True
3843,30.736121301000367,0.008055149000028905,True,0.0,10.233441900108293,0.13846153955291696,,True
3844,30.744067603000076,0.007946301999709249,True,0.0,10.227198771587078,0.1418809012895263,,True
3845,30.75206111300031,0.007993510000233073,True,0.0,10.213455031877908,0.135031808729848,,True
3846,30.76007239100045,0.00801127800014001,True,0.0,10.19969093622784,0.13027728055833018,,True
3847,30.76806599800011,0.007993606999662006,True,0.0,10.17599445887867,0.11410058966979596,,True
3848,30.776064312000017,0.007998313999905804,True,0.0,10.161029000119708,0.10898554701538186,,True
3849,30.784062454000377,0.00799814200036053,True,0.0,10.14560966128359,0.10191453776828051,,True
3850,30.792074714000137,0.008012259999759408,True,0.0,10.130066671969164,0.09627827950169467,,True
3851,30.80006606500001,0.007991350999873248,True,0.0,10.115419616184793,0.09002607493320432,,True
3852,30.808079309000277,0.00801324400026715,True,0.0,10.10925883988734,0.09386803591937053,,True
3853,30.81606402200032,0.007984713000041666,True,0.0,10.093048024237156,0.08761949453650264,,True
3854,30.82409604300028,0.008032020999962697,True,0.0,10.076243843962034,0.08106939873330651,,True
3855,30.832067941000332,0.007971898000050714,True,0.0,10.061308825197246,0.07489239589295157,,True
3856,30.840113040000233,0.008045098999900802,True,0.0,10.044528767527746,0.06960292242749717,,True
3857,30.848066181000377,0.00795314100014366,True,0.0,10.02875010359639,0.06376208259619244,,True
3858,30.856072335000135,0.00800615399975868,True,0.0,10.003378746653388,0.04844543499342171,,True
3859,30.864059964000262,0.007987629000126617,True,0.0,9.988855838698557,0.04375653447755122,,True
3860,30.872066712000105,0.008006747999843356,True,0.0,9.97261121271293,0.03811883464795421,,True
3861,30.880068531000234,0.008001819000128307,True,0.0,9.957770915488757,0.03463575436467877,,True
3862,30.888065616000404,0.007997085000170046,True,0.0,9.943044581132947,0.029776656586849953,,True
3863,30.89606956100033,0.008003944999927626,True,0.0,9.928400807409249,0.024843371081583077,,True
3864,30.904065293000258,0.007995731999926647,True,0.0,9.914020783952425,0.022372733447795046,,True
3865,30.912067174000185,0.00800188099992738,True,0.0,9.898487099815808,0.017763940777723822,,True
3866,30.920066711000345,0.007999537000159762,True,0.0,9.884798746658673,0.014374954220454974,,True
3867,30.92806683400022,0.008000122999874293,True,0.0,9.869527825628674,0.012969817628947325,,True
3868,30.936067441000432,0.008000607000212767,True,0.0,9.86337651413998,0.01719593361868862,,True
3869,30.94407398600015,0.008006544999716425,True,0.0,9.850126978309904,0.01526994439714122,,True
3870,30.952067305000128,0.007993318999979238,True,0.0,9.834996661016287,0.014496269212461358,,True
3871,30.96006124500036,0.007993940000233124,True,0.0,9.820943020974633,0.014386142408132884,,True
3872,30.968066159000045,0.008004913999684504,True,0.0,9.807166905453355,0.01497606126889477,,True
3873,30.976101307000135,0.008035148000089976,True,0.0,9.786018719833582,0.017750641480156978,,True
3874,30.984066410000196,0.00796510300006048,True,0.0,9.773370847082317,0.01888950870057397,,True
3875,30.992067812000187,0.008001401999990776,True,0.0,9.76240966624286,0.01855968722758552,,True
3876,31.0000683090002,0.00800049700001182,True,0.0,9.751432291115059,0.019422756687094693,,True
3877,31.008060466000188,0.007992156999989675,True,0.0,9.73921906137268,0.021002808308122713,,True
3878,31.01606995300017,0.008009486999981164,True,0.0,9.728256393918272,0.02275066061089016,,True
3879,31.02406837100034,0.007998418000170204,True,0.0,9.717420299680251,0.022439005252583095,,True
3880,31.032081355000173,0.008012983999833523,True,0.0,9.705714986843793,0.023771611987908798,,True
3881,31.04017038400025,0.008089029000075243,True,0.0,9.696051042478196,0.02348810155428972,,True
3882,31.048060287000226,0.007889902999977494,True,0.0,9.68480435229028,0.026307626278093264,,True
3883,31.05608424800039,0.008023961000162672,True,0.0,9.67487303091989,0.026588151551729063,,True
3884,31.064061760000186,0.00797751199979757,True,0.0,9.668671525413968,0.028014614376919968,,True
3885,31.072139203000006,0.00807744299982005,True,0.0,9.6546064280869,0.028307149378708287,,True
3886,31.080070850000084,0.007931647000077646,True,0.0,9.648421465696579,0.030210969785300454,,True
3887,31.088068118000137,0.007997268000053737,True,0.0,9.637971635826695,0.03152864335705264,,True
3888,31.096066837000308,0.00799871900017024,True,0.0,9.624471518682364,0.033319100214326165,,True
3889,31.104069102000267,0.008002264999959152,True,0.0,9.613755204757034,0.035434761532156064,,True
3890,31.112064937000014,0.007995834999746876,True,0.0,9.604887921453184,0.03746558860916028,,True
3891,31.12006490800013,0.007999971000117512,True,0.0,9.594302277942475,0.0388639138850738,,True
3892,31.128069297000366,0.008004389000234369,True,0.0,9.584429906669932,0.03874042414867127,,True
3893,31.13614598700042,0.008076690000052622,True,0.0,9.575056090739693,0.03913988763426223,,True
3894,31.144061327000145,0.007915339999726712,True,0.0,9.565666711440164,0.04036347750884731,,True
3895,31.15207783200003,0.00801650499988682,True,0.0,9.555689124940832,0.041665157375897786,,True
3896,31.16006557000037,0.00798773800033814,True,0.0,9.546303201783504,0.042028340953751776,,True
3897,31.168066961000022,0.008001390999652358,True,0.0,9.536745166577974,0.04296416222072676,,True
3898,31.176072297000246,0.008005336000223906,True,0.0,9.526493716434427,0.04506056702875465,,True
3899,31.184067039000183,0.007994741999937105,True,0.0,9.517264487153332,0.04756108246322675,,True
3900,31.192064206000396,0.007997167000212357,True,0.0,9.508202789983324,0.05059379753404814,,True
3901,31.20006738500024,0.00800317899984293,True,0.0,9.498013484103105,0.05121806911411441,,True
3902,31.20806726300043,0.00799987800019153,True,0.0,9.489179551704444,0.05389404475671649,,True
3903,31.216063433000272,0.007996169999842095,True,0.0,9.478634416184613,0.056787272527784656,,True
3904,31.22406818000036,0.008004747000086354,True,0.0,9.47027970268764,0.058633807572079345,,True
3905,31.23209659000031,0.008028409999951691,True,0.0,9.461183806705304,0.06174055217660563,,True
3906,31.240156063000086,0.008059472999775608,True,0.0,9.451315084510897,0.0643468426456125,,True
3907,31.248065191000023,0.007909127999937482,True,0.0,9.44229879911874,0.06430619937210001,,True
3908,31.25608187800026,0.008016687000235834,True,0.0,9.43372151515424,0.06597562118571397,,True
3909,31.2640680100003,0.007986132000041835,True,0.0,9.424097689023496,0.06725409829365124,,True
3910,31.272061015000418,0.007993005000116682,True,0.0,9.41401013658576,0.06825270932851336,,True
3911,31.280067864000102,0.008006848999684735,True,0.0,9.404960201631138,0.06873839336831887,,True
3912,31.288101503000235,0.008033639000132098,True,0.0,9.396771794333906,0.07099168268166976,,True
3913,31.296070919000158,0.007969415999923513,True,0.0,9.386817841316553,0.07106001404105058,,True
3914,31.304064871000264,0.00799395200010622,True,0.0,9.378282156043369,0.0734557579286443,,True
3915,31.31207172700033,0.008006856000065454,True,0.0,9.368037442253843,0.07772715435580049,,True
3916,31.32006921400034,0.00799748700001146,True,0.0,9.35964385428995,0.07782306841027986,,True
3917,31.32807354500028,0.008004330999938247,True,0.0,9.349779540039842,0.07680225084220128,,True
3918,31.336065751000206,0.007992205999926227,True,0.0,9.339230597864706,0.07472174411841927,,True
3919,31.3440691830001,0.008003431999895838,True,0.0,9.329822792879794,0.0743711554866376,,True
3920,31.3520651810004,0.007995998000296822,True,0.0,9.320952412799723,0.07354322183956034,,True
3921,31.360068184000284,0.008003002999885211,True,0.0,9.311449983274818,0.07167815434517955,,True
3922,31.36812701000008,0.008058825999796682,True,0.0,9.30188468658941,0.07096686033952941,,True
3923,31.37607416400033,0.007947154000248702,True,0.0,9.291901486280294,0.06940143862163517,,True
3924,31.384075552000013,0.008001387999684084,True,0.0,9.281745562623675,0.06894893836001355,,True
3925,31.392072262000056,0.007996710000043095,True,0.0,9.273419881611705,0.06824342107894382,,True
3926,31.400099183000293,0.008026921000237053,True,0.0,9.262634749413767,0.06556306271306983,,True
3927,31.408065933000216,0.007966749999923195,True,0.0,9.253996100660457,0.06650612558901324,,True
3928,31.416068497000197,0.008002563999980339,True,0.0,9.243932861434997,0.0649068149870283,,True
3929,31.424064135000208,0.00799563800001124,True,0.0,9.234323978113885,0.06364191649357302,,True
3930,31.432067636000284,0.00800350100007563,True,0.0,9.22529773569797,0.06452960641174954,,True
3931,31.440077510000265,0.00800987399998121,True,0.0,9.214737951289637,0.062989600002254,,True
3932,31.448025372000302,0.007947862000037276,True,0.0,9.204994050054653,0.06234616651059381,,True
3933,31.456072212000436,0.00804684000013367,True,0.0,9.19562602380736,0.06224417049804447,,True
3934,31.46406865400013,0.00799644199969407,True,0.0,9.185616554034695,0.06074580981879445,,True
3935,31.47207398200044,0.00800532800030851,True,0.0,9.17556497136483,0.06146397438858817,,True
3936,31.480068634000418,0.007994651999979396,True,0.0,9.167294426217486,0.0624501535189621,,True
3937,31.488064236000355,0.007995601999937207,True,0.0,9.156328567903714,0.060520142272091224,,True
3938,31.496069333000378,0.008005097000022943,True,0.0,9.14531105003624,0.05824758966453062,,True
3939,31.504065732000072,0.007996398999694065,True,0.0,9.135887178423463,0.05716264879169146,,True
3940,31.512070592000327,0.008004860000255576,True,0.0,9.127337240091405,0.056817513467103696,,True
3941,31.520077173000118,0.008006580999790458,True,0.0,9.11705121516505,0.05542674356933177,,True
3942,31.528067825000107,0.007990651999989495,True,0.0,9.10657197398951,0.05479007045102555,,True
3943,31.536071627000183,0.008003802000075666,True,0.0,9.096830913857287,0.054058170343476396,,True
3944,31.544064894000257,0.007993267000074411,True,0.0,9.086487279745885,0.052529838466645856,,True
3945,31.55206536600008,0.008000471999821457,True,0.0,9.077255390940815,0.05195643899750049,,True
3946,31.56006733500044,0.008001969000360987,True,0.0,9.065624801849163,0.049865790491510915,,True
3947,31.568066355000155,0.007999019999715529,True,0.0,9.056851600666008,0.05060865541566251,,True
3948,31.576064124000368,0.007997769000212429,True,0.0,9.046338123475103,0.04868242278366439,,True
3949,31.584064601000136,0.00800047699976858,True,0.0,9.03713554375151,0.04939182113342148,,True
3950,31.5921028810003,0.008038280000164377,True,0.0,9.027881414430288,0.04915673275522019,,True
3951,31.60006830600014,0.007965424999838433,True,0.0,9.01845897505158,0.049230754542204755,,True
3952,31.608066845000394,0.007998539000254823,True,0.0,9.008424246771552,0.04814757818078596,,True
3953,31.616066075000163,0.007999229999768431,True,0.0,8.998423078498128,0.04814039452491283,,True
3954,31.62407088300006,0.008004807999896002,True,0.0,8.988709635570679,0.048108464794416876,,True
3955,31.632066096000017,0.007995212999958312,True,0.0,8.980650441919087,0.04841298457551677,,True
3956,31.640064499000346,0.007998403000328835,True,0.0,8.97011854019574,0.04690994012735133,,True
3957,31.64806416900001,0.007999669999662729,True,0.0,8.961983538186727,0.04811534902114541,,True
3958,31.656136333000177,0.008072164000168414,True,0.0,8.951877905615598,0.047326832479334335,,True
3959,31.66406576700001,0.007929433999834146,True,0.0,8.942431016000267,0.04698883751184315,,True
3960,31.672098989000006,0.008033221999994566,True,0.0,8.931878833963845,0.046473045881219484,,True
3961,31.680066344000352,0.007967355000346288,True,0.0,8.922079123205412,0.04689636809117186,,True
3962,31.688101836000442,0.008035492000090017,True,0.0,8.913352913748763,0.047199724607363165,,True
3963,31.696064693000153,0.00796285699971122,True,0.0,8.904086019620111,0.04815115774493165,,True
3964,31.704068445000303,0.008003752000149689,True,0.0,8.894865821800328,0.04799256986200561,,True
3965,31.712067451000166,0.007999005999863584,True,0.0,8.884439961750907,0.047754103166611626,,True
3966,31.7200660110002,0.00799856000003274,True,0.0,8.875938671556959,0.04867048754258795,,True
3967,31.728071089000423,0.008005078000223875,True,0.0,8.866043368179133,0.04914243536294411,,True
3968,31.7360658460002,0.007994756999778474,True,0.0,8.856686039245758,0.04810902979108776,,True
3969,31.74406652200014,0.008000675999937812,True,0.0,8.846694092698002,0.04969807594365118,,True
3970,31.752074472000004,0.00800794999986465,True,0.0,8.838259090597482,0.05007636599506199,,True
3971,31.760116778000338,0.008042306000334065,True,0.0,8.829080068315214,0.049959805634531645,,True
3972,31.76806770500025,0.007950926999910735,True,0.0,8.823189092023696,0.053709032849442506,,True
3973,31.776090190000104,0.008022484999855806,True,0.0,8.810103238201995,0.049608476258911946,,True
3974,31.78406571600044,0.007975526000336686,True,0.0,8.801564619700793,0.04907929547124533,,True
3975,31.7920655300004,0.00799981399995886,True,0.0,8.791808877435614,0.04859906502814788,,True
3976,31.80006845600019,0.008002925999790023,True,0.0,8.783871307013111,0.0480015896515102,,True
3977,31.80806657200037,0.007998116000180744,True,0.0,8.774853383841531,0.04791430379899184,,True
3978,31.81606947900036,0.008002906999990955,True,0.0,8.765333449815556,0.04857565850815339,,True
3979,31.824059373000182,0.007989893999820197,True,0.0,8.755958574011252,0.048493262783976414,,True
3980,31.8320693390001,0.008009965999917767,True,0.0,8.748257912175351,0.04870675226960042,,True
3981,31.840064654000344,0.007995315000243863,True,0.0,8.73999229989968,0.05091538627324767,,True
3982,31.84806874700007,0.008004092999726709,True,0.0,8.730086350072998,0.05240582330731545,,True
3983,31.85610989700035,0.00804115000028105,True,0.0,8.72298828598519,0.05220896680840982,,True
3984,31.864066724000168,0.007956826999816258,True,0.0,8.713619522175277,0.05234753427883671,,True
3985,31.87209085600034,0.008024132000173267,True,0.0,8.705381889760298,0.0530369214891921,,True
3986,31.88006549800002,0.007974641999680898,True,0.0,8.696435476456264,0.05291724808970521,,True
3987,31.88810676600042,0.008041268000397395,True,0.0,8.688223065496913,0.05285476332854345,,True
3988,31.89606140800015,0.007954641999731393,True,0.0,8.680936785218032,0.05502623381425538,,True
3989,31.90407188900008,0.008010480999928404,True,0.0,8.67159990555351,0.055649061533485165,,True
3990,31.91207149500042,0.007999606000339554,True,0.0,8.66325762374132,0.05555623822625419,,True
3991,31.92006247800009,0.00799098299967227,True,0.0,8.655699252904778,0.05635836538751512,,True
3992,31.928066811000008,0.008004332999917096,True,0.0,8.645687402532314,0.05419752018809741,,True
3993,31.936067855000147,0.00800104400013879,True,0.0,8.636914837282992,0.054811193188948094,,True
3994,31.944066425000074,0.007998569999926985,True,0.0,8.629253400598104,0.05529956834460268,,True
3995,31.952062834000117,0.007996409000043059,True,0.0,8.620101079019898,0.05490359460633426,,True
3996,31.96006617000012,0.008003336000001582,True,0.0,8.612284424978583,0.05492908098683224,,True
3997,31.968075201000374,0.008009031000256073,True,0.0,8.602494822190843,0.0548421853913055,,True
3998,31.976072362000195,0.007997160999821062,True,0.0,8.594819946952265,0.0548508836179663,,True
3999,31.984063903000333,0.007991541000137659,True,0.0,8.586636597560583,0.055561765466074914,,True
4000,31.992069548000018,0.008005644999684591,True,0.0,8.577989828956891,0.054035564245901474,,True
4001,32.0000643620001,0.00799481400008517,True,0.0,8.569480665235563,0.05389533914295537,,True
4002,32.008062849,0.007998486999895249,True,0.0,8.560025236070961,0.05366784054032138,,True
4003,32.01607195000042,0.00800910100042529,True,0.0,8.554208761832873,0.057334557967134235,,True
4004,32.02406724600041,0.007995295999990049,True,0.0,8.542786385470317,0.05469739026819434,,True
4005,32.032069671000045,0.00800242499963133,True,0.0,8.53425182111255,0.05481843295691438,,True
4006,32.04006805900008,0.007998388000032719,True,0.0,8.528449417426506,0.05840576222880632,,True
4007,32.0480653970003,0.007997338000222953,True,0.0,8.51820817223438,0.05439284408245207,,True
4008,32.056062792000375,0.007997395000074903,True,0.0,8.509642558907473,0.05287585109950381,,True
4009,32.06406784900037,0.008005056999991211,True,0.0,8.503861219439536,0.0565449186964361,,True
4010,32.07208404600033,0.008016196999960812,True,0.0,8.495365244422963,0.0567102303481215,,True
4011,32.08006529100021,0.00798124499988262,True,0.0,8.484656858832178,0.05121181170405731,,True
4012,32.0880742420004,0.00800895100019261,True,0.0,8.47637878745984,0.04986965288244952,,True
4013,32.096066817000064,0.007992574999661883,True,0.0,8.470624136933688,0.05371792807709551,,True
4014,32.104074981000394,0.008008164000329998,True,0.0,8.459049953790334,0.04899221663151749,,True
4015,32.112067371000194,0.007992389999799343,True,0.0,8.453295140659499,0.05286499355552144,,True
4016,32.12006211400012,0.00799474299992653,True,0.0,8.444107381096785,0.05314965552747758,,True
4017,32.12807030100021,0.008008187000086764,True,0.0,8.432391940225388,0.050170669164372586,,True
4018,32.13606739600027,0.007997095000064292,True,0.0,8.423879077249197,0.05084450736767427,,True
4019,32.14407153300044,0.008004137000170886,True,0.0,8.415204051151871,0.05201384164546095,,True
4020,32.152064217000316,0.007992683999873407,True,0.0,8.407416387488812,0.05328905557410844,,True
4021,32.16006524900013,0.008001031999810948,True,0.0,8.399432120962167,0.05653053164511789,,True
4022,32.16806299200016,0.007997743000032642,True,0.0,8.390871517586877,0.05632382987512279,,True
4023,32.17606547200012,0.008002479999959178,True,0.0,8.382343151675741,0.05668448918843646,,True
4024,32.184064585000215,0.007999113000096258,True,0.0,8.374166925395567,0.05697443245124313,,True
4025,32.19207324300032,0.008008658000107971,True,0.0,8.366078859035591,0.05785068072113003,,True
4026,32.20006837400024,0.007995130999916,True,0.0,8.358714395492063,0.0580724552148392,,True
4027,32.20807463100027,0.008006257000033656,True,0.0,8.350534340789347,0.05836199739915821,,True
4028,32.21606405200009,0.00798942099982014,True,0.0,8.3418551650883,0.058110275587708836,,True
4029,32.224067646000094,0.008003594000001613,True,0.0,8.333346059239618,0.05864764613633058,,True
4030,32.23206311700005,0.007995470999958343,True,0.0,8.325423783929185,0.05981658479917328,,True
4031,32.24006741600033,0.00800429900027666,True,0.0,8.317223672155711,0.06024405596177455,,True
4032,32.24806550700032,0.007998090999990382,True,0.0,8.308760838572168,0.05824895915653205,,True
4033,32.256065818000025,0.008000310999705107,True,0.0,8.300941334345227,0.05843398263518745,,True
4034,32.26406421400043,0.007998396000402863,True,0.0,8.292556900519564,0.057836400604083654,,True
4035,32.272074870000324,0.008010655999896699,True,0.0,8.284881055244742,0.0540169416246167,,True
4036,32.280061364000176,0.007986493999851518,True,0.0,8.276577307848793,0.05279511061866754,,True
4037,32.28806381500044,0.008002451000265864,True,0.0,8.268316840250852,0.05188383490615946,,True
4038,32.29607002700004,0.008006211999600055,True,0.0,8.260430623791992,0.05121298358110431,,True
4039,32.30408601600038,0.008015989000341506,True,0.0,8.252955124504812,0.052283321023600234,,True
4040,32.3120634740003,0.007977457999913895,True,0.0,8.244171194084279,0.05104685756511473,,True
4041,32.32006338200017,0.007999907999874267,True,0.0,8.235630145703182,0.050126780203266254,,True
4042,32.328065313000025,0.008001930999853357,True,0.0,8.227844568583567,0.04958276636947566,,True
4043,32.33606797500033,0.008002662000308192,True,0.0,8.220158684156898,0.05043227955239117,,True
4044,32.3440696710004,0.00800169600006484,True,0.0,8.213176130929758,0.05054384783119923,,True
4045,32.352067809000346,0.007998137999948085,True,0.0,8.20509489530494,0.04839097184188133,,True
4046,32.36006425200003,0.007996442999683495,True,0.0,8.196831507905785,0.04791485152465466,,True
4047,32.368062636000104,0.00799838400007502,True,0.0,8.189262497046329,0.048147918529443993,,True
4048,32.37606319000042,0.008000554000318516,True,0.0,8.18159076198404,0.04746778856263428,,True
4049,32.384066784000424,0.008003594000001613,True,0.0,8.174161478847703,0.04871215626687234,,True
4050,32.39206300600017,0.007996221999746922,True,0.0,8.16489147556276,0.04707325836589388,,True
4051,32.40006436900012,0.00800136299994847,True,0.0,8.159082909422699,0.04874569272129303,,True
4052,32.40808770700005,0.008023337999929936,True,0.0,8.150968710894999,0.0485416609149048,,True
4053,32.41606803200011,0.007980325000062294,True,0.0,8.142784509645532,0.04854959297258714,,True
4054,32.42405900200038,0.007990970000264497,True,0.0,8.134796850800596,0.04808856044989692,,True
4055,32.43207016700035,0.008011164999970788,True,0.0,8.127348484706683,0.04996386469608599,,True
4056,32.44006773000001,0.007997562999662478,True,0.0,8.119567478626495,0.05037042695089614,,True
4057,32.44806759500034,0.00799986500032901,True,0.0,8.11069855822691,0.04959226601369272,,True
4058,32.45606748,0.007999884999662754,True,0.0,8.103809575933413,0.050016476202195466,,True
4059,32.464064516000235,0.007997036000233493,True,0.0,8.095821964650872,0.05008691069254006,,True
4060,32.47206743300012,0.008002916999885201,True,0.0,8.087877158808837,0.05023277361108535,,True
4061,32.48006664800005,0.007999214999927062,True,0.0,8.080500421929377,0.050791577688077724,,True
4062,32.48808812700008,0.00802147900003547,True,0.0,8.073265606128219,0.05131147627544744,,True
4063,32.49606708600004,0.007978958999956376,True,0.0,8.063713677730785,0.05074926112825072,,True
4064,32.50406694700041,0.007999861000371311,True,0.0,8.056416189077673,0.05205015692932314,,True
4065,32.51207387400018,0.008006926999769348,True,0.0,8.049162830494446,0.05347916596852817,,True
4066,32.520075507,0.008001632999821595,True,0.0,8.04129841753417,0.05473407685800392,,True
4067,32.52806614600013,0.007990639000126976,True,0.0,8.033225137604633,0.053768496989469,,True
4068,32.53607595300036,0.008009807000235014,True,0.0,8.025340860243759,0.05481519326877205,,True
4069,32.544065993000004,0.00799003999964043,True,0.0,8.018978087735547,0.05483996118976534,,True
4070,32.55206335500043,0.007997362000423891,True,0.0,8.010954545850593,0.05432850447475721,,True
4071,32.56007150300002,0.00800814799958971,True,0.0,8.003360441169514,0.05202284469769887,,True
4072,32.56806728900028,0.00799578600026507,True,0.0,7.994513010145863,0.051612716382134965,,True
4073,32.57605996300026,0.00799267399997916,True,0.0,7.9880673866298775,0.05067468169365742,,True
4074,32.584066883000105,0.008006919999843376,True,0.0,7.981051082277797,0.05041878672039826,,True
4075,32.59210053000015,0.008033647000047495,True,0.0,7.97273588472046,0.04937908301866733,,True
4076,32.60006770500013,0.007967174999976123,True,0.0,7.9654158966896205,0.04934980755126802,,True
4077,32.608059594000224,0.007991889000095398,True,0.0,7.959017547101803,0.04936714749494704,,True
4078,32.61606661500036,0.008007021000139503,True,0.0,7.951121947789458,0.04780063953765818,,True
4079,32.624118662,0.008052046999637241,True,0.0,7.943694521138078,0.04726317024099758,,True
4080,32.63206558300044,0.007946921000439033,True,0.0,7.93739022466616,0.04790609281110729,,True
4081,32.64006533800011,0.007999754999673314,True,0.0,7.931842380886431,0.0514954815121895,,True
4082,32.648064414000146,0.007999076000032801,True,0.0,7.92171075045954,0.046619231417626944,,True
4083,32.65606318600021,0.007998772000064491,True,0.0,7.914923659574183,0.04626449153450421,,True
4084,32.66407018700011,0.008007000999896263,True,0.0,7.907456430673254,0.04631142690998013,,True
4085,32.672070046000044,0.007999858999937715,True,0.0,7.900342140737031,0.047445479505186794,,True
4086,32.68006505400035,0.00799500800030728,True,0.0,7.893049077685561,0.04809936657151856,,True
4087,32.688066368000364,0.008001314000011917,True,0.0,7.885289766829201,0.048120418861772964,,True
4088,32.69610361000014,0.00803724199977296,True,0.0,7.877532415789987,0.04954424047953766,,True
4089,32.704119388000436,0.008015778000299179,True,0.0,7.869091367627191,0.04736010661508885,,True
4090,32.712067047000346,0.007947658999910345,True,0.0,7.862487176553202,0.048398020833028965,,True
4091,32.72007432300006,0.008007275999716512,True,0.0,7.854501278063405,0.04779463499288687,,True
4092,32.728066374000264,0.007992051000201172,True,0.0,7.846924289405173,0.04665990302837611,,True
4093,32.73608411500027,0.008017741000003298,True,0.0,7.8405763547651235,0.04887056585984568,,True
4094,32.74406923400011,0.007985118999840779,True,0.0,7.832040586528811,0.0473016796260315,,True
4095,32.75205994800035,0.007990714000243315,True,0.0,7.824114848844153,0.04732307757280008,,True
4096,32.760068460000184,0.00800851199983299,True,0.0,7.816776992131254,0.04647610423900194,,True
4097,32.768072209000366,0.008003749000181415,True,0.0,7.81021183999289,0.046857003533957595,,True
4098,32.7760663490003,0.007994139999937033,True,0.0,7.801784539298555,0.0468264964580938,,True
4099,32.78406650800025,0.008000158999948326,True,0.0,7.794324011480614,0.04707051630077469,,True
4100,32.79206844600003,0.00800193799977933,True,0.0,7.787345248869469,0.045704431855295324,,True
4101,32.80006630600019,0.007997860000159562,True,0.0,7.779724165397413,0.04566104590003302,,True
4102,32.80806091400018,0.007994607999989967,True,0.0,7.771605069880105,0.043849181939611834,,True
4103,32.816066074000446,0.008005160000266187,True,0.0,7.764847246951128,0.04499079104151507,,True
4104,32.82413861300029,0.008072538999840617,True,0.0,7.757136254034537,0.04362114305658568,,True
4105,32.83206815800031,0.007929545000024518,True,0.0,7.7494266097593565,0.04370113469298682,,True
4106,32.84008039000037,0.00801223200005552,True,0.0,7.741782865520934,0.04373884877014777,,True
4107,32.848071189000166,0.007990798999799154,True,0.0,7.734039317423143,0.04321718088937803,,True
4108,32.85606648900011,0.007995299999947747,True,0.0,7.726958188005469,0.04286777940326944,,True
4109,32.8640681210004,0.008001632000286918,True,0.0,7.719337396509924,0.042918776997440865,,True
4110,32.872070952000286,0.008002830999885191,True,0.0,7.711570055725323,0.04245847037710048,,True
4111,32.88006780200021,0.00799684999992678,True,0.0,7.704190581741131,0.04347054173408943,,True
4112,32.88806674100033,0.007998939000117389,True,0.0,7.697254579412641,0.04347391868749817,,True
4113,32.89606659400033,0.007999853000001167,True,0.0,7.689791027342597,0.04396709420606981,,True
4114,32.90406509600007,0.007998501999736618,True,0.0,7.682749019578198,0.04351668654218226,,True
4115,32.91210934200035,0.008044246000281419,True,0.0,7.675362118343396,0.042639980987412444,,True
4116,32.920115266000266,0.008005923999917286,True,0.0,7.66869489596309,0.04365476041782357,,True
4117,32.92806649000022,0.007951223999953072,True,0.0,7.660771392165199,0.04380849971873304,,True
4118,32.93605926000009,0.007992769999873417,True,0.0,7.653834922378283,0.043734212107776,,True
4119,32.94406687200035,0.008007612000255904,True,0.0,7.646779324257044,0.04430328664145801,,True
4120,32.95209597400026,0.008029101999909471,True,0.0,7.64009790795181,0.04448308300471825,,True
4121,32.96006975800037,0.007973784000114392,True,0.0,7.632570691236819,0.044070275944431976,,True
4122,32.9680593170001,0.007989558999724977,True,0.0,7.625242298657891,0.04405384576858773,,True
4123,32.976068562000364,0.008009245000266674,True,0.0,7.618702843536637,0.04445008671879271,,True
4124,32.984066050000365,0.007997488000000885,True,0.0,7.611339132508148,0.04462050485185041,,True
4125,32.99211137600014,0.008045325999773922,True,0.0,7.604417956225082,0.044770682899543064,,True
4126,33.00006712200002,0.007955745999879582,True,0.0,7.59693706208994,0.04325981825553084,,True
4127,33.00807358200018,0.008006460000160587,True,0.0,7.590223345246737,0.04379627345077521,,True
4128,33.01607513300041,0.00800155100023403,True,0.0,7.584286678733055,0.04399096800249872,,True
4129,33.024066032000064,0.007990898999651108,True,0.0,7.576336740641818,0.04352256180344317,,True
4130,33.03210022700023,0.00803419500016389,True,0.0,7.56978773316264,0.04369260812700226,,True
4131,33.04007463200014,0.007974404999913531,True,0.0,7.563040815097562,0.043165879356627586,,True
4132,33.04806762300041,0.007992991000264738,True,0.0,7.55615942314859,0.04252906401883505,,True
4133,33.05606041100009,0.00799278799968306,True,0.0,7.5488761666505075,0.04236738964687157,,True
4134,33.06406968500005,0.008009273999959987,True,0.0,7.542348309259784,0.042374050801357865,,True
4135,33.07205891700005,0.007989231999999902,True,0.0,7.534934733491609,0.042647614540689494,,True
4136,33.08007155000041,0.008012633000362257,True,0.0,7.528742074900896,0.04223603611862237,,True
4137,33.088067616000444,0.007996066000032442,True,0.0,7.522020586557102,0.04250893829198976,,True
4138,33.09606775300017,0.008000136999726237,True,0.0,7.514809781984964,0.043181322486889,,True
4139,33.10407756600034,0.008009813000171562,True,0.0,7.507773039720495,0.04209452906788005,,True
4140,33.11206792100029,0.007990354999947158,True,0.0,7.5014556087856405,0.04216516050783094,,True
4141,33.12009390600042,0.008025985000131186,True,0.0,7.495440010054982,0.041814234913173494,,True
4142,33.12806714500039,0.00797323899996627,True,0.0,7.488626979646791,0.042566711267619975,,True
4143,33.13606272200013,0.007995576999746845,True,0.0,7.481473893026075,0.04295215174675658,,True
4144,33.14408298100034,0.008020259000204533,True,0.0,7.475658238764927,0.04469095432373284,,True
4145,33.152079899,0.0079969179996624,True,0.0,7.469223742991872,0.04605357841961558,,True
4146,33.160070972000085,0.007991073000084725,True,0.0,7.462713937510214,0.046196375075353596,,True
4147,33.16806033000012,0.007989358000031643,True,0.0,7.456427433983897,0.04722161337544261,,True
4148,33.17610310800001,0.00804277799988995,True,0.0,7.449849922520309,0.045408134698000584,,True
4149,33.18406905400025,0.007965946000240365,True,0.0,7.443003086313282,0.044071832730022235,,True
4150,33.192072549000386,0.008003495000139083,True,0.0,7.435404936718357,0.04276431869550565,,True
4151,33.2000659790001,0.007993429999714863,True,0.0,7.428642896960483,0.04268876863955087,,True
4152,33.208118581000235,0.008052602000134357,True,0.0,7.42147327661366,0.041418926320879235,,True
4153,33.21607133600037,0.007952755000133038,True,0.0,7.414893732245093,0.04144223066597709,,True
4154,33.22405885000035,0.007987513999978546,True,0.0,7.408198120745863,0.04077375874490148,,True
4155,33.2321136100004,0.00805476000005001,True,0.0,7.402022179390034,0.04071470619316276,,True
4156,33.240073083000425,0.007959473000028083,True,0.0,7.394939068601928,0.040205406933041206,,True
4157,33.24806778300035,0.007994699999926524,True,0.0,7.3876159245110316,0.03988438321782174,,True
4158,33.256079780000164,0.008011996999812254,True,0.0,7.38137415932478,0.040784393671164376,,True
4159,33.2641012590002,0.00802147900003547,True,0.0,7.374563907889073,0.04105926192399874,,True
4160,33.27205855500006,0.007957295999858616,True,0.0,7.3671795358051515,0.04086516353862306,,True
4161,33.28007021800022,0.008011663000161207,True,0.0,7.360106399359484,0.040433120187584555,,True
4162,33.288066598000114,0.007996379999894998,True,0.0,7.353691769147676,0.04230076802938575,,True
4163,33.29606635800019,0.007999760000075185,True,0.0,7.3465736637221495,0.04091779957970624,,True
4164,33.30408737800008,0.008021019999887358,True,0.0,7.33934314118921,0.04141796161993875,,True
4165,33.31206284100017,0.007975463000093441,True,0.0,7.333038376889025,0.042264670335113934,,True
4166,33.32006729300019,0.008004452000022866,True,0.0,7.326372131451291,0.042877571272942096,,True
4167,33.32806758400011,0.008000290999916615,True,0.0,7.318931581613996,0.04309875305735863,,True
4168,33.336066982000375,0.0079993980002655,True,0.0,7.311725316096268,0.04352629380952926,,True
4169,33.34406063000006,0.007993647999683162,True,0.0,7.3049233750545115,0.04383885358365249,,True
4170,33.352078535000146,0.008017905000087922,True,0.0,7.29838158117143,0.04348830678991852,,True
4171,33.36007378000022,0.007995245000074647,True,0.0,7.291323632884033,0.045151680156588755,,True
4172,33.36806788500007,0.007994104999852425,True,0.0,7.285089658998177,0.04434632439859091,,True
4173,33.37606223800003,0.00799435299995821,True,0.0,7.278638899002251,0.04568623538537011,,True
4174,33.384067919000245,0.008005681000213372,True,0.0,7.271137668362861,0.0436789564409899,,True
4175,33.392071275000035,0.008003355999790074,True,0.0,7.264370807285844,0.0434888179986026,,True
4176,33.40006649900033,0.00799522400029673,True,0.0,7.258002581146166,0.04451517332742995,,True
4177,33.408066263000364,0.007999764000032883,True,0.0,7.251781506201188,0.04459606932002887,,True
4178,33.416066738000154,0.00800047499978973,True,0.0,7.244827379938671,0.04363531531662019,,True
4179,33.42411471200012,0.008047973999964597,True,0.0,7.238377757312476,0.04324294798270575,,True
4180,33.4320684420004,0.007953730000281212,True,0.0,7.232074017456778,0.04372391232137437,,True
4181,33.44007458800024,0.008006145999843284,True,0.0,7.22563570874392,0.04387468644142099,,True
4182,33.44806789400036,0.007993306000116718,True,0.0,7.218988759472164,0.04294485408267928,,True
4183,33.45610770500025,0.008039810999889596,True,0.0,7.212533788248541,0.04303949186177017,,True
4184,33.464066728000034,0.007959022999784793,True,0.0,7.205498326630525,0.04293534889711306,,True
4185,33.47206713300011,0.008000405000075261,True,0.0,7.199201999743389,0.042557824759138,,True
4186,33.48007158700011,0.008004454000001715,True,0.0,7.192776115360876,0.04261416157344454,,True
4187,33.48806419700031,0.007992610000201239,True,0.0,7.186064221923065,0.04310754539347854,,True
4188,33.49607147000006,0.008007272999748238,True,0.0,7.179647723013496,0.0430847069745664,,True
4189,33.504105362000246,0.008033892000185006,True,0.0,7.174024221534179,0.04339743398811353,,True
4190,33.51207428600037,0.007968924000124389,True,0.0,7.167600946105999,0.043477092918177876,,True
4191,33.520075421,0.008001134999631176,True,0.0,7.160206964254194,0.04240735269882734,,True
4192,33.52806626600022,0.00799084500022218,True,0.0,7.154082775013243,0.04292844782634442,,True
4193,33.53607247200034,0.008006206000118254,True,0.0,7.147955604505151,0.04277275925144134,,True
4194,33.54406669100035,0.007994219000011071,True,0.0,7.1414137277452285,0.04234070846494719,,True
4195,33.55206663300032,0.007999941999969451,True,0.0,7.135016202194084,0.04183558894224782,,True
4196,33.56006649700021,0.007999863999884838,True,0.0,7.128695000421591,0.042340295014408245,,True
4197,33.568062972999996,0.007996475999789254,True,0.0,7.1218483467535565,0.041855466830224175,,True
4198,33.5760650670004,0.008002094000403304,True,0.0,7.115509016582286,0.04177675709325762,,True
4199,33.58406871100033,0.00800364399992759,True,0.0,7.1092662586857935,0.04239395652934004,,True
4200,33.592066533000434,0.00799782200010668,True,0.0,7.102735522072336,0.042462169042448344,,True
4201,33.600070592000066,0.008004058999631525,True,0.0,7.0963776348311995,0.04141215226504648,,True
4202,33.608062216000235,0.007991624000169395,True,0.0,7.089457281769629,0.041246166554373756,,True
4203,33.61606115800032,0.007998942000085663,True,0.0,7.082926708150124,0.04206059756455176,,True
4204,33.62406894600008,0.008007787999758875,True,0.0,7.076631298051047,0.041274023330111924,,True
4205,33.63206330500043,0.007994359000349505,True,0.0,7.0697986159812904,0.04148912090883749,,True
4206,33.640086308000264,0.008023002999834716,True,0.0,7.063487353500216,0.041577730138623675,,True
4207,33.648065578000114,0.007979269999850658,True,0.0,7.057654516388983,0.0415119750495599,,True
4208,33.656078961000276,0.008013383000161411,True,0.0,7.051048478128377,0.04124540133469699,,True
4209,33.66406697000002,0.007988008999745944,True,0.0,7.044696051000299,0.03981634215251382,,True
4210,33.67206878300021,0.00800181300019176,True,0.0,7.03843381149021,0.03977152402732145,,True
4211,33.680072506000215,0.008003723000001628,True,0.0,7.032047674657686,0.040794321803450356,,True
4212,33.68806139700018,0.007988890999968135,True,0.0,7.025550643691442,0.03962645235370153,,True
4213,33.696068713000386,0.00800731600020299,True,0.0,7.019249710777139,0.040648694795568874,,True
4214,33.7040719620004,0.008003249000012147,True,0.0,7.0125592807885155,0.03991440153614169,,True
4215,33.71206660400003,0.007994641999630403,True,0.0,7.00661539576797,0.04056030632582156,,True
4216,33.72008589300003,0.008019289000003482,True,0.0,7.000292918961345,0.040369173799911055,,True
4217,33.728060410000126,0.007974517000093329,True,0.0,6.994395892350708,0.04013162346762902,,True
4218,33.73609902900034,0.008038619000217295,True,0.0,6.988652341017418,0.04066567262125989,,True
4219,33.74406863000013,0.007969600999786053,True,0.0,6.982316609159523,0.040690258154948616,,True
4220,33.752066812000066,0.007998181999937515,True,0.0,6.976127861935726,0.04018058972876491,,True
4221,33.76006687500012,0.00800006300005407,True,0.0,6.969101439282563,0.03974582446267827,,True
4222,33.768099045000326,0.008032170000205952,True,0.0,6.964172379287955,0.04055750352109387,,True
4223,33.776068967000356,0.007969922000029328,True,0.0,6.957437497943834,0.038639771882973586,,True
4224,33.78406826700029,0.007999299999937648,True,0.0,6.950743316716107,0.038811239834829064,,True
4225,33.792098029000044,0.008029761999750917,True,0.0,6.944385944626291,0.038691939459166186,,True
4226,33.800067546000264,0.00796951700021964,True,0.0,6.9384963634228125,0.039471750380075166,,True
4227,33.80807003000018,0.008002483999916876,True,0.0,6.931755005299436,0.03867242303907834,,True
4228,33.81606581200003,0.007995781999852625,True,0.0,6.925534722254722,0.03850690211195743,,True
4229,33.824074722000205,0.008008910000171454,True,0.0,6.919190425218934,0.038458951928262215,,True
4230,33.83206944600033,0.007994724000127462,True,0.0,6.913502632703486,0.03783958473518039,,True
4231,33.840072133000376,0.008002687000043807,True,0.0,6.906916103644577,0.038910450452959745,,True
4232,33.848070947,0.007998813999620324,True,0.0,6.900226547202007,0.038541369673122126,,True
4233,33.856090511000275,0.008019564000278478,True,0.0,6.894258805340012,0.03797502447256409,,True
4234,33.86406967200037,0.007979161000093882,True,0.0,6.888056767182105,0.037741856174775906,,True
4235,33.87206646300001,0.007996790999641235,True,0.0,6.882349746534851,0.038085942998801484,,True
4236,33.880071171000054,0.008004708000044047,True,0.0,6.876606656263323,0.03845418661576435,,True
4237,33.88806989900013,0.007998728000075062,True,0.0,6.87038923384292,0.039273836235856896,,True
4238,33.8960694540001,0.007999554999969405,True,0.0,6.86427924573593,0.0380945034381094,,True
4239,33.90406821100032,0.007998757000223122,True,0.0,6.858156739704674,0.03786113807373925,,True
4240,33.91207080600043,0.008002595000107249,True,0.0,6.851201231410576,0.03738338248244956,,True
4241,33.92006368400007,0.007992877999640768,True,0.0,6.845436215614346,0.036939858865011076,,True
4242,33.92806855500021,0.008004871000139246,True,0.0,6.839432175998449,0.03746260862471005,,True
4243,33.93607990700002,0.008011351999812177,True,0.0,6.832554534293413,0.03717104846633617,,True
4244,33.94413159300029,0.00805168600027173,True,0.0,6.826855053970928,0.03779654824840457,,True
4245,33.952069719000065,0.007938125999771728,True,0.0,6.821022335078055,0.03751944783381068,,True
4246,33.96006554300038,0.007995824000317953,True,0.0,6.814893830389128,0.036758703097482234,,True
4247,33.96807298600015,0.00800744299976941,True,0.0,6.80845089375237,0.03704378505442537,,True
4248,33.9760655580003,0.007992572000148357,True,0.0,6.80311070497368,0.03684427409507463,,True
4249,33.98406571500027,0.008000156999969477,True,0.0,6.797195013025819,0.03648199517372654,,True
4250,33.99206899300043,0.008003278000160208,True,0.0,6.790647946734609,0.03650806364352909,,True
4251,34.00006738000002,0.007998386999588547,True,0.0,6.7843169613482965,0.036642746547188285,,True
4252,34.00809806500001,0.008030684999994264,True,0.0,6.778566720051629,0.03720880875237918,,True
4253,34.016074400000434,0.007976335000421386,True,0.0,6.772251506266363,0.0367511758995399,,True
4254,34.02406662000021,0.007992219999778172,True,0.0,6.766810021174811,0.037735831954017925,,True
4255,34.032065800000055,0.007999179999842454,True,0.0,6.760318195385541,0.037952494969656955,,True
4256,34.040079341000364,0.008013541000309488,True,0.0,6.754896500961743,0.03913378585488595,,True
4257,34.048065690000385,0.00798634900002071,True,0.0,6.748959074993212,0.03775944954569177,,True
4258,34.05608660900043,0.008020919000045978,True,0.0,6.7429571652555715,0.039242821295720993,,True
4259,34.064068357,0.007981747999565414,True,0.0,6.7367682725383515,0.039047653394214996,,True
4260,34.072068411000146,0.008000054000149248,True,0.0,6.731005442100089,0.039840960114528784,,True
4261,34.08006729800036,0.007998887000212562,True,0.0,6.724732046850562,0.038694421527694034,,True
4262,34.0880660290004,0.007998731000043335,True,0.0,6.7193064591447635,0.03951157186898396,,True
4263,34.0960631920002,0.007997162999799912,True,0.0,6.713442607406957,0.039188675527423174,,True
4264,34.104066203,0.008003010999800608,True,0.0,6.707560927895865,0.038848012731505066,,True
4265,34.112068402000205,0.008002199000202381,True,0.0,6.701502640297345,0.0393150367671293,,True
4266,34.12007371200025,0.008005310000044119,True,0.0,6.695648857428143,0.03841196811497871,,True
4267,34.128065988000344,0.007992276000095444,True,0.0,6.689586930826315,0.03851485844702015,,True
4268,34.136060569000165,0.007994580999820755,True,0.0,6.684095215864847,0.0387546348756469,,True
4269,34.14407017400026,0.008009605000097508,True,0.0,6.677555062452474,0.03864301768869537,,True
4270,34.15206683500037,0.007996661000106542,True,0.0,6.672057147492288,0.037389292618554615,,True
4271,34.16007037400004,0.008003538999673765,True,0.0,6.666084522375295,0.038479380064574305,,True
4272,34.168105562000164,0.008035188000121707,True,0.0,6.660265448525143,0.03774297991530743,,True
4273,34.17606678300035,0.007961221000186924,True,0.0,6.6537637089573325,0.03767322163316627,,True
4274,34.184075163000216,0.008008379999864701,True,0.0,6.648021461713382,0.03794315035430874,,True
4275,34.192064438000216,0.007989274999999907,True,0.0,6.642289469569887,0.03645415235938276,,True
4276,34.20006890800005,0.008004469999832509,True,0.0,6.63580249754173,0.03700009890747354,,True
4277,34.20806650900022,0.007997601000170107,True,0.0,6.630320597514065,0.037798315781261645,,True
4278,34.216068118000294,0.008001609000075405,True,0.0,6.624817168487271,0.03605111420737911,,True
4279,34.224064185000316,0.007996067000021867,True,0.0,6.618016423080687,0.03658105668861079,,True
4280,34.23206689100016,0.008002705999842874,True,0.0,6.612104706487581,0.03709444759388152,,True
4281,34.240063296000244,0.00799640500008536,True,0.0,6.606752752785699,0.036796836258280355,,True
4282,34.24806393300014,0.008000636999895505,True,0.0,6.600887513553806,0.03739756205331134,,True
4283,34.25607492100016,0.008010988000023644,True,0.0,6.595005695104743,0.036869283851809646,,True
4284,34.26406733900012,0.00799241799995798,True,0.0,6.5889524154334,0.036853434084620634,,True
4285,34.27207570600012,0.008008367000002181,True,0.0,6.583321003674266,0.03696058575276838,,True
4286,34.28010548400016,0.008029778000036458,True,0.0,6.577282928570629,0.037886765435374815,,True
4287,34.2880665560001,0.00796107199994367,True,0.0,6.571763782241426,0.037201593622506864,,True
4288,34.296067037000284,0.008000481000181026,True,0.0,6.565524268992602,0.03692815005091907,,True
4289,34.30406822800023,0.008001190999948449,True,0.0,6.560342943106524,0.03763793170452565,,True
4290,34.31207307100021,0.00800484299998061,True,0.0,6.5539888120922285,0.0369490908273016,,True
4291,34.320067221000045,0.00799414999983128,True,0.0,6.548518349471769,0.03830089633028496,,True
4292,34.328073657000004,0.008006435999959649,True,0.0,6.542185840512057,0.03727075057035546,,True
4293,34.33608647400024,0.008012817000235373,True,0.0,6.536850770651494,0.037639711572193306,,True
4294,34.34406608900008,0.007979614999840123,True,0.0,6.530342750896741,0.0380038695235115,,True
4295,34.35206641900004,0.008000329999958922,True,0.0,6.524518777261402,0.038293147190835916,,True
4296,34.36007542700008,0.00800900800004456,True,0.0,6.5193178406758685,0.038059658377557676,,True
4297,34.36807277000025,0.007997343000170076,True,0.0,6.513205860301097,0.03797501604857893,,True
4298,34.376059781000095,0.007987010999841004,True,0.0,6.508483621818484,0.040738176584190273,,True
4299,34.384129447000305,0.008069666000210418,True,0.0,6.502457696589895,0.03785831344231384,,True
4300,34.39207687700036,0.007947430000058375,True,0.0,6.497763890209802,0.04061864274958853,,True
4301,34.40007803200024,0.008001154999874416,True,0.0,6.490793749153622,0.03856077786987735,,True
4302,34.40806808200023,0.007990049999989424,True,0.0,6.484981030660041,0.037600788896496005,,True
4303,34.416066592000334,0.007998510000106762,True,0.0,6.478898622249082,0.03746672062087687,,True
4304,34.42406744600021,0.00800085399987438,True,0.0,6.473786939887726,0.03847855243553904,,True
4305,34.43206365800006,0.007996211999852676,True,0.0,6.46765817800498,0.0369227287735269,,True
4306,34.44006701900025,0.008003361000191944,True,0.0,6.4624897938033445,0.03717294079697045,,True
4307,34.44809647400007,0.008029454999814334,True,0.0,6.456188872013062,0.03643516695857438,,True
4308,34.45607854800028,0.00798207400021056,True,0.0,6.45081196366985,0.036448043556739716,,True
4309,34.46406444100012,0.007985892999840871,True,0.0,6.445716265005989,0.035884602383710294,,True
4310,34.472070668000015,0.008006226999896171,True,0.0,6.440085252751919,0.03615572571035137,,True
4311,34.48006701800023,0.00799635000021226,True,0.0,6.434524449230409,0.036547027505443794,,True
4312,34.488074342000345,0.008007324000118388,True,0.0,6.429339237644107,0.03627555199026879,,True
4313,34.49606584700041,0.007991505000063626,True,0.0,6.42359002703281,0.035701340705856906,,True
4314,34.50406718400018,0.008001336999768682,True,0.0,6.4184210138421856,0.03670511312515997,,True
4315,34.51207219700018,0.008005013000001782,True,0.0,6.412291027855027,0.03642550902250184,,True
4316,34.520076453,0.008004255999821908,True,0.0,6.40740704575374,0.03635240304213878,,True
4317,34.52806444900034,0.007987996000338171,True,0.0,6.401724261070411,0.036692237912450444,,True
4318,34.53607353800044,0.008009089000097447,True,0.0,6.3965267520635605,0.03716591634462931,,True
4319,34.54406401700044,0.00799047900000005,True,0.0,6.390263918595618,0.036582598432010296,,True
4320,34.55206255400026,0.007998536999821226,True,0.0,6.385624862909945,0.03666673244783224,,True
4321,34.56006700800026,0.008004454000001715,True,0.0,6.380073350950257,0.03700527474260849,,True
4322,34.56806774400002,0.008000735999758035,True,0.0,6.374801998804322,0.03751724444709544,,True
4323,34.576062925000315,0.007995181000296725,True,0.0,6.369330380531055,0.03860365663329312,,True
4324,34.5840718190002,0.008008893999885913,True,0.0,6.36342554718983,0.037710460155323006,,True
4325,34.59206347400004,0.007991654999841558,True,0.0,6.358094327225924,0.03845528845784065,,True
4326,34.60007224100036,0.008008767000319494,True,0.0,6.352123607815775,0.03788237715632614,,True
4327,34.60806256600017,0.007990324999809673,True,0.0,6.3469202179147794,0.03776151923650322,,True
4328,34.616068023000025,0.008005456999853777,True,0.0,6.3413467171119295,0.03734610791292282,,True
4329,34.62406609000027,0.007998067000244191,True,0.0,6.335194247518623,0.0379574364675015,,True
4330,34.632065925999996,0.007999835999726201,True,0.0,6.330299332467629,0.03806011455465521,,True
4331,34.6400677040001,0.008001778000107151,True,0.0,6.324798799958914,0.03777907566533411,,True
4332,34.64806563400043,0.007997930000328779,True,0.0,6.319940617453078,0.038912159289591276,,True
4333,34.65606450300038,0.007998868999948172,True,0.0,6.313683055742758,0.03910908252416125,,True
4334,34.66406856000003,0.008004056999652676,True,0.0,6.3082177207653505,0.03938064862548173,,True
4335,34.672066070000255,0.007997510000222974,True,0.0,6.302663368197568,0.038945227821432754,,True
4336,34.68006704100026,0.0080009710000013,True,0.0,6.296739157826581,0.03882699836805127,,True
4337,34.68806650600027,0.007999465000011696,True,0.0,6.2916518023875705,0.03846619214867707,,True
4338,34.69606704600028,0.008000540000011824,True,0.0,6.286391611738451,0.03974704271994028,,True
4339,34.7040669830003,0.007999937000022328,True,0.0,6.28086332406351,0.03962915246793168,,True
4340,34.71206407300042,0.007997090000117169,True,0.0,6.27465703764017,0.038242056353420484,,True
4341,34.72006459100021,0.008000517999789736,True,0.0,6.26947910365345,0.03815230404773189,,True
4342,34.728072636000434,0.008008045000224229,True,0.0,6.264095074906066,0.03849833989812401,,True
4343,34.7360731040003,0.008000467999863758,True,0.0,6.2581887354103,0.03741922283814453,,True
4344,34.744068083,0.007994978999704472,True,0.0,6.253060451128001,0.03770421258997181,,True
4345,34.75206651600001,0.007998433000011573,True,0.0,6.2467256094464805,0.036544808860896304,,True
4346,34.76006771400034,0.008001198000329168,True,0.0,6.241504116268667,0.03577730772597521,,True
4347,34.768065087000195,0.007997372999852814,True,0.0,6.236034582697484,0.0369560585107174,,True
4348,34.776065632000154,0.008000544999958947,True,0.0,6.230528421803562,0.03603120643923116,,True
4349,34.78407072800019,0.008005096000033518,True,0.0,6.224997381522986,0.035566635278262516,,True
4350,34.79206634800039,0.007995620000201598,True,0.0,6.219287200851643,0.03534859454849544,,True
4351,34.800070442000106,0.008004093999716133,True,0.0,6.213809892410956,0.03557929407398228,,True
4352,34.80806327800019,0.007992836000084935,True,0.0,6.208109924157869,0.035825452355953365,,True
4353,34.816066160000446,0.00800288200025534,True,0.0,6.202744534320007,0.035465135627170165,,True
4354,34.82406093000009,0.007994769999640994,True,0.0,6.197429319943642,0.03549232889818404,,True
4355,34.83207165900012,0.008010729000034189,True,0.0,6.191487287764423,0.035141214086290506,,True
4356,34.84006815700013,0.007996498000011343,True,0.0,6.186380070263121,0.03388258259178587,,True
4357,34.8480696620004,0.008001505000265752,True,0.0,6.1806599022678395,0.03326558059206458,,True
4358,34.856061565000346,0.007991902999947342,True,0.0,6.17584980115573,0.03249294561389266,,True
4359,34.8640690670004,0.008007502000054956,True,0.0,6.170539183457391,0.033346667184948026,,True
4360,34.872072097,0.008003029999599676,True,0.0,6.164810661751039,0.032931752399711564,,True
4361,34.88006746300016,0.007995366000159265,True,0.0,6.159844919910445,0.03275108872863407,,True
4362,34.888068815000224,0.008001352000064799,True,0.0,6.154362949289637,0.03212611976345334,,True
4363,34.89606719500034,0.007998380000117322,True,0.0,6.149096462581362,0.03145843646397236,,True
4364,34.90406589200029,0.007998696999948152,True,0.0,6.143838986858427,0.03178219746461051,,True
4365,34.91206608600032,0.008000194000032934,True,0.0,6.138646958299845,0.03273292445023701,,True
4366,34.9200702410003,0.008004154999980528,True,0.0,6.133525302672058,0.03257517158201785,,True
4367,34.92806929900007,0.00799905799976841,True,0.0,6.127809132459469,0.032543144095481126,,True
4368,34.936067856000136,0.007998557000064466,True,0.0,6.122377110840793,0.031689791422535175,,True
4369,34.94407077400001,0.008002917999874626,True,0.0,6.117063860894309,0.03246222729041117,,True
4370,34.95207147100018,0.008000697000170476,True,0.0,6.112380148075244,0.03308855219825884,,True
4371,34.96006401400018,0.007992543000000296,True,0.0,6.106421993858946,0.03249228010249794,,True
4372,34.96807100500018,0.008006991000002017,True,0.0,6.100802912823182,0.03181695438946604,,True
4373,34.976057626000056,0.007986620999872684,True,0.0,6.095927045909154,0.032438837170401164,,True
4374,34.98406410000007,0.008006474000012531,True,0.0,6.091516397926063,0.03497549015191729,,True
4375,34.99206316100026,0.007999061000191432,True,0.0,6.085569802489672,0.03203835148958419,,True
4376,35.00006549800037,0.008002337000107218,True,0.0,6.079770851577611,0.033412413931443084,,True
4377,35.00806549300023,0.007999994999863702,True,0.0,6.07447394461761,0.033905234448829265,,True
4378,35.01607165700034,0.008006164000107674,True,0.0,6.069394969118162,0.033442866488021056,,True
4379,35.024064480000106,0.007992822999767668,True,0.0,6.063917704544588,0.032756751094743845,,True
4380,35.032069372000024,0.008004891999917163,True,0.0,6.059198147853588,0.03262658173876417,,True
4381,35.040061998000056,0.007992626000032033,True,0.0,6.05335507339859,0.03204286687819514,,True
4382,35.04806747800012,0.00800548000006529,True,0.0,6.048381923664106,0.033465049016675234,,True
4383,35.05606822300024,0.008000745000117604,True,0.0,6.043043108209851,0.03357242819693568,,True
4384,35.0640693600003,0.008001137000064773,True,0.0,6.037815381354477,0.034627767540377115,,True
4385,35.07206709300044,0.007997733000138396,True,0.0,6.03252626302421,0.03351218267187973,,True
4386,35.08006598100019,0.00799888799974724,True,0.0,6.027370688126967,0.03302198992752553,,True
4387,35.088066773000264,0.008000792000075307,True,0.0,6.022131949398221,0.033604569848369716,,True
4388,35.096066559000064,0.007999785999800224,True,0.0,6.017213012534046,0.034276932438701065,,True
4389,35.10406627200018,0.007999713000117481,True,0.0,6.01189333503757,0.03410258864592425,,True
4390,35.11206761800031,0.008001346000128251,True,0.0,6.00646905169575,0.0336020141571528,,True
4391,35.1200759430003,0.0080083249999916,True,0.0,6.001197237199056,0.03422907863855729,,True
4392,35.128066289000344,0.007990346000042337,True,0.0,5.996183527966607,0.034014255927229356,,True
4393,35.136066144000324,0.007999854999980016,True,0.0,5.991261646426673,0.03535318744612709,,True
4394,35.144070960000136,0.008004815999811399,True,0.0,5.985848794626306,0.03504448493944213,,True
4395,35.15206719000025,0.007996230000117066,True,0.0,5.980490376564818,0.035710759103303485,,True
4396,35.16007194800022,0.008004757999970025,True,0.0,5.975209816562642,0.03446234969805714,,True
4397,35.16806749300031,0.007995545000085258,True,0.0,5.970104769746421,0.03487605887194103,,True
4398,35.17610681400038,0.008039321000069322,True,0.0,5.964580314095849,0.034098391664241445,,True
4399,35.1840594360001,0.007952621999720577,True,0.0,5.959198462858874,0.03463084036276496,,True
4400,35.19207912500042,0.008019689000320795,True,0.0,5.954340241233917,0.03572314010422377,,True
4401,35.20006798700024,0.007988861999820074,True,0.0,5.949415987049595,0.035234748263262824,,True
4402,35.208065870000155,0.007997882999916328,True,0.0,5.943774516281839,0.03508305666642979,,True
4403,35.216067383000336,0.008001513000181149,True,0.0,5.93893495333383,0.035167582691685226,,True
4404,35.224068228000306,0.008000844999969559,True,0.0,5.933617325564823,0.03471374761033677,,True
4405,35.23206865200018,0.008000423999874329,True,0.0,5.928519300120629,0.0348024655239344,,True
4406,35.24006711500033,0.007998463000149059,True,0.0,5.9237207549829645,0.03499400834541763,,True
4407,35.248072459000014,0.008005343999684555,True,0.0,5.918602248179927,0.034141193325042174,,True
4408,35.256069135000416,0.007996676000402658,True,0.0,5.913740051022518,0.03464370405211857,,True
4409,35.26407231600024,0.00800318099982178,True,0.0,5.908634765328648,0.034786266163287435,,True
4410,35.2720621780004,0.00798986200015861,True,0.0,5.903419053576319,0.03382006197661098,,True
4411,35.28006795200008,0.008005773999684607,True,0.0,5.898350145459635,0.033980276114675634,,True
4412,35.28806503700025,0.007997085000170046,True,0.0,5.893520371913566,0.032760483751637606,,True
4413,35.29606857800036,0.008003541000107361,True,0.0,5.889030351628064,0.032691595987661574,,True
4414,35.304066476000116,0.007997897999757697,True,0.0,5.883428244381313,0.03213391765040417,,True
4415,35.31207352900037,0.008007053000255837,True,0.0,5.878210541490994,0.034360459989846596,,True
4416,35.320067419000225,0.0079938899998524,True,0.0,5.873580318939412,0.03235046383728983,,True
4417,35.32806736800012,0.007999948999895423,True,0.0,5.8686109368344175,0.03324159844650029,,True
4418,35.336067324000396,0.007999956000276143,True,0.0,5.863557935875264,0.033239708892786775,,True
4419,35.34406556800013,0.007998243999736587,True,0.0,5.8585199085048965,0.03227593293468281,,True
4420,35.35207078800022,0.00800522000008641,True,0.0,5.853380104760546,0.03295063486191515,,True
4421,35.36006302900023,0.007992241000010836,True,0.0,5.848447072678169,0.032093476833156956,,True
4422,35.368071149000116,0.008008119999885821,True,0.0,5.843629799755392,0.03268853328094175,,True
4423,35.37606418900032,0.00799304000020129,True,0.0,5.8380671881773125,0.03208271486259061,,True
4424,35.38406625500011,0.00800206599978992,True,0.0,5.832886658453617,0.03223047886234855,,True
4425,35.392065347000425,0.007999092000318342,True,0.0,5.828422813036984,0.032025209578053104,,True
4426,35.40006602800031,0.008000680999884935,True,0.0,5.822634292562863,0.03146878918982965,,True
4427,35.40807460100041,0.008008573000097385,True,0.0,5.817460480944717,0.031303644559211086,,True
4428,35.41607225300004,0.007997651999630762,True,0.0,5.813197287061068,0.03180196806926328,,True
4429,35.424066789000335,0.007994536000296648,True,0.0,5.808001444196862,0.03117189957771797,,True
4430,35.43206516300006,0.007998373999726027,True,0.0,5.803056102518758,0.03112630890272006,,True
4431,35.440090498000245,0.008025335000183986,True,0.0,5.797663915888939,0.032082045274837205,,True
4432,35.44806855900015,0.007978060999903391,True,0.0,5.792917332462123,0.0310593042198724,,True
4433,35.45606538300035,0.007996824000201741,True,0.0,5.787932629055246,0.030623977724785582,,True
4434,35.46406907100027,0.00800368799991702,True,0.0,5.782975579258241,0.031206746780702857,,True
4435,35.47207055700028,0.008001486000011937,True,0.0,5.777987836374498,0.031146615212546764,,True
4436,35.480072253000344,0.00800169600006484,True,0.0,5.772498758736968,0.03158772429670524,,True
4437,35.48806695700023,0.007994703999884223,True,0.0,5.767889185589587,0.03192646055166156,,True
4438,35.496067016000325,0.008000059000096371,True,0.0,5.7631695300531085,0.03113758577209122,,True
4439,35.50407832000019,0.00801130399986505,True,0.0,5.758197095537066,0.031122187549046727,,True
4440,35.51207207200014,0.007993751999947563,True,0.0,5.753332265370409,0.030699532430305224,,True
4441,35.5200750490003,0.008002977000160172,True,0.0,5.748246218471091,0.03159439811241813,,True
4442,35.528064776000065,0.0079897269997673,True,0.0,5.7430267755837505,0.03084227143506275,,True
4443,35.53606978000016,0.00800500400009696,True,0.0,5.738430670885359,0.03107773305622211,,True
4444,35.54406387900008,0.007994098999915877,True,0.0,5.7331151777436125,0.0297018499047926,,True
4445,35.55206867300012,0.008004794000044058,True,0.0,5.7287926912039415,0.03152556744973961,,True
4446,35.560069666000345,0.008000993000223389,True,0.0,5.723812192164713,0.031365120035777454,,True
4447,35.56806858500022,0.00799891899987415,True,0.0,5.719328921532115,0.03157296046404478,,True
4448,35.576068991000284,0.008000406000064686,True,0.0,5.714179841770424,0.03082729077338395,,True
4449,35.58406406700033,0.0079950760000429,True,0.0,5.709241490649995,0.030878829783226612,,True
4450,35.59206489500002,0.008000827999694593,True,0.0,5.70423626748054,0.030600185602933025,,True
4451,35.600081846000194,0.008016951000172412,True,0.0,5.698849104225852,0.030808664594164124,,True
4452,35.60806918800017,0.007987341999978526,True,0.0,5.694274277498056,0.03033119118237645,,True
4453,35.61607237900034,0.008003191000170773,True,0.0,5.689697171923881,0.030836111814771753,,True
4454,35.6240773290001,0.008004949999758537,False,,,,focus_lost,True
4455,35.6320714540002,0.007994125000095664,False,,,,focus_lost,True
4456,35.64007332700021,0.008001873000011983,False,,,,focus_lost,True
4457,35.649182578000364,0.009109251000154472,False,,,,focus_lost,True
4458,35.656070947000444,0.006888369000080274,False,,,,focus_lost,True
4459,35.66406937700003,0.007998429999588552,False,,,,focus_lost,True
4460,35.672071333000076,0.00800195600004372,False,,,,focus_lost,True
4461,35.680271876999996,0.008200543999919319,False,,,,focus_lost,True
4462,35.68807138600005,0.00779950900005133,False,,,,focus_lost,True
4463,35.696072988000196,0.008001602000149433,False,,,,focus_lost,True
4464,35.7040734760003,0.008000488000106998,False,,,,focus_lost,True
4465,35.71207150400005,0.007998027999747137,False,,,,focus_lost,True
4466,35.720072471000094,0.008000967000043602,False,,,,focus_lost,True
4467,35.72807362200001,0.008001150999916717,False,,,,focus_lost,True
4468,35.73607617200014,0.008002550000128394,False,,,,focus_lost,True
4469,35.744070941000246,0.007994769000106317,False,,,,focus_lost,True
4470,35.75207918700016,0.008008245999917563,False,,,,focus_lost,True
4471,35.76007575700032,0.007996570000159409,False,,,,focus_lost,True
4472,35.768072899000344,0.007997142000021995,False,,,,focus_lost,True
4473,35.77606650900043,0.007993610000085027,False,,,,focus_lost,True
4474,35.784073768000326,0.008007258999896294,False,,,,focus_lost,True
4475,35.79206874700003,0.007994978999704472,False,,,,focus_lost,True
4476,35.800067399,0.007998651999969297,False,,,,focus_lost,True
4477,35.808067115000085,0.007999716000085755,False,,,,focus_lost,True
4478,35.81607031200019,0.00800319700010732,False,,,,focus_lost,True
4479,35.82406750700011,0.007997194999916246,False,,,,focus_lost,True
4480,35.832064084000194,0.00799657700008538,False,,,,focus_lost,True
4481,35.84010306600021,0.008038982000016404,False,,,,focus_lost,True
4482,35.84806800100023,0.007964935000018158,False,,,,focus_lost,True
4483,35.85607170700041,0.00800370600018141,False,,,,focus_lost,True
4484,35.864067932000125,0.007996224999715196,False,,,,focus_lost,True
4485,35.87207144900003,0.008003516999906424,False,,,,focus_lost,True
4486,35.88006636600039,0.007994917000360147,False,,,,focus_lost,True
4487,35.88807045300018,0.008004086999790161,False,,,,focus_lost,True
4488,35.89606656800015,0.007996114999968995,False,,,,focus_lost,True
4489,35.90406529200027,0.007998724000117363,False,,,,focus_lost,True
4490,35.912067649000164,0.00800235699989571,False,,,,focus_lost,True
4491,35.92006725300007,0.007999603999905958,False,,,,focus_lost,True
4492,35.928067338000346,0.008000085000276158,False,,,,focus_lost,True
4493,35.93606790500007,0.008000566999726288,False,,,,focus_lost,True
4494,35.94406725800036,0.007999353000286646,False,,,,focus_lost,True
4495,35.9520731800003,0.008005921999938437,False,,,,focus_lost,True
4496,35.960072206000405,0.007999026000106824,False,,,,focus_lost,True
4497,35.968068636000226,0.007996429999820975,False,,,,focus_lost,True
4498,35.97606469500033,0.00799605900010647,False,,,,focus_lost,True
4499,35.984066772999995,0.008002077999663015,False,,,,focus_lost,True
4500,35.99207066300005,0.008003890000054525,False,,,,focus_lost,True
4501,36.00006734100043,0.007996678000381507,False,,,,focus_lost,True
4502,36.00806694400035,0.007999602999916533,False,,,,focus_lost,True
4503,36.016074176000075,0.008007231999727082,False,,,,focus_lost,True
4504,36.024062727,0.007988550999925792,False,,,,focus_lost,True
4505,36.03207468200026,0.008011955000256421,False,,,,focus_lost,True
4506,36.04006706200016,0.007992379999905097,False,,,,focus_lost,True
4507,36.048065820000375,0.007998758000212547,False,,,,focus_lost,True
4508,36.05606630200009,0.008000481999715703,False,,,,focus_lost,True
4509,36.06406805900042,0.008001757000329235,False,,,,focus_lost,True
4510,36.07206860500037,0.008000545999948372,False,,,,focus_lost,True
4511,36.080067966000115,0.007999360999747296,False,,,,focus_lost,True
4512,36.088072551000096,0.00800458499998058,False,,,,focus_lost,True
4513,36.096073911000076,0.008001359999980195,False,,,,focus_lost,True
4514,36.10407270600035,0.007998795000276004,False,,,,focus_lost,True
4515,36.11206654000034,0.007993833999989874,False,,,,focus_lost,True
4516,36.120066691000375,0.008000151000032929,False,,,,focus_lost,True
4517,36.128065272000185,0.007998580999810656,False,,,,focus_lost,True
4518,36.13607016500009,0.008004892999906588,False,,,,focus_lost,True
4519,36.14407496600006,0.00800480099997003,False,,,,focus_lost,True
4520,36.15207218400019,0.00799721800012776,False,,,,focus_lost,True
4521,36.160066653000285,0.007994469000095705,False,,,,focus_lost,True
4522,36.168071370000234,0.008004716999948869,False,,,,focus_lost,True
4523,36.17606654400015,0.007995173999916005,False,,,,focus_lost,True
4524,36.18406884600017,0.00800230200002261,False,,,,focus_lost,True
4525,36.192065963000005,0.007997116999831633,False,,,,focus_lost,True
4526,36.20006989900003,0.008003936000022804,False,,,,focus_lost,True
4527,36.20806506900044,0.007995170000413054,False,,,,focus_lost,True
4528,36.21606703200041,0.008001962999969692,False,,,,focus_lost,True
4529,36.22407367800042,0.008006646000012552,False,,,,focus_lost,True
4530,36.23207024600015,0.007996567999725812,False,,,,focus_lost,True
4531,36.240065443000276,0.007995197000127519,False,,,,focus_lost,True
4532,36.24806767200016,0.00800222899988512,False,,,,focus_lost,True
4533,36.25606873900006,0.008001066999895556,False,,,,focus_lost,True
4534,36.26406758600024,0.007998847000180831,False,,,,focus_lost,True
4535,36.2720698170001,0.008002230999863968,False,,,,focus_lost,True
4536,36.28006341700029,0.007993600000190781,False,,,,focus_lost,True
4537,36.28806756200038,0.008004145000086282,False,,,,focus_lost,True
4538,36.296065159000136,0.007997596999757661,False,,,,focus_lost,True
4539,36.304069619000074,0.008004459999938263,False,,,,focus_lost,True
4540,36.31206686700034,0.007997248000265245,False,,,,focus_lost,True
4541,36.32007094000028,0.008004072999938217,False,,,,focus_lost,True
4542,36.32806580500028,0.007994865000000573,False,,,,focus_lost,True
4543,36.336066139000195,0.00800033399991662,False,,,,focus_lost,True
4544,36.34410689000015,0.008040750999953161,False,,,,focus_lost,True
4545,36.35206646500001,0.007959574999858887,False,,,,focus_lost,True
4546,36.36007183400034,0.008005369000329665,False,,,,focus_lost,True
4547,36.36806963100025,0.007997796999916318,False,,,,focus_lost,True
4548,36.376086886000394,0.008017255000140722,False,,,,focus_lost,True
4549,36.38406736700017,0.007980480999776773,False,,,,focus_lost,True
4550,36.392063232000055,0.007995864999884361,False,,,,focus_lost,True
4551,36.400075155000195,0.008011923000140087,False,,,,focus_lost,True
4552,36.40807187700011,0.00799672199991619,False,,,,focus_lost,True
4553,36.416069489000165,0.007997612000053778,False,,,,focus_lost,True
4554,36.424069071000304,0.007999582000138616,False,,,,focus_lost,True
4555,36.432083703000444,0.00801463200014041,False,,,,focus_lost,True
4556,36.44006517300022,0.007981469999776891,False,,,,focus_lost,True
4557,36.448066252000444,0.008001079000223399,False,,,,focus_lost,True
4558,36.45609198300008,0.008025730999634106,False,,,,focus_lost,True
4559,36.46407552900018,0.00798354600010498,False,,,,focus_lost,True
4560,36.47208837500011,0.008012845999928686,False,,,,focus_lost,True
4561,36.48007435300042,0.007985978000306204,False,,,,focus_lost,True
4562,36.488111785,0.008037431999582623,False,,,,focus_lost,True
4563,36.496067421000134,0.007955636000133381,False,,,,focus_lost,True
4564,36.50406610800019,0.007998687000053906,False,,,,focus_lost,True
4565,36.51206777900006,0.008001670999874477,False,,,,focus_lost,True
4566,36.52007172000003,0.008003940999969927,False,,,,focus_lost,True
4567,36.528064845000245,0.007993125000211876,False,,,,focus_lost,True
4568,36.536067305000415,0.008002460000170686,False,,,,focus_lost,True
4569,36.54406430100016,0.007996995999747014,False,,,,focus_lost,True
4570,36.552064110000174,0.007999809000011737,False,,,,focus_lost,True
4571,36.56007047500043,0.008006365000255755,False,,,,focus_lost,True
4572,36.56806305700002,0.007992581999587856,False,,,,focus_lost,True
4573,36.57606273200008,0.007999675000064599,False,,,,focus_lost,True
4574,36.58406368700025,0.008000955000170507,False,,,,focus_lost,True
4575,36.592062977000296,0.007999290000043402,False,,,,focus_lost,True
4576,36.60006603900001,0.00800306199971601,False,,,,focus_lost,True
4577,36.608067362000384,0.008001323000371485,False,,,,focus_lost,True
4578,36.616064109000035,0.007996746999651805,False,,,,focus_lost,True
4579,36.62406392600042,0.007999817000381881,False,,,,focus_lost,True
4580,36.63207100200043,0.008007076000012603,False,,,,focus_lost,True
4581,36.64007067800003,0.007999675999599276,False,,,,focus_lost,True
4582,36.648071881000305,0.008001203000276291,False,,,,focus_lost,True
4583,36.65607258800037,0.008000707000064722,False,,,,focus_lost,True
4584,36.66407197400031,0.007999385999937658,False,,,,focus_lost,True
4585,36.6720700650003,0.007998090999990382,False,,,,focus_lost,True
4586,36.680070572000204,0.008000506999906065,False,,,,focus_lost,True
4587,36.68807093400028,0.008000362000075256,False,,,,focus_lost,True
4588,36.69606608600043,0.007995152000148664,False,,,,focus_lost,True
4589,36.70406317700008,0.007997090999651846,False,,,,focus_lost,True
4590,36.71206417700023,0.00800100000014936,False,,,,focus_lost,True
4591,36.72007007400043,0.008005897000202822,False,,,,focus_lost,True
4592,36.72806352700036,0.007993452999926376,False,,,,focus_lost,True
4593,36.736066311000286,0.008002783999927487,False,,,,focus_lost,True
4594,36.744064768000044,0.007998456999757764,False,,,,focus_lost,True
4595,36.7520651320001,0.008000364000054105,False,,,,focus_lost,True
